Added Component: Designator=B1(SOP65P640X120-21N)
Add component (AddParameter): Name = "Datasheet Link"; Value = "https://www.analog.com/media/en/technical-documentation/data-sheets/8471fd.pdf"; VariantName = "[No Variations]"
Add component (AddParameter): Name = "Geometry.Height"; Value = "1.2mm"; VariantName = "[No Variations]"
Add component (AddParameter): Name = "Manufacturer_Name"; Value = "Analog Devices"; VariantName = "[No Variations]"
Add component (AddParameter): Name = "Manufacturer_Part_Number"; Value = "LT8471IFE#PBF"; VariantName = "[No Variations]"
Add component (AddParameter): Name = "Mouser Part Number"; Value = "584-LT8471IFE#PBF"; VariantName = "[No Variations]"
Add component (AddParameter): Name = "Mouser Price/Stock"; Value = "https://www.mouser.co.uk/ProductDetail/Analog-Devices/LT8471IFEPBF?qs=hVkxg5c3xu%2FiDctk9AXMtQ%3D%3D"; VariantName = "[No Variations]"
Added Component: Designator=B2(SOP65P640X120-21N)
Add component (AddParameter): Name = "Datasheet Link"; Value = "https://www.analog.com/media/en/technical-documentation/data-sheets/8471fd.pdf"; VariantName = "[No Variations]"
Add component (AddParameter): Name = "Geometry.Height"; Value = "1.2mm"; VariantName = "[No Variations]"
Add component (AddParameter): Name = "Manufacturer_Name"; Value = "Analog Devices"; VariantName = "[No Variations]"
Add component (AddParameter): Name = "Manufacturer_Part_Number"; Value = "LT8471IFE#PBF"; VariantName = "[No Variations]"
Add component (AddParameter): Name = "Mouser Part Number"; Value = "584-LT8471IFE#PBF"; VariantName = "[No Variations]"
Add component (AddParameter): Name = "Mouser Price/Stock"; Value = "https://www.mouser.co.uk/ProductDetail/Analog-Devices/LT8471IFEPBF?qs=hVkxg5c3xu%2FiDctk9AXMtQ%3D%3D"; VariantName = "[No Variations]"
Added Component: Designator=C1(MBASx31x)
Add component (AddParameter): Name = "Arrow Part Number"; Value = ""; VariantName = "[No Variations]"
Add component (AddParameter): Name = "Arrow Price/Stock"; Value = ""; VariantName = "[No Variations]"
Add component (AddParameter): Name = "Datasheet Link"; Value = "https://ds.yuden.co.jp/TYCOMPAS/or/detail?pn=MBASU31LSB7225KTNA01"; VariantName = "[No Variations]"
Add component (AddParameter): Name = "Height"; Value = "1.6mm"; VariantName = "[No Variations]"
Add component (AddParameter): Name = "Manufacturer_Name"; Value = "TAIYO YUDEN"; VariantName = "[No Variations]"
Add component (AddParameter): Name = "Manufacturer_Part_Number"; Value = "MBASU31LSB7225KTNA01"; VariantName = "[No Variations]"
Add component (AddParameter): Name = "Mouser Part Number"; Value = ""; VariantName = "[No Variations]"
Add component (AddParameter): Name = "Mouser Price/Stock"; Value = ""; VariantName = "[No Variations]"
Added Component: Designator=C2(MBASx31x)
Add component (AddParameter): Name = "Arrow Part Number"; Value = ""; VariantName = "[No Variations]"
Add component (AddParameter): Name = "Arrow Price/Stock"; Value = ""; VariantName = "[No Variations]"
Add component (AddParameter): Name = "Datasheet Link"; Value = "https://ds.yuden.co.jp/TYCOMPAS/or/detail?pn=MBASU31LSB7225KTNA01"; VariantName = "[No Variations]"
Add component (AddParameter): Name = "Height"; Value = "1.6mm"; VariantName = "[No Variations]"
Add component (AddParameter): Name = "Manufacturer_Name"; Value = "TAIYO YUDEN"; VariantName = "[No Variations]"
Add component (AddParameter): Name = "Manufacturer_Part_Number"; Value = "MBASU31LSB7225KTNA01"; VariantName = "[No Variations]"
Add component (AddParameter): Name = "Mouser Part Number"; Value = ""; VariantName = "[No Variations]"
Add component (AddParameter): Name = "Mouser Price/Stock"; Value = ""; VariantName = "[No Variations]"
Added Component: Designator=C3(MBASx31x)
Add component (AddParameter): Name = "Arrow Part Number"; Value = ""; VariantName = "[No Variations]"
Add component (AddParameter): Name = "Arrow Price/Stock"; Value = ""; VariantName = "[No Variations]"
Add component (AddParameter): Name = "Datasheet Link"; Value = "https://ds.yuden.co.jp/TYCOMPAS/or/detail?pn=MBASU31LSB7225KTNA01"; VariantName = "[No Variations]"
Add component (AddParameter): Name = "Height"; Value = "1.6mm"; VariantName = "[No Variations]"
Add component (AddParameter): Name = "Manufacturer_Name"; Value = "TAIYO YUDEN"; VariantName = "[No Variations]"
Add component (AddParameter): Name = "Manufacturer_Part_Number"; Value = "MBASU31LSB7225KTNA01"; VariantName = "[No Variations]"
Add component (AddParameter): Name = "Mouser Part Number"; Value = ""; VariantName = "[No Variations]"
Add component (AddParameter): Name = "Mouser Price/Stock"; Value = ""; VariantName = "[No Variations]"
Added Component: Designator=C4(FP-FK-D-MFG)
Add component (AddParameter): Name = "Automotive"; Value = "Yes"; VariantName = "[No Variations]"
Add component (AddParameter): Name = "Automotive Grade"; Value = "Grade 2"; VariantName = "[No Variations]"
Add component (AddParameter): Name = "Capacitance"; Value = "47uF"; VariantName = "[No Variations]"
Add component (AddParameter): Name = "Category"; Value = "Cap"; VariantName = "[No Variations]"
Add component (AddParameter): Name = "ComponentLink2Description"; Value = "Datasheet"; VariantName = "[No Variations]"
Add component (AddParameter): Name = "ComponentLink2URL"; Value = "https://industrial.panasonic.com/cdbs/www-data/pdf/RDE0000/ABA0000C1181.pdf"; VariantName = "[No Variations]"
Add component (AddParameter): Name = "Device Class L1"; Value = "Passive Components"; VariantName = "[No Variations]"
Add component (AddParameter): Name = "Device Class L2"; Value = "Capacitors"; VariantName = "[No Variations]"
Add component (AddParameter): Name = "Device Class L3"; Value = "Aluminum Electrolytic Capacitors"; VariantName = "[No Variations]"
Add component (AddParameter): Name = "Digikey Description"; Value = "CAP ALUM 47UF 20% 35V SMD"; VariantName = "[No Variations]"
Add component (AddParameter): Name = "Dissipation Factor"; Value = "12%"; VariantName = "[No Variations]"
Add component (AddParameter): Name = "Esr"; Value = "0.36O"; VariantName = "[No Variations]"
Add component (AddParameter): Name = "Height"; Value = "6.1mm"; VariantName = "[No Variations]"
Add component (AddParameter): Name = "Lead Free"; Value = "Yes"; VariantName = "[No Variations]"
Add component (AddParameter): Name = "Leakage Current"; Value = "16.45uA"; VariantName = "[No Variations]"
Add component (AddParameter): Name = "Life"; Value = "2000Hours"; VariantName = "[No Variations]"
Add component (AddParameter): Name = "Manufacturer"; Value = "Panasonic"; VariantName = "[No Variations]"
Add component (AddParameter): Name = "Manufacturer Part Number"; Value = "EEE-FK1V470P"; VariantName = "[No Variations]"
Add component (AddParameter): Name = "Material"; Value = "Aluminum"; VariantName = "[No Variations]"
Add component (AddParameter): Name = "Mouser Description"; Value = "Capacitor Aluminum Electrolytic 47uF 35 Volt 20% (6.3 X 5.8mm) Surface Mount 240mA 2000h 105C Automotive"; VariantName = "[No Variations]"
Add component (AddParameter): Name = "Octopart"; Value = "https://octopart.com/eeefk1v470p-panasonic-4642848"; VariantName = "[No Variations]"
Add component (AddParameter): Name = "Package"; Value = "FK-D"; VariantName = "[No Variations]"
Add component (AddParameter): Name = "Ripple Current"; Value = "240mA"; VariantName = "[No Variations]"
Add component (AddParameter): Name = "RoHS"; Value = "TRUE"; VariantName = "[No Variations]"
Add component (AddParameter): Name = "Temperature"; Value = "-55°C to +105°C"; VariantName = "[No Variations]"
Add component (AddParameter): Name = "Temperature Range High"; Value = "+105°C"; VariantName = "[No Variations]"
Add component (AddParameter): Name = "Temperature Range Low"; Value = "-55°C"; VariantName = "[No Variations]"
Add component (AddParameter): Name = "Tolerance"; Value = "20%"; VariantName = "[No Variations]"
Add component (AddParameter): Name = "Value"; Value = "47uF"; VariantName = "[No Variations]"
Add component (AddParameter): Name = "Voltage Rating"; Value = "35V"; VariantName = "[No Variations]"
Added Component: Designator=C5(FP-CC1206-1_25-MFG)
Add component (AddParameter): Name = "Automotive"; Value = "No"; VariantName = "[No Variations]"
Add component (AddParameter): Name = "Automotive Grade"; Value = "NA"; VariantName = "[No Variations]"
Add component (AddParameter): Name = "Capacitance"; Value = "1 uF"; VariantName = "[No Variations]"
Add component (AddParameter): Name = "Category"; Value = "Cap"; VariantName = "[No Variations]"
Add component (AddParameter): Name = "ComponentLink2Description"; Value = "Datasheet"; VariantName = "[No Variations]"
Add component (AddParameter): Name = "ComponentLink2URL"; Value = "http://www.yageo.com/documents/recent/UPY-NP0X7R_HV_1KV-to-3KV_11.pdf"; VariantName = "[No Variations]"
Add component (AddParameter): Name = "Device Class L1"; Value = "Passive Components"; VariantName = "[No Variations]"
Add component (AddParameter): Name = "Device Class L2"; Value = "Capacitors"; VariantName = "[No Variations]"
Add component (AddParameter): Name = "Device Class L3"; Value = "Ceramic Capacitors"; VariantName = "[No Variations]"
Add component (AddParameter): Name = "Digikey Description"; Value = "CAP CER 1UF 10V X7R 1206"; VariantName = "[No Variations]"
Add component (AddParameter): Name = "Footprint Url"; Value = "http://www.yageo.com/exep/pages/download/literatures/UPY-C_GEN_24.pdf"; VariantName = "[No Variations]"
Add component (AddParameter): Name = "Height"; Value = "1.45mm"; VariantName = "[No Variations]"
Add component (AddParameter): Name = "Lead Free"; Value = "Yes"; VariantName = "[No Variations]"
Add component (AddParameter): Name = "Manufacturer"; Value = "Yageo"; VariantName = "[No Variations]"
Add component (AddParameter): Name = "Manufacturer Part Number"; Value = "CC1206KKX7R6BB105"; VariantName = "[No Variations]"
Add component (AddParameter): Name = "Material"; Value = "Ceramic"; VariantName = "[No Variations]"
Add component (AddParameter): Name = "Mouser Description"; Value = "Multilayer Ceramic Capacitors MLCC - SMD/SMT 1.0uF 10V X7R 10%"; VariantName = "[No Variations]"
Add component (AddParameter): Name = "Octopart"; Value = "https://octopart.com/cc1206kkx7r6bb105-yageo-21769912"; VariantName = "[No Variations]"
Add component (AddParameter): Name = "Package"; Value = "CC1206-1.25"; VariantName = "[No Variations]"
Add component (AddParameter): Name = "RoHS"; Value = "TRUE"; VariantName = "[No Variations]"
Add component (AddParameter): Name = "Temperature"; Value = "-55°C to +125°C"; VariantName = "[No Variations]"
Add component (AddParameter): Name = "Temperature Characteristic"; Value = "X7R"; VariantName = "[No Variations]"
Add component (AddParameter): Name = "Temperature Coefficient"; Value = "15%"; VariantName = "[No Variations]"
Add component (AddParameter): Name = "Temperature Range High"; Value = "+125°C"; VariantName = "[No Variations]"
Add component (AddParameter): Name = "Temperature Range Low"; Value = "-55°C"; VariantName = "[No Variations]"
Add component (AddParameter): Name = "Tolerance"; Value = "0.1"; VariantName = "[No Variations]"
Add component (AddParameter): Name = "Value"; Value = "1 uF"; VariantName = "[No Variations]"
Add component (AddParameter): Name = "Voltage Rating"; Value = "10 V"; VariantName = "[No Variations]"
Added Component: Designator=C6(FP-CC1206-1_25-MFG)
Add component (AddParameter): Name = "Automotive"; Value = "No"; VariantName = "[No Variations]"
Add component (AddParameter): Name = "Automotive Grade"; Value = "NA"; VariantName = "[No Variations]"
Add component (AddParameter): Name = "Capacitance"; Value = "1 uF"; VariantName = "[No Variations]"
Add component (AddParameter): Name = "Category"; Value = "Cap"; VariantName = "[No Variations]"
Add component (AddParameter): Name = "ComponentLink2Description"; Value = "Datasheet"; VariantName = "[No Variations]"
Add component (AddParameter): Name = "ComponentLink2URL"; Value = "http://www.yageo.com/documents/recent/UPY-NP0X7R_HV_1KV-to-3KV_11.pdf"; VariantName = "[No Variations]"
Add component (AddParameter): Name = "Device Class L1"; Value = "Passive Components"; VariantName = "[No Variations]"
Add component (AddParameter): Name = "Device Class L2"; Value = "Capacitors"; VariantName = "[No Variations]"
Add component (AddParameter): Name = "Device Class L3"; Value = "Ceramic Capacitors"; VariantName = "[No Variations]"
Add component (AddParameter): Name = "Digikey Description"; Value = "CAP CER 1UF 10V X7R 1206"; VariantName = "[No Variations]"
Add component (AddParameter): Name = "Footprint Url"; Value = "http://www.yageo.com/exep/pages/download/literatures/UPY-C_GEN_24.pdf"; VariantName = "[No Variations]"
Add component (AddParameter): Name = "Height"; Value = "1.45mm"; VariantName = "[No Variations]"
Add component (AddParameter): Name = "Lead Free"; Value = "Yes"; VariantName = "[No Variations]"
Add component (AddParameter): Name = "Manufacturer"; Value = "Yageo"; VariantName = "[No Variations]"
Add component (AddParameter): Name = "Manufacturer Part Number"; Value = "CC1206KKX7R6BB105"; VariantName = "[No Variations]"
Add component (AddParameter): Name = "Material"; Value = "Ceramic"; VariantName = "[No Variations]"
Add component (AddParameter): Name = "Mouser Description"; Value = "Multilayer Ceramic Capacitors MLCC - SMD/SMT 1.0uF 10V X7R 10%"; VariantName = "[No Variations]"
Add component (AddParameter): Name = "Octopart"; Value = "https://octopart.com/cc1206kkx7r6bb105-yageo-21769912"; VariantName = "[No Variations]"
Add component (AddParameter): Name = "Package"; Value = "CC1206-1.25"; VariantName = "[No Variations]"
Add component (AddParameter): Name = "RoHS"; Value = "TRUE"; VariantName = "[No Variations]"
Add component (AddParameter): Name = "Temperature"; Value = "-55°C to +125°C"; VariantName = "[No Variations]"
Add component (AddParameter): Name = "Temperature Characteristic"; Value = "X7R"; VariantName = "[No Variations]"
Add component (AddParameter): Name = "Temperature Coefficient"; Value = "15%"; VariantName = "[No Variations]"
Add component (AddParameter): Name = "Temperature Range High"; Value = "+125°C"; VariantName = "[No Variations]"
Add component (AddParameter): Name = "Temperature Range Low"; Value = "-55°C"; VariantName = "[No Variations]"
Add component (AddParameter): Name = "Tolerance"; Value = "0.1"; VariantName = "[No Variations]"
Add component (AddParameter): Name = "Value"; Value = "1 uF"; VariantName = "[No Variations]"
Add component (AddParameter): Name = "Voltage Rating"; Value = "10 V"; VariantName = "[No Variations]"
Added Component: Designator=C7(FP-CC1206-1_25-MFG)
Add component (AddParameter): Name = "Automotive"; Value = "No"; VariantName = "[No Variations]"
Add component (AddParameter): Name = "Automotive Grade"; Value = "NA"; VariantName = "[No Variations]"
Add component (AddParameter): Name = "Capacitance"; Value = "1 uF"; VariantName = "[No Variations]"
Add component (AddParameter): Name = "Category"; Value = "Cap"; VariantName = "[No Variations]"
Add component (AddParameter): Name = "ComponentLink2Description"; Value = "Datasheet"; VariantName = "[No Variations]"
Add component (AddParameter): Name = "ComponentLink2URL"; Value = "http://www.yageo.com/documents/recent/UPY-NP0X7R_HV_1KV-to-3KV_11.pdf"; VariantName = "[No Variations]"
Add component (AddParameter): Name = "Device Class L1"; Value = "Passive Components"; VariantName = "[No Variations]"
Add component (AddParameter): Name = "Device Class L2"; Value = "Capacitors"; VariantName = "[No Variations]"
Add component (AddParameter): Name = "Device Class L3"; Value = "Ceramic Capacitors"; VariantName = "[No Variations]"
Add component (AddParameter): Name = "Digikey Description"; Value = "CAP CER 1UF 10V X7R 1206"; VariantName = "[No Variations]"
Add component (AddParameter): Name = "Footprint Url"; Value = "http://www.yageo.com/exep/pages/download/literatures/UPY-C_GEN_24.pdf"; VariantName = "[No Variations]"
Add component (AddParameter): Name = "Height"; Value = "1.45mm"; VariantName = "[No Variations]"
Add component (AddParameter): Name = "Lead Free"; Value = "Yes"; VariantName = "[No Variations]"
Add component (AddParameter): Name = "Manufacturer"; Value = "Yageo"; VariantName = "[No Variations]"
Add component (AddParameter): Name = "Manufacturer Part Number"; Value = "CC1206KKX7R6BB105"; VariantName = "[No Variations]"
Add component (AddParameter): Name = "Material"; Value = "Ceramic"; VariantName = "[No Variations]"
Add component (AddParameter): Name = "Mouser Description"; Value = "Multilayer Ceramic Capacitors MLCC - SMD/SMT 1.0uF 10V X7R 10%"; VariantName = "[No Variations]"
Add component (AddParameter): Name = "Octopart"; Value = "https://octopart.com/cc1206kkx7r6bb105-yageo-21769912"; VariantName = "[No Variations]"
Add component (AddParameter): Name = "Package"; Value = "CC1206-1.25"; VariantName = "[No Variations]"
Add component (AddParameter): Name = "RoHS"; Value = "TRUE"; VariantName = "[No Variations]"
Add component (AddParameter): Name = "Temperature"; Value = "-55°C to +125°C"; VariantName = "[No Variations]"
Add component (AddParameter): Name = "Temperature Characteristic"; Value = "X7R"; VariantName = "[No Variations]"
Add component (AddParameter): Name = "Temperature Coefficient"; Value = "15%"; VariantName = "[No Variations]"
Add component (AddParameter): Name = "Temperature Range High"; Value = "+125°C"; VariantName = "[No Variations]"
Add component (AddParameter): Name = "Temperature Range Low"; Value = "-55°C"; VariantName = "[No Variations]"
Add component (AddParameter): Name = "Tolerance"; Value = "0.1"; VariantName = "[No Variations]"
Add component (AddParameter): Name = "Value"; Value = "1 uF"; VariantName = "[No Variations]"
Add component (AddParameter): Name = "Voltage Rating"; Value = "10 V"; VariantName = "[No Variations]"
Added Component: Designator=C8(FP-CC1206-1_25-MFG)
Add component (AddParameter): Name = "Automotive"; Value = "No"; VariantName = "[No Variations]"
Add component (AddParameter): Name = "Automotive Grade"; Value = "NA"; VariantName = "[No Variations]"
Add component (AddParameter): Name = "Capacitance"; Value = "1 uF"; VariantName = "[No Variations]"
Add component (AddParameter): Name = "Category"; Value = "Cap"; VariantName = "[No Variations]"
Add component (AddParameter): Name = "ComponentLink2Description"; Value = "Datasheet"; VariantName = "[No Variations]"
Add component (AddParameter): Name = "ComponentLink2URL"; Value = "http://www.yageo.com/documents/recent/UPY-NP0X7R_HV_1KV-to-3KV_11.pdf"; VariantName = "[No Variations]"
Add component (AddParameter): Name = "Device Class L1"; Value = "Passive Components"; VariantName = "[No Variations]"
Add component (AddParameter): Name = "Device Class L2"; Value = "Capacitors"; VariantName = "[No Variations]"
Add component (AddParameter): Name = "Device Class L3"; Value = "Ceramic Capacitors"; VariantName = "[No Variations]"
Add component (AddParameter): Name = "Digikey Description"; Value = "CAP CER 1UF 10V X7R 1206"; VariantName = "[No Variations]"
Add component (AddParameter): Name = "Footprint Url"; Value = "http://www.yageo.com/exep/pages/download/literatures/UPY-C_GEN_24.pdf"; VariantName = "[No Variations]"
Add component (AddParameter): Name = "Height"; Value = "1.45mm"; VariantName = "[No Variations]"
Add component (AddParameter): Name = "Lead Free"; Value = "Yes"; VariantName = "[No Variations]"
Add component (AddParameter): Name = "Manufacturer"; Value = "Yageo"; VariantName = "[No Variations]"
Add component (AddParameter): Name = "Manufacturer Part Number"; Value = "CC1206KKX7R6BB105"; VariantName = "[No Variations]"
Add component (AddParameter): Name = "Material"; Value = "Ceramic"; VariantName = "[No Variations]"
Add component (AddParameter): Name = "Mouser Description"; Value = "Multilayer Ceramic Capacitors MLCC - SMD/SMT 1.0uF 10V X7R 10%"; VariantName = "[No Variations]"
Add component (AddParameter): Name = "Octopart"; Value = "https://octopart.com/cc1206kkx7r6bb105-yageo-21769912"; VariantName = "[No Variations]"
Add component (AddParameter): Name = "Package"; Value = "CC1206-1.25"; VariantName = "[No Variations]"
Add component (AddParameter): Name = "RoHS"; Value = "TRUE"; VariantName = "[No Variations]"
Add component (AddParameter): Name = "Temperature"; Value = "-55°C to +125°C"; VariantName = "[No Variations]"
Add component (AddParameter): Name = "Temperature Characteristic"; Value = "X7R"; VariantName = "[No Variations]"
Add component (AddParameter): Name = "Temperature Coefficient"; Value = "15%"; VariantName = "[No Variations]"
Add component (AddParameter): Name = "Temperature Range High"; Value = "+125°C"; VariantName = "[No Variations]"
Add component (AddParameter): Name = "Temperature Range Low"; Value = "-55°C"; VariantName = "[No Variations]"
Add component (AddParameter): Name = "Tolerance"; Value = "0.1"; VariantName = "[No Variations]"
Add component (AddParameter): Name = "Value"; Value = "1 uF"; VariantName = "[No Variations]"
Add component (AddParameter): Name = "Voltage Rating"; Value = "10 V"; VariantName = "[No Variations]"
Added Component: Designator=C9(FP-CC1206-1_25-MFG)
Add component (AddParameter): Name = "Automotive"; Value = "No"; VariantName = "[No Variations]"
Add component (AddParameter): Name = "Automotive Grade"; Value = "NA"; VariantName = "[No Variations]"
Add component (AddParameter): Name = "Capacitance"; Value = "1 uF"; VariantName = "[No Variations]"
Add component (AddParameter): Name = "Category"; Value = "Cap"; VariantName = "[No Variations]"
Add component (AddParameter): Name = "ComponentLink2Description"; Value = "Datasheet"; VariantName = "[No Variations]"
Add component (AddParameter): Name = "ComponentLink2URL"; Value = "http://www.yageo.com/documents/recent/UPY-NP0X7R_HV_1KV-to-3KV_11.pdf"; VariantName = "[No Variations]"
Add component (AddParameter): Name = "Device Class L1"; Value = "Passive Components"; VariantName = "[No Variations]"
Add component (AddParameter): Name = "Device Class L2"; Value = "Capacitors"; VariantName = "[No Variations]"
Add component (AddParameter): Name = "Device Class L3"; Value = "Ceramic Capacitors"; VariantName = "[No Variations]"
Add component (AddParameter): Name = "Digikey Description"; Value = "CAP CER 1UF 10V X7R 1206"; VariantName = "[No Variations]"
Add component (AddParameter): Name = "Footprint Url"; Value = "http://www.yageo.com/exep/pages/download/literatures/UPY-C_GEN_24.pdf"; VariantName = "[No Variations]"
Add component (AddParameter): Name = "Height"; Value = "1.45mm"; VariantName = "[No Variations]"
Add component (AddParameter): Name = "Lead Free"; Value = "Yes"; VariantName = "[No Variations]"
Add component (AddParameter): Name = "Manufacturer"; Value = "Yageo"; VariantName = "[No Variations]"
Add component (AddParameter): Name = "Manufacturer Part Number"; Value = "CC1206KKX7R6BB105"; VariantName = "[No Variations]"
Add component (AddParameter): Name = "Material"; Value = "Ceramic"; VariantName = "[No Variations]"
Add component (AddParameter): Name = "Mouser Description"; Value = "Multilayer Ceramic Capacitors MLCC - SMD/SMT 1.0uF 10V X7R 10%"; VariantName = "[No Variations]"
Add component (AddParameter): Name = "Octopart"; Value = "https://octopart.com/cc1206kkx7r6bb105-yageo-21769912"; VariantName = "[No Variations]"
Add component (AddParameter): Name = "Package"; Value = "CC1206-1.25"; VariantName = "[No Variations]"
Add component (AddParameter): Name = "RoHS"; Value = "TRUE"; VariantName = "[No Variations]"
Add component (AddParameter): Name = "Temperature"; Value = "-55°C to +125°C"; VariantName = "[No Variations]"
Add component (AddParameter): Name = "Temperature Characteristic"; Value = "X7R"; VariantName = "[No Variations]"
Add component (AddParameter): Name = "Temperature Coefficient"; Value = "15%"; VariantName = "[No Variations]"
Add component (AddParameter): Name = "Temperature Range High"; Value = "+125°C"; VariantName = "[No Variations]"
Add component (AddParameter): Name = "Temperature Range Low"; Value = "-55°C"; VariantName = "[No Variations]"
Add component (AddParameter): Name = "Tolerance"; Value = "0.1"; VariantName = "[No Variations]"
Add component (AddParameter): Name = "Value"; Value = "1 uF"; VariantName = "[No Variations]"
Add component (AddParameter): Name = "Voltage Rating"; Value = "10 V"; VariantName = "[No Variations]"
Added Component: Designator=C10(FP-FK-D-MFG)
Add component (AddParameter): Name = "Automotive"; Value = "Yes"; VariantName = "[No Variations]"
Add component (AddParameter): Name = "Automotive Grade"; Value = "Grade 2"; VariantName = "[No Variations]"
Add component (AddParameter): Name = "Capacitance"; Value = "47uF"; VariantName = "[No Variations]"
Add component (AddParameter): Name = "Category"; Value = "Cap"; VariantName = "[No Variations]"
Add component (AddParameter): Name = "ComponentLink2Description"; Value = "Datasheet"; VariantName = "[No Variations]"
Add component (AddParameter): Name = "ComponentLink2URL"; Value = "https://industrial.panasonic.com/cdbs/www-data/pdf/RDE0000/ABA0000C1181.pdf"; VariantName = "[No Variations]"
Add component (AddParameter): Name = "Device Class L1"; Value = "Passive Components"; VariantName = "[No Variations]"
Add component (AddParameter): Name = "Device Class L2"; Value = "Capacitors"; VariantName = "[No Variations]"
Add component (AddParameter): Name = "Device Class L3"; Value = "Aluminum Electrolytic Capacitors"; VariantName = "[No Variations]"
Add component (AddParameter): Name = "Digikey Description"; Value = "CAP ALUM 47UF 20% 35V SMD"; VariantName = "[No Variations]"
Add component (AddParameter): Name = "Dissipation Factor"; Value = "12%"; VariantName = "[No Variations]"
Add component (AddParameter): Name = "Esr"; Value = "0.36O"; VariantName = "[No Variations]"
Add component (AddParameter): Name = "Height"; Value = "6.1mm"; VariantName = "[No Variations]"
Add component (AddParameter): Name = "Lead Free"; Value = "Yes"; VariantName = "[No Variations]"
Add component (AddParameter): Name = "Leakage Current"; Value = "16.45uA"; VariantName = "[No Variations]"
Add component (AddParameter): Name = "Life"; Value = "2000Hours"; VariantName = "[No Variations]"
Add component (AddParameter): Name = "Manufacturer"; Value = "Panasonic"; VariantName = "[No Variations]"
Add component (AddParameter): Name = "Manufacturer Part Number"; Value = "EEE-FK1V470P"; VariantName = "[No Variations]"
Add component (AddParameter): Name = "Material"; Value = "Aluminum"; VariantName = "[No Variations]"
Add component (AddParameter): Name = "Mouser Description"; Value = "Capacitor Aluminum Electrolytic 47uF 35 Volt 20% (6.3 X 5.8mm) Surface Mount 240mA 2000h 105C Automotive"; VariantName = "[No Variations]"
Add component (AddParameter): Name = "Octopart"; Value = "https://octopart.com/eeefk1v470p-panasonic-4642848"; VariantName = "[No Variations]"
Add component (AddParameter): Name = "Package"; Value = "FK-D"; VariantName = "[No Variations]"
Add component (AddParameter): Name = "Ripple Current"; Value = "240mA"; VariantName = "[No Variations]"
Add component (AddParameter): Name = "RoHS"; Value = "TRUE"; VariantName = "[No Variations]"
Add component (AddParameter): Name = "Temperature"; Value = "-55°C to +105°C"; VariantName = "[No Variations]"
Add component (AddParameter): Name = "Temperature Range High"; Value = "+105°C"; VariantName = "[No Variations]"
Add component (AddParameter): Name = "Temperature Range Low"; Value = "-55°C"; VariantName = "[No Variations]"
Add component (AddParameter): Name = "Tolerance"; Value = "20%"; VariantName = "[No Variations]"
Add component (AddParameter): Name = "Value"; Value = "47uF"; VariantName = "[No Variations]"
Add component (AddParameter): Name = "Voltage Rating"; Value = "35V"; VariantName = "[No Variations]"
Added Component: Designator=C11(FP-FK-D-MFG)
Add component (AddParameter): Name = "Automotive"; Value = "Yes"; VariantName = "[No Variations]"
Add component (AddParameter): Name = "Automotive Grade"; Value = "Grade 2"; VariantName = "[No Variations]"
Add component (AddParameter): Name = "Capacitance"; Value = "47uF"; VariantName = "[No Variations]"
Add component (AddParameter): Name = "Category"; Value = "Cap"; VariantName = "[No Variations]"
Add component (AddParameter): Name = "ComponentLink2Description"; Value = "Datasheet"; VariantName = "[No Variations]"
Add component (AddParameter): Name = "ComponentLink2URL"; Value = "https://industrial.panasonic.com/cdbs/www-data/pdf/RDE0000/ABA0000C1181.pdf"; VariantName = "[No Variations]"
Add component (AddParameter): Name = "Device Class L1"; Value = "Passive Components"; VariantName = "[No Variations]"
Add component (AddParameter): Name = "Device Class L2"; Value = "Capacitors"; VariantName = "[No Variations]"
Add component (AddParameter): Name = "Device Class L3"; Value = "Aluminum Electrolytic Capacitors"; VariantName = "[No Variations]"
Add component (AddParameter): Name = "Digikey Description"; Value = "CAP ALUM 47UF 20% 35V SMD"; VariantName = "[No Variations]"
Add component (AddParameter): Name = "Dissipation Factor"; Value = "12%"; VariantName = "[No Variations]"
Add component (AddParameter): Name = "Esr"; Value = "0.36O"; VariantName = "[No Variations]"
Add component (AddParameter): Name = "Height"; Value = "6.1mm"; VariantName = "[No Variations]"
Add component (AddParameter): Name = "Lead Free"; Value = "Yes"; VariantName = "[No Variations]"
Add component (AddParameter): Name = "Leakage Current"; Value = "16.45uA"; VariantName = "[No Variations]"
Add component (AddParameter): Name = "Life"; Value = "2000Hours"; VariantName = "[No Variations]"
Add component (AddParameter): Name = "Manufacturer"; Value = "Panasonic"; VariantName = "[No Variations]"
Add component (AddParameter): Name = "Manufacturer Part Number"; Value = "EEE-FK1V470P"; VariantName = "[No Variations]"
Add component (AddParameter): Name = "Material"; Value = "Aluminum"; VariantName = "[No Variations]"
Add component (AddParameter): Name = "Mouser Description"; Value = "Capacitor Aluminum Electrolytic 47uF 35 Volt 20% (6.3 X 5.8mm) Surface Mount 240mA 2000h 105C Automotive"; VariantName = "[No Variations]"
Add component (AddParameter): Name = "Octopart"; Value = "https://octopart.com/eeefk1v470p-panasonic-4642848"; VariantName = "[No Variations]"
Add component (AddParameter): Name = "Package"; Value = "FK-D"; VariantName = "[No Variations]"
Add component (AddParameter): Name = "Ripple Current"; Value = "240mA"; VariantName = "[No Variations]"
Add component (AddParameter): Name = "RoHS"; Value = "TRUE"; VariantName = "[No Variations]"
Add component (AddParameter): Name = "Temperature"; Value = "-55°C to +105°C"; VariantName = "[No Variations]"
Add component (AddParameter): Name = "Temperature Range High"; Value = "+105°C"; VariantName = "[No Variations]"
Add component (AddParameter): Name = "Temperature Range Low"; Value = "-55°C"; VariantName = "[No Variations]"
Add component (AddParameter): Name = "Tolerance"; Value = "20%"; VariantName = "[No Variations]"
Add component (AddParameter): Name = "Value"; Value = "47uF"; VariantName = "[No Variations]"
Add component (AddParameter): Name = "Voltage Rating"; Value = "35V"; VariantName = "[No Variations]"
Added Component: Designator=C12(FP-C1206C-EB-MFG)
Add component (AddParameter): Name = "Automotive"; Value = "Yes"; VariantName = "[No Variations]"
Add component (AddParameter): Name = "Automotive Grade"; Value = "Grade 0"; VariantName = "[No Variations]"
Add component (AddParameter): Name = "Capacitance"; Value = "0.10 µF"; VariantName = "[No Variations]"
Add component (AddParameter): Name = "Category"; Value = "Cap"; VariantName = "[No Variations]"
Add component (AddParameter): Name = "ComponentLink2Description"; Value = "Datasheet"; VariantName = "[No Variations]"
Add component (AddParameter): Name = "ComponentLink2URL"; Value = "https://content.kemet.com/datasheets/KEM_C1007_X8R_ULTRA_150C_SMD.pdf"; VariantName = "[No Variations]"
Add component (AddParameter): Name = "Device Class L1"; Value = "Passive Components"; VariantName = "[No Variations]"
Add component (AddParameter): Name = "Device Class L2"; Value = "Capacitors"; VariantName = "[No Variations]"
Add component (AddParameter): Name = "Device Class L3"; Value = "Ceramic Capacitors"; VariantName = "[No Variations]"
Add component (AddParameter): Name = "Digikey Description"; Value = "CAP CER 0.1UF 50V X7R 1206"; VariantName = "[No Variations]"
Add component (AddParameter): Name = "Height"; Value = "0.88mm"; VariantName = "[No Variations]"
Add component (AddParameter): Name = "Ipc Land Pattern Name"; Value = "CAPC320160X78"; VariantName = "[No Variations]"
Add component (AddParameter): Name = "Lead Free"; Value = "Yes"; VariantName = "[No Variations]"
Add component (AddParameter): Name = "Manufacturer"; Value = "KEMET"; VariantName = "[No Variations]"
Add component (AddParameter): Name = "Manufacturer Part Number"; Value = "C1206C104K5RACAUTO"; VariantName = "[No Variations]"
Add component (AddParameter): Name = "Material"; Value = "Ceramic"; VariantName = "[No Variations]"
Add component (AddParameter): Name = "Mouser Description"; Value = "Multilayer Ceramic Capacitors MLCC - SMD/SMT 0.1uF 50volts 10% X7R AUTO"; VariantName = "[No Variations]"
Add component (AddParameter): Name = "Octopart"; Value = "https://octopart.com/c1206c104k5racauto-kemet-12595586"; VariantName = "[No Variations]"
Add component (AddParameter): Name = "Package"; Value = "C1206C-EB"; VariantName = "[No Variations]"
Add component (AddParameter): Name = "RoHS"; Value = "TRUE"; VariantName = "[No Variations]"
Add component (AddParameter): Name = "Temperature"; Value = "-55°C to +150°C"; VariantName = "[No Variations]"
Add component (AddParameter): Name = "Temperature Characteristic"; Value = "X7R"; VariantName = "[No Variations]"
Add component (AddParameter): Name = "Temperature Coefficient"; Value = "15%"; VariantName = "[No Variations]"
Add component (AddParameter): Name = "Temperature Range High"; Value = "+150°C"; VariantName = "[No Variations]"
Add component (AddParameter): Name = "Temperature Range Low"; Value = "-55°C"; VariantName = "[No Variations]"
Add component (AddParameter): Name = "Tolerance"; Value = "0.1"; VariantName = "[No Variations]"
Add component (AddParameter): Name = "Value"; Value = "0.10 µF"; VariantName = "[No Variations]"
Add component (AddParameter): Name = "Voltage Rating"; Value = "50 V"; VariantName = "[No Variations]"
Added Component: Designator=C13(FP-C1206C-EB-MFG)
Add component (AddParameter): Name = "Automotive"; Value = "Yes"; VariantName = "[No Variations]"
Add component (AddParameter): Name = "Automotive Grade"; Value = "Grade 0"; VariantName = "[No Variations]"
Add component (AddParameter): Name = "Capacitance"; Value = "0.10 µF"; VariantName = "[No Variations]"
Add component (AddParameter): Name = "Category"; Value = "Cap"; VariantName = "[No Variations]"
Add component (AddParameter): Name = "ComponentLink2Description"; Value = "Datasheet"; VariantName = "[No Variations]"
Add component (AddParameter): Name = "ComponentLink2URL"; Value = "https://content.kemet.com/datasheets/KEM_C1007_X8R_ULTRA_150C_SMD.pdf"; VariantName = "[No Variations]"
Add component (AddParameter): Name = "Device Class L1"; Value = "Passive Components"; VariantName = "[No Variations]"
Add component (AddParameter): Name = "Device Class L2"; Value = "Capacitors"; VariantName = "[No Variations]"
Add component (AddParameter): Name = "Device Class L3"; Value = "Ceramic Capacitors"; VariantName = "[No Variations]"
Add component (AddParameter): Name = "Digikey Description"; Value = "CAP CER 0.1UF 50V X7R 1206"; VariantName = "[No Variations]"
Add component (AddParameter): Name = "Height"; Value = "0.88mm"; VariantName = "[No Variations]"
Add component (AddParameter): Name = "Ipc Land Pattern Name"; Value = "CAPC320160X78"; VariantName = "[No Variations]"
Add component (AddParameter): Name = "Lead Free"; Value = "Yes"; VariantName = "[No Variations]"
Add component (AddParameter): Name = "Manufacturer"; Value = "KEMET"; VariantName = "[No Variations]"
Add component (AddParameter): Name = "Manufacturer Part Number"; Value = "C1206C104K5RACAUTO"; VariantName = "[No Variations]"
Add component (AddParameter): Name = "Material"; Value = "Ceramic"; VariantName = "[No Variations]"
Add component (AddParameter): Name = "Mouser Description"; Value = "Multilayer Ceramic Capacitors MLCC - SMD/SMT 0.1uF 50volts 10% X7R AUTO"; VariantName = "[No Variations]"
Add component (AddParameter): Name = "Octopart"; Value = "https://octopart.com/c1206c104k5racauto-kemet-12595586"; VariantName = "[No Variations]"
Add component (AddParameter): Name = "Package"; Value = "C1206C-EB"; VariantName = "[No Variations]"
Add component (AddParameter): Name = "RoHS"; Value = "TRUE"; VariantName = "[No Variations]"
Add component (AddParameter): Name = "Temperature"; Value = "-55°C to +150°C"; VariantName = "[No Variations]"
Add component (AddParameter): Name = "Temperature Characteristic"; Value = "X7R"; VariantName = "[No Variations]"
Add component (AddParameter): Name = "Temperature Coefficient"; Value = "15%"; VariantName = "[No Variations]"
Add component (AddParameter): Name = "Temperature Range High"; Value = "+150°C"; VariantName = "[No Variations]"
Add component (AddParameter): Name = "Temperature Range Low"; Value = "-55°C"; VariantName = "[No Variations]"
Add component (AddParameter): Name = "Tolerance"; Value = "0.1"; VariantName = "[No Variations]"
Add component (AddParameter): Name = "Value"; Value = "0.10 µF"; VariantName = "[No Variations]"
Add component (AddParameter): Name = "Voltage Rating"; Value = "50 V"; VariantName = "[No Variations]"
Added Component: Designator=C14(MBASx31x)
Add component (AddParameter): Name = "Arrow Part Number"; Value = ""; VariantName = "[No Variations]"
Add component (AddParameter): Name = "Arrow Price/Stock"; Value = ""; VariantName = "[No Variations]"
Add component (AddParameter): Name = "Datasheet Link"; Value = "https://ds.yuden.co.jp/TYCOMPAS/or/detail?pn=MBASU31LSB7225KTNA01"; VariantName = "[No Variations]"
Add component (AddParameter): Name = "Height"; Value = "1.6mm"; VariantName = "[No Variations]"
Add component (AddParameter): Name = "Manufacturer_Name"; Value = "TAIYO YUDEN"; VariantName = "[No Variations]"
Add component (AddParameter): Name = "Manufacturer_Part_Number"; Value = "MBASU31LSB7225KTNA01"; VariantName = "[No Variations]"
Add component (AddParameter): Name = "Mouser Part Number"; Value = ""; VariantName = "[No Variations]"
Add component (AddParameter): Name = "Mouser Price/Stock"; Value = ""; VariantName = "[No Variations]"
Added Component: Designator=C15(MBASx31x)
Add component (AddParameter): Name = "Arrow Part Number"; Value = ""; VariantName = "[No Variations]"
Add component (AddParameter): Name = "Arrow Price/Stock"; Value = ""; VariantName = "[No Variations]"
Add component (AddParameter): Name = "Datasheet Link"; Value = "https://ds.yuden.co.jp/TYCOMPAS/or/detail?pn=MBASU31LSB7225KTNA01"; VariantName = "[No Variations]"
Add component (AddParameter): Name = "Height"; Value = "1.6mm"; VariantName = "[No Variations]"
Add component (AddParameter): Name = "Manufacturer_Name"; Value = "TAIYO YUDEN"; VariantName = "[No Variations]"
Add component (AddParameter): Name = "Manufacturer_Part_Number"; Value = "MBASU31LSB7225KTNA01"; VariantName = "[No Variations]"
Add component (AddParameter): Name = "Mouser Part Number"; Value = ""; VariantName = "[No Variations]"
Add component (AddParameter): Name = "Mouser Price/Stock"; Value = ""; VariantName = "[No Variations]"
Added Component: Designator=C16(MBASx31x)
Add component (AddParameter): Name = "Arrow Part Number"; Value = ""; VariantName = "[No Variations]"
Add component (AddParameter): Name = "Arrow Price/Stock"; Value = ""; VariantName = "[No Variations]"
Add component (AddParameter): Name = "Datasheet Link"; Value = "https://ds.yuden.co.jp/TYCOMPAS/or/detail?pn=MBASU31LSB7225KTNA01"; VariantName = "[No Variations]"
Add component (AddParameter): Name = "Height"; Value = "1.6mm"; VariantName = "[No Variations]"
Add component (AddParameter): Name = "Manufacturer_Name"; Value = "TAIYO YUDEN"; VariantName = "[No Variations]"
Add component (AddParameter): Name = "Manufacturer_Part_Number"; Value = "MBASU31LSB7225KTNA01"; VariantName = "[No Variations]"
Add component (AddParameter): Name = "Mouser Part Number"; Value = ""; VariantName = "[No Variations]"
Add component (AddParameter): Name = "Mouser Price/Stock"; Value = ""; VariantName = "[No Variations]"
Added Component: Designator=C17(FP-FK-D-MFG)
Add component (AddParameter): Name = "Automotive"; Value = "Yes"; VariantName = "[No Variations]"
Add component (AddParameter): Name = "Automotive Grade"; Value = "Grade 2"; VariantName = "[No Variations]"
Add component (AddParameter): Name = "Capacitance"; Value = "47uF"; VariantName = "[No Variations]"
Add component (AddParameter): Name = "Category"; Value = "Cap"; VariantName = "[No Variations]"
Add component (AddParameter): Name = "ComponentLink2Description"; Value = "Datasheet"; VariantName = "[No Variations]"
Add component (AddParameter): Name = "ComponentLink2URL"; Value = "https://industrial.panasonic.com/cdbs/www-data/pdf/RDE0000/ABA0000C1181.pdf"; VariantName = "[No Variations]"
Add component (AddParameter): Name = "Device Class L1"; Value = "Passive Components"; VariantName = "[No Variations]"
Add component (AddParameter): Name = "Device Class L2"; Value = "Capacitors"; VariantName = "[No Variations]"
Add component (AddParameter): Name = "Device Class L3"; Value = "Aluminum Electrolytic Capacitors"; VariantName = "[No Variations]"
Add component (AddParameter): Name = "Digikey Description"; Value = "CAP ALUM 47UF 20% 35V SMD"; VariantName = "[No Variations]"
Add component (AddParameter): Name = "Dissipation Factor"; Value = "12%"; VariantName = "[No Variations]"
Add component (AddParameter): Name = "Esr"; Value = "0.36O"; VariantName = "[No Variations]"
Add component (AddParameter): Name = "Height"; Value = "6.1mm"; VariantName = "[No Variations]"
Add component (AddParameter): Name = "Lead Free"; Value = "Yes"; VariantName = "[No Variations]"
Add component (AddParameter): Name = "Leakage Current"; Value = "16.45uA"; VariantName = "[No Variations]"
Add component (AddParameter): Name = "Life"; Value = "2000Hours"; VariantName = "[No Variations]"
Add component (AddParameter): Name = "Manufacturer"; Value = "Panasonic"; VariantName = "[No Variations]"
Add component (AddParameter): Name = "Manufacturer Part Number"; Value = "EEE-FK1V470P"; VariantName = "[No Variations]"
Add component (AddParameter): Name = "Material"; Value = "Aluminum"; VariantName = "[No Variations]"
Add component (AddParameter): Name = "Mouser Description"; Value = "Capacitor Aluminum Electrolytic 47uF 35 Volt 20% (6.3 X 5.8mm) Surface Mount 240mA 2000h 105C Automotive"; VariantName = "[No Variations]"
Add component (AddParameter): Name = "Octopart"; Value = "https://octopart.com/eeefk1v470p-panasonic-4642848"; VariantName = "[No Variations]"
Add component (AddParameter): Name = "Package"; Value = "FK-D"; VariantName = "[No Variations]"
Add component (AddParameter): Name = "Ripple Current"; Value = "240mA"; VariantName = "[No Variations]"
Add component (AddParameter): Name = "RoHS"; Value = "TRUE"; VariantName = "[No Variations]"
Add component (AddParameter): Name = "Temperature"; Value = "-55°C to +105°C"; VariantName = "[No Variations]"
Add component (AddParameter): Name = "Temperature Range High"; Value = "+105°C"; VariantName = "[No Variations]"
Add component (AddParameter): Name = "Temperature Range Low"; Value = "-55°C"; VariantName = "[No Variations]"
Add component (AddParameter): Name = "Tolerance"; Value = "20%"; VariantName = "[No Variations]"
Add component (AddParameter): Name = "Value"; Value = "47uF"; VariantName = "[No Variations]"
Add component (AddParameter): Name = "Voltage Rating"; Value = "35V"; VariantName = "[No Variations]"
Added Component: Designator=C18(FP-CC1206-1_25-MFG)
Add component (AddParameter): Name = "Automotive"; Value = "No"; VariantName = "[No Variations]"
Add component (AddParameter): Name = "Automotive Grade"; Value = "NA"; VariantName = "[No Variations]"
Add component (AddParameter): Name = "Capacitance"; Value = "1 uF"; VariantName = "[No Variations]"
Add component (AddParameter): Name = "Category"; Value = "Cap"; VariantName = "[No Variations]"
Add component (AddParameter): Name = "ComponentLink2Description"; Value = "Datasheet"; VariantName = "[No Variations]"
Add component (AddParameter): Name = "ComponentLink2URL"; Value = "http://www.yageo.com/documents/recent/UPY-NP0X7R_HV_1KV-to-3KV_11.pdf"; VariantName = "[No Variations]"
Add component (AddParameter): Name = "Device Class L1"; Value = "Passive Components"; VariantName = "[No Variations]"
Add component (AddParameter): Name = "Device Class L2"; Value = "Capacitors"; VariantName = "[No Variations]"
Add component (AddParameter): Name = "Device Class L3"; Value = "Ceramic Capacitors"; VariantName = "[No Variations]"
Add component (AddParameter): Name = "Digikey Description"; Value = "CAP CER 1UF 10V X7R 1206"; VariantName = "[No Variations]"
Add component (AddParameter): Name = "Footprint Url"; Value = "http://www.yageo.com/exep/pages/download/literatures/UPY-C_GEN_24.pdf"; VariantName = "[No Variations]"
Add component (AddParameter): Name = "Height"; Value = "1.45mm"; VariantName = "[No Variations]"
Add component (AddParameter): Name = "Lead Free"; Value = "Yes"; VariantName = "[No Variations]"
Add component (AddParameter): Name = "Manufacturer"; Value = "Yageo"; VariantName = "[No Variations]"
Add component (AddParameter): Name = "Manufacturer Part Number"; Value = "CC1206KKX7R6BB105"; VariantName = "[No Variations]"
Add component (AddParameter): Name = "Material"; Value = "Ceramic"; VariantName = "[No Variations]"
Add component (AddParameter): Name = "Mouser Description"; Value = "Multilayer Ceramic Capacitors MLCC - SMD/SMT 1.0uF 10V X7R 10%"; VariantName = "[No Variations]"
Add component (AddParameter): Name = "Octopart"; Value = "https://octopart.com/cc1206kkx7r6bb105-yageo-21769912"; VariantName = "[No Variations]"
Add component (AddParameter): Name = "Package"; Value = "CC1206-1.25"; VariantName = "[No Variations]"
Add component (AddParameter): Name = "RoHS"; Value = "TRUE"; VariantName = "[No Variations]"
Add component (AddParameter): Name = "Temperature"; Value = "-55°C to +125°C"; VariantName = "[No Variations]"
Add component (AddParameter): Name = "Temperature Characteristic"; Value = "X7R"; VariantName = "[No Variations]"
Add component (AddParameter): Name = "Temperature Coefficient"; Value = "15%"; VariantName = "[No Variations]"
Add component (AddParameter): Name = "Temperature Range High"; Value = "+125°C"; VariantName = "[No Variations]"
Add component (AddParameter): Name = "Temperature Range Low"; Value = "-55°C"; VariantName = "[No Variations]"
Add component (AddParameter): Name = "Tolerance"; Value = "0.1"; VariantName = "[No Variations]"
Add component (AddParameter): Name = "Value"; Value = "1 uF"; VariantName = "[No Variations]"
Add component (AddParameter): Name = "Voltage Rating"; Value = "10 V"; VariantName = "[No Variations]"
Added Component: Designator=C19(FP-CC1206-1_25-MFG)
Add component (AddParameter): Name = "Automotive"; Value = "No"; VariantName = "[No Variations]"
Add component (AddParameter): Name = "Automotive Grade"; Value = "NA"; VariantName = "[No Variations]"
Add component (AddParameter): Name = "Capacitance"; Value = "1 uF"; VariantName = "[No Variations]"
Add component (AddParameter): Name = "Category"; Value = "Cap"; VariantName = "[No Variations]"
Add component (AddParameter): Name = "ComponentLink2Description"; Value = "Datasheet"; VariantName = "[No Variations]"
Add component (AddParameter): Name = "ComponentLink2URL"; Value = "http://www.yageo.com/documents/recent/UPY-NP0X7R_HV_1KV-to-3KV_11.pdf"; VariantName = "[No Variations]"
Add component (AddParameter): Name = "Device Class L1"; Value = "Passive Components"; VariantName = "[No Variations]"
Add component (AddParameter): Name = "Device Class L2"; Value = "Capacitors"; VariantName = "[No Variations]"
Add component (AddParameter): Name = "Device Class L3"; Value = "Ceramic Capacitors"; VariantName = "[No Variations]"
Add component (AddParameter): Name = "Digikey Description"; Value = "CAP CER 1UF 10V X7R 1206"; VariantName = "[No Variations]"
Add component (AddParameter): Name = "Footprint Url"; Value = "http://www.yageo.com/exep/pages/download/literatures/UPY-C_GEN_24.pdf"; VariantName = "[No Variations]"
Add component (AddParameter): Name = "Height"; Value = "1.45mm"; VariantName = "[No Variations]"
Add component (AddParameter): Name = "Lead Free"; Value = "Yes"; VariantName = "[No Variations]"
Add component (AddParameter): Name = "Manufacturer"; Value = "Yageo"; VariantName = "[No Variations]"
Add component (AddParameter): Name = "Manufacturer Part Number"; Value = "CC1206KKX7R6BB105"; VariantName = "[No Variations]"
Add component (AddParameter): Name = "Material"; Value = "Ceramic"; VariantName = "[No Variations]"
Add component (AddParameter): Name = "Mouser Description"; Value = "Multilayer Ceramic Capacitors MLCC - SMD/SMT 1.0uF 10V X7R 10%"; VariantName = "[No Variations]"
Add component (AddParameter): Name = "Octopart"; Value = "https://octopart.com/cc1206kkx7r6bb105-yageo-21769912"; VariantName = "[No Variations]"
Add component (AddParameter): Name = "Package"; Value = "CC1206-1.25"; VariantName = "[No Variations]"
Add component (AddParameter): Name = "RoHS"; Value = "TRUE"; VariantName = "[No Variations]"
Add component (AddParameter): Name = "Temperature"; Value = "-55°C to +125°C"; VariantName = "[No Variations]"
Add component (AddParameter): Name = "Temperature Characteristic"; Value = "X7R"; VariantName = "[No Variations]"
Add component (AddParameter): Name = "Temperature Coefficient"; Value = "15%"; VariantName = "[No Variations]"
Add component (AddParameter): Name = "Temperature Range High"; Value = "+125°C"; VariantName = "[No Variations]"
Add component (AddParameter): Name = "Temperature Range Low"; Value = "-55°C"; VariantName = "[No Variations]"
Add component (AddParameter): Name = "Tolerance"; Value = "0.1"; VariantName = "[No Variations]"
Add component (AddParameter): Name = "Value"; Value = "1 uF"; VariantName = "[No Variations]"
Add component (AddParameter): Name = "Voltage Rating"; Value = "10 V"; VariantName = "[No Variations]"
Added Component: Designator=C20(FP-CC1206-1_25-MFG)
Add component (AddParameter): Name = "Automotive"; Value = "No"; VariantName = "[No Variations]"
Add component (AddParameter): Name = "Automotive Grade"; Value = "NA"; VariantName = "[No Variations]"
Add component (AddParameter): Name = "Capacitance"; Value = "1 uF"; VariantName = "[No Variations]"
Add component (AddParameter): Name = "Category"; Value = "Cap"; VariantName = "[No Variations]"
Add component (AddParameter): Name = "ComponentLink2Description"; Value = "Datasheet"; VariantName = "[No Variations]"
Add component (AddParameter): Name = "ComponentLink2URL"; Value = "http://www.yageo.com/documents/recent/UPY-NP0X7R_HV_1KV-to-3KV_11.pdf"; VariantName = "[No Variations]"
Add component (AddParameter): Name = "Device Class L1"; Value = "Passive Components"; VariantName = "[No Variations]"
Add component (AddParameter): Name = "Device Class L2"; Value = "Capacitors"; VariantName = "[No Variations]"
Add component (AddParameter): Name = "Device Class L3"; Value = "Ceramic Capacitors"; VariantName = "[No Variations]"
Add component (AddParameter): Name = "Digikey Description"; Value = "CAP CER 1UF 10V X7R 1206"; VariantName = "[No Variations]"
Add component (AddParameter): Name = "Footprint Url"; Value = "http://www.yageo.com/exep/pages/download/literatures/UPY-C_GEN_24.pdf"; VariantName = "[No Variations]"
Add component (AddParameter): Name = "Height"; Value = "1.45mm"; VariantName = "[No Variations]"
Add component (AddParameter): Name = "Lead Free"; Value = "Yes"; VariantName = "[No Variations]"
Add component (AddParameter): Name = "Manufacturer"; Value = "Yageo"; VariantName = "[No Variations]"
Add component (AddParameter): Name = "Manufacturer Part Number"; Value = "CC1206KKX7R6BB105"; VariantName = "[No Variations]"
Add component (AddParameter): Name = "Material"; Value = "Ceramic"; VariantName = "[No Variations]"
Add component (AddParameter): Name = "Mouser Description"; Value = "Multilayer Ceramic Capacitors MLCC - SMD/SMT 1.0uF 10V X7R 10%"; VariantName = "[No Variations]"
Add component (AddParameter): Name = "Octopart"; Value = "https://octopart.com/cc1206kkx7r6bb105-yageo-21769912"; VariantName = "[No Variations]"
Add component (AddParameter): Name = "Package"; Value = "CC1206-1.25"; VariantName = "[No Variations]"
Add component (AddParameter): Name = "RoHS"; Value = "TRUE"; VariantName = "[No Variations]"
Add component (AddParameter): Name = "Temperature"; Value = "-55°C to +125°C"; VariantName = "[No Variations]"
Add component (AddParameter): Name = "Temperature Characteristic"; Value = "X7R"; VariantName = "[No Variations]"
Add component (AddParameter): Name = "Temperature Coefficient"; Value = "15%"; VariantName = "[No Variations]"
Add component (AddParameter): Name = "Temperature Range High"; Value = "+125°C"; VariantName = "[No Variations]"
Add component (AddParameter): Name = "Temperature Range Low"; Value = "-55°C"; VariantName = "[No Variations]"
Add component (AddParameter): Name = "Tolerance"; Value = "0.1"; VariantName = "[No Variations]"
Add component (AddParameter): Name = "Value"; Value = "1 uF"; VariantName = "[No Variations]"
Add component (AddParameter): Name = "Voltage Rating"; Value = "10 V"; VariantName = "[No Variations]"
Added Component: Designator=C21(FP-CC1206-1_25-MFG)
Add component (AddParameter): Name = "Automotive"; Value = "No"; VariantName = "[No Variations]"
Add component (AddParameter): Name = "Automotive Grade"; Value = "NA"; VariantName = "[No Variations]"
Add component (AddParameter): Name = "Capacitance"; Value = "1 uF"; VariantName = "[No Variations]"
Add component (AddParameter): Name = "Category"; Value = "Cap"; VariantName = "[No Variations]"
Add component (AddParameter): Name = "ComponentLink2Description"; Value = "Datasheet"; VariantName = "[No Variations]"
Add component (AddParameter): Name = "ComponentLink2URL"; Value = "http://www.yageo.com/documents/recent/UPY-NP0X7R_HV_1KV-to-3KV_11.pdf"; VariantName = "[No Variations]"
Add component (AddParameter): Name = "Device Class L1"; Value = "Passive Components"; VariantName = "[No Variations]"
Add component (AddParameter): Name = "Device Class L2"; Value = "Capacitors"; VariantName = "[No Variations]"
Add component (AddParameter): Name = "Device Class L3"; Value = "Ceramic Capacitors"; VariantName = "[No Variations]"
Add component (AddParameter): Name = "Digikey Description"; Value = "CAP CER 1UF 10V X7R 1206"; VariantName = "[No Variations]"
Add component (AddParameter): Name = "Footprint Url"; Value = "http://www.yageo.com/exep/pages/download/literatures/UPY-C_GEN_24.pdf"; VariantName = "[No Variations]"
Add component (AddParameter): Name = "Height"; Value = "1.45mm"; VariantName = "[No Variations]"
Add component (AddParameter): Name = "Lead Free"; Value = "Yes"; VariantName = "[No Variations]"
Add component (AddParameter): Name = "Manufacturer"; Value = "Yageo"; VariantName = "[No Variations]"
Add component (AddParameter): Name = "Manufacturer Part Number"; Value = "CC1206KKX7R6BB105"; VariantName = "[No Variations]"
Add component (AddParameter): Name = "Material"; Value = "Ceramic"; VariantName = "[No Variations]"
Add component (AddParameter): Name = "Mouser Description"; Value = "Multilayer Ceramic Capacitors MLCC - SMD/SMT 1.0uF 10V X7R 10%"; VariantName = "[No Variations]"
Add component (AddParameter): Name = "Octopart"; Value = "https://octopart.com/cc1206kkx7r6bb105-yageo-21769912"; VariantName = "[No Variations]"
Add component (AddParameter): Name = "Package"; Value = "CC1206-1.25"; VariantName = "[No Variations]"
Add component (AddParameter): Name = "RoHS"; Value = "TRUE"; VariantName = "[No Variations]"
Add component (AddParameter): Name = "Temperature"; Value = "-55°C to +125°C"; VariantName = "[No Variations]"
Add component (AddParameter): Name = "Temperature Characteristic"; Value = "X7R"; VariantName = "[No Variations]"
Add component (AddParameter): Name = "Temperature Coefficient"; Value = "15%"; VariantName = "[No Variations]"
Add component (AddParameter): Name = "Temperature Range High"; Value = "+125°C"; VariantName = "[No Variations]"
Add component (AddParameter): Name = "Temperature Range Low"; Value = "-55°C"; VariantName = "[No Variations]"
Add component (AddParameter): Name = "Tolerance"; Value = "0.1"; VariantName = "[No Variations]"
Add component (AddParameter): Name = "Value"; Value = "1 uF"; VariantName = "[No Variations]"
Add component (AddParameter): Name = "Voltage Rating"; Value = "10 V"; VariantName = "[No Variations]"
Added Component: Designator=C22(FP-CC1206-1_25-MFG)
Add component (AddParameter): Name = "Automotive"; Value = "No"; VariantName = "[No Variations]"
Add component (AddParameter): Name = "Automotive Grade"; Value = "NA"; VariantName = "[No Variations]"
Add component (AddParameter): Name = "Capacitance"; Value = "1 uF"; VariantName = "[No Variations]"
Add component (AddParameter): Name = "Category"; Value = "Cap"; VariantName = "[No Variations]"
Add component (AddParameter): Name = "ComponentLink2Description"; Value = "Datasheet"; VariantName = "[No Variations]"
Add component (AddParameter): Name = "ComponentLink2URL"; Value = "http://www.yageo.com/documents/recent/UPY-NP0X7R_HV_1KV-to-3KV_11.pdf"; VariantName = "[No Variations]"
Add component (AddParameter): Name = "Device Class L1"; Value = "Passive Components"; VariantName = "[No Variations]"
Add component (AddParameter): Name = "Device Class L2"; Value = "Capacitors"; VariantName = "[No Variations]"
Add component (AddParameter): Name = "Device Class L3"; Value = "Ceramic Capacitors"; VariantName = "[No Variations]"
Add component (AddParameter): Name = "Digikey Description"; Value = "CAP CER 1UF 10V X7R 1206"; VariantName = "[No Variations]"
Add component (AddParameter): Name = "Footprint Url"; Value = "http://www.yageo.com/exep/pages/download/literatures/UPY-C_GEN_24.pdf"; VariantName = "[No Variations]"
Add component (AddParameter): Name = "Height"; Value = "1.45mm"; VariantName = "[No Variations]"
Add component (AddParameter): Name = "Lead Free"; Value = "Yes"; VariantName = "[No Variations]"
Add component (AddParameter): Name = "Manufacturer"; Value = "Yageo"; VariantName = "[No Variations]"
Add component (AddParameter): Name = "Manufacturer Part Number"; Value = "CC1206KKX7R6BB105"; VariantName = "[No Variations]"
Add component (AddParameter): Name = "Material"; Value = "Ceramic"; VariantName = "[No Variations]"
Add component (AddParameter): Name = "Mouser Description"; Value = "Multilayer Ceramic Capacitors MLCC - SMD/SMT 1.0uF 10V X7R 10%"; VariantName = "[No Variations]"
Add component (AddParameter): Name = "Octopart"; Value = "https://octopart.com/cc1206kkx7r6bb105-yageo-21769912"; VariantName = "[No Variations]"
Add component (AddParameter): Name = "Package"; Value = "CC1206-1.25"; VariantName = "[No Variations]"
Add component (AddParameter): Name = "RoHS"; Value = "TRUE"; VariantName = "[No Variations]"
Add component (AddParameter): Name = "Temperature"; Value = "-55°C to +125°C"; VariantName = "[No Variations]"
Add component (AddParameter): Name = "Temperature Characteristic"; Value = "X7R"; VariantName = "[No Variations]"
Add component (AddParameter): Name = "Temperature Coefficient"; Value = "15%"; VariantName = "[No Variations]"
Add component (AddParameter): Name = "Temperature Range High"; Value = "+125°C"; VariantName = "[No Variations]"
Add component (AddParameter): Name = "Temperature Range Low"; Value = "-55°C"; VariantName = "[No Variations]"
Add component (AddParameter): Name = "Tolerance"; Value = "0.1"; VariantName = "[No Variations]"
Add component (AddParameter): Name = "Value"; Value = "1 uF"; VariantName = "[No Variations]"
Add component (AddParameter): Name = "Voltage Rating"; Value = "10 V"; VariantName = "[No Variations]"
Added Component: Designator=C23(FP-FK-D-MFG)
Add component (AddParameter): Name = "Automotive"; Value = "Yes"; VariantName = "[No Variations]"
Add component (AddParameter): Name = "Automotive Grade"; Value = "Grade 2"; VariantName = "[No Variations]"
Add component (AddParameter): Name = "Capacitance"; Value = "47uF"; VariantName = "[No Variations]"
Add component (AddParameter): Name = "Category"; Value = "Cap"; VariantName = "[No Variations]"
Add component (AddParameter): Name = "ComponentLink2Description"; Value = "Datasheet"; VariantName = "[No Variations]"
Add component (AddParameter): Name = "ComponentLink2URL"; Value = "https://industrial.panasonic.com/cdbs/www-data/pdf/RDE0000/ABA0000C1181.pdf"; VariantName = "[No Variations]"
Add component (AddParameter): Name = "Device Class L1"; Value = "Passive Components"; VariantName = "[No Variations]"
Add component (AddParameter): Name = "Device Class L2"; Value = "Capacitors"; VariantName = "[No Variations]"
Add component (AddParameter): Name = "Device Class L3"; Value = "Aluminum Electrolytic Capacitors"; VariantName = "[No Variations]"
Add component (AddParameter): Name = "Digikey Description"; Value = "CAP ALUM 47UF 20% 35V SMD"; VariantName = "[No Variations]"
Add component (AddParameter): Name = "Dissipation Factor"; Value = "12%"; VariantName = "[No Variations]"
Add component (AddParameter): Name = "Esr"; Value = "0.36O"; VariantName = "[No Variations]"
Add component (AddParameter): Name = "Height"; Value = "6.1mm"; VariantName = "[No Variations]"
Add component (AddParameter): Name = "Lead Free"; Value = "Yes"; VariantName = "[No Variations]"
Add component (AddParameter): Name = "Leakage Current"; Value = "16.45uA"; VariantName = "[No Variations]"
Add component (AddParameter): Name = "Life"; Value = "2000Hours"; VariantName = "[No Variations]"
Add component (AddParameter): Name = "Manufacturer"; Value = "Panasonic"; VariantName = "[No Variations]"
Add component (AddParameter): Name = "Manufacturer Part Number"; Value = "EEE-FK1V470P"; VariantName = "[No Variations]"
Add component (AddParameter): Name = "Material"; Value = "Aluminum"; VariantName = "[No Variations]"
Add component (AddParameter): Name = "Mouser Description"; Value = "Capacitor Aluminum Electrolytic 47uF 35 Volt 20% (6.3 X 5.8mm) Surface Mount 240mA 2000h 105C Automotive"; VariantName = "[No Variations]"
Add component (AddParameter): Name = "Octopart"; Value = "https://octopart.com/eeefk1v470p-panasonic-4642848"; VariantName = "[No Variations]"
Add component (AddParameter): Name = "Package"; Value = "FK-D"; VariantName = "[No Variations]"
Add component (AddParameter): Name = "Ripple Current"; Value = "240mA"; VariantName = "[No Variations]"
Add component (AddParameter): Name = "RoHS"; Value = "TRUE"; VariantName = "[No Variations]"
Add component (AddParameter): Name = "Temperature"; Value = "-55°C to +105°C"; VariantName = "[No Variations]"
Add component (AddParameter): Name = "Temperature Range High"; Value = "+105°C"; VariantName = "[No Variations]"
Add component (AddParameter): Name = "Temperature Range Low"; Value = "-55°C"; VariantName = "[No Variations]"
Add component (AddParameter): Name = "Tolerance"; Value = "20%"; VariantName = "[No Variations]"
Add component (AddParameter): Name = "Value"; Value = "47uF"; VariantName = "[No Variations]"
Add component (AddParameter): Name = "Voltage Rating"; Value = "35V"; VariantName = "[No Variations]"
Added Component: Designator=C24(FP-FK-D-MFG)
Add component (AddParameter): Name = "Automotive"; Value = "Yes"; VariantName = "[No Variations]"
Add component (AddParameter): Name = "Automotive Grade"; Value = "Grade 2"; VariantName = "[No Variations]"
Add component (AddParameter): Name = "Capacitance"; Value = "47uF"; VariantName = "[No Variations]"
Add component (AddParameter): Name = "Category"; Value = "Cap"; VariantName = "[No Variations]"
Add component (AddParameter): Name = "ComponentLink2Description"; Value = "Datasheet"; VariantName = "[No Variations]"
Add component (AddParameter): Name = "ComponentLink2URL"; Value = "https://industrial.panasonic.com/cdbs/www-data/pdf/RDE0000/ABA0000C1181.pdf"; VariantName = "[No Variations]"
Add component (AddParameter): Name = "Device Class L1"; Value = "Passive Components"; VariantName = "[No Variations]"
Add component (AddParameter): Name = "Device Class L2"; Value = "Capacitors"; VariantName = "[No Variations]"
Add component (AddParameter): Name = "Device Class L3"; Value = "Aluminum Electrolytic Capacitors"; VariantName = "[No Variations]"
Add component (AddParameter): Name = "Digikey Description"; Value = "CAP ALUM 47UF 20% 35V SMD"; VariantName = "[No Variations]"
Add component (AddParameter): Name = "Dissipation Factor"; Value = "12%"; VariantName = "[No Variations]"
Add component (AddParameter): Name = "Esr"; Value = "0.36O"; VariantName = "[No Variations]"
Add component (AddParameter): Name = "Height"; Value = "6.1mm"; VariantName = "[No Variations]"
Add component (AddParameter): Name = "Lead Free"; Value = "Yes"; VariantName = "[No Variations]"
Add component (AddParameter): Name = "Leakage Current"; Value = "16.45uA"; VariantName = "[No Variations]"
Add component (AddParameter): Name = "Life"; Value = "2000Hours"; VariantName = "[No Variations]"
Add component (AddParameter): Name = "Manufacturer"; Value = "Panasonic"; VariantName = "[No Variations]"
Add component (AddParameter): Name = "Manufacturer Part Number"; Value = "EEE-FK1V470P"; VariantName = "[No Variations]"
Add component (AddParameter): Name = "Material"; Value = "Aluminum"; VariantName = "[No Variations]"
Add component (AddParameter): Name = "Mouser Description"; Value = "Capacitor Aluminum Electrolytic 47uF 35 Volt 20% (6.3 X 5.8mm) Surface Mount 240mA 2000h 105C Automotive"; VariantName = "[No Variations]"
Add component (AddParameter): Name = "Octopart"; Value = "https://octopart.com/eeefk1v470p-panasonic-4642848"; VariantName = "[No Variations]"
Add component (AddParameter): Name = "Package"; Value = "FK-D"; VariantName = "[No Variations]"
Add component (AddParameter): Name = "Ripple Current"; Value = "240mA"; VariantName = "[No Variations]"
Add component (AddParameter): Name = "RoHS"; Value = "TRUE"; VariantName = "[No Variations]"
Add component (AddParameter): Name = "Temperature"; Value = "-55°C to +105°C"; VariantName = "[No Variations]"
Add component (AddParameter): Name = "Temperature Range High"; Value = "+105°C"; VariantName = "[No Variations]"
Add component (AddParameter): Name = "Temperature Range Low"; Value = "-55°C"; VariantName = "[No Variations]"
Add component (AddParameter): Name = "Tolerance"; Value = "20%"; VariantName = "[No Variations]"
Add component (AddParameter): Name = "Value"; Value = "47uF"; VariantName = "[No Variations]"
Add component (AddParameter): Name = "Voltage Rating"; Value = "35V"; VariantName = "[No Variations]"
Added Component: Designator=C25(FP-C1206C-EB-MFG)
Add component (AddParameter): Name = "Automotive"; Value = "Yes"; VariantName = "[No Variations]"
Add component (AddParameter): Name = "Automotive Grade"; Value = "Grade 0"; VariantName = "[No Variations]"
Add component (AddParameter): Name = "Capacitance"; Value = "0.10 µF"; VariantName = "[No Variations]"
Add component (AddParameter): Name = "Category"; Value = "Cap"; VariantName = "[No Variations]"
Add component (AddParameter): Name = "ComponentLink2Description"; Value = "Datasheet"; VariantName = "[No Variations]"
Add component (AddParameter): Name = "ComponentLink2URL"; Value = "https://content.kemet.com/datasheets/KEM_C1007_X8R_ULTRA_150C_SMD.pdf"; VariantName = "[No Variations]"
Add component (AddParameter): Name = "Device Class L1"; Value = "Passive Components"; VariantName = "[No Variations]"
Add component (AddParameter): Name = "Device Class L2"; Value = "Capacitors"; VariantName = "[No Variations]"
Add component (AddParameter): Name = "Device Class L3"; Value = "Ceramic Capacitors"; VariantName = "[No Variations]"
Add component (AddParameter): Name = "Digikey Description"; Value = "CAP CER 0.1UF 50V X7R 1206"; VariantName = "[No Variations]"
Add component (AddParameter): Name = "Height"; Value = "0.88mm"; VariantName = "[No Variations]"
Add component (AddParameter): Name = "Ipc Land Pattern Name"; Value = "CAPC320160X78"; VariantName = "[No Variations]"
Add component (AddParameter): Name = "Lead Free"; Value = "Yes"; VariantName = "[No Variations]"
Add component (AddParameter): Name = "Manufacturer"; Value = "KEMET"; VariantName = "[No Variations]"
Add component (AddParameter): Name = "Manufacturer Part Number"; Value = "C1206C104K5RACAUTO"; VariantName = "[No Variations]"
Add component (AddParameter): Name = "Material"; Value = "Ceramic"; VariantName = "[No Variations]"
Add component (AddParameter): Name = "Mouser Description"; Value = "Multilayer Ceramic Capacitors MLCC - SMD/SMT 0.1uF 50volts 10% X7R AUTO"; VariantName = "[No Variations]"
Add component (AddParameter): Name = "Octopart"; Value = "https://octopart.com/c1206c104k5racauto-kemet-12595586"; VariantName = "[No Variations]"
Add component (AddParameter): Name = "Package"; Value = "C1206C-EB"; VariantName = "[No Variations]"
Add component (AddParameter): Name = "RoHS"; Value = "TRUE"; VariantName = "[No Variations]"
Add component (AddParameter): Name = "Temperature"; Value = "-55°C to +150°C"; VariantName = "[No Variations]"
Add component (AddParameter): Name = "Temperature Characteristic"; Value = "X7R"; VariantName = "[No Variations]"
Add component (AddParameter): Name = "Temperature Coefficient"; Value = "15%"; VariantName = "[No Variations]"
Add component (AddParameter): Name = "Temperature Range High"; Value = "+150°C"; VariantName = "[No Variations]"
Add component (AddParameter): Name = "Temperature Range Low"; Value = "-55°C"; VariantName = "[No Variations]"
Add component (AddParameter): Name = "Tolerance"; Value = "0.1"; VariantName = "[No Variations]"
Add component (AddParameter): Name = "Value"; Value = "0.10 µF"; VariantName = "[No Variations]"
Add component (AddParameter): Name = "Voltage Rating"; Value = "50 V"; VariantName = "[No Variations]"
Added Component: Designator=C26(FP-C1206C-EB-MFG)
Add component (AddParameter): Name = "Automotive"; Value = "Yes"; VariantName = "[No Variations]"
Add component (AddParameter): Name = "Automotive Grade"; Value = "Grade 0"; VariantName = "[No Variations]"
Add component (AddParameter): Name = "Capacitance"; Value = "0.10 µF"; VariantName = "[No Variations]"
Add component (AddParameter): Name = "Category"; Value = "Cap"; VariantName = "[No Variations]"
Add component (AddParameter): Name = "ComponentLink2Description"; Value = "Datasheet"; VariantName = "[No Variations]"
Add component (AddParameter): Name = "ComponentLink2URL"; Value = "https://content.kemet.com/datasheets/KEM_C1007_X8R_ULTRA_150C_SMD.pdf"; VariantName = "[No Variations]"
Add component (AddParameter): Name = "Device Class L1"; Value = "Passive Components"; VariantName = "[No Variations]"
Add component (AddParameter): Name = "Device Class L2"; Value = "Capacitors"; VariantName = "[No Variations]"
Add component (AddParameter): Name = "Device Class L3"; Value = "Ceramic Capacitors"; VariantName = "[No Variations]"
Add component (AddParameter): Name = "Digikey Description"; Value = "CAP CER 0.1UF 50V X7R 1206"; VariantName = "[No Variations]"
Add component (AddParameter): Name = "Height"; Value = "0.88mm"; VariantName = "[No Variations]"
Add component (AddParameter): Name = "Ipc Land Pattern Name"; Value = "CAPC320160X78"; VariantName = "[No Variations]"
Add component (AddParameter): Name = "Lead Free"; Value = "Yes"; VariantName = "[No Variations]"
Add component (AddParameter): Name = "Manufacturer"; Value = "KEMET"; VariantName = "[No Variations]"
Add component (AddParameter): Name = "Manufacturer Part Number"; Value = "C1206C104K5RACAUTO"; VariantName = "[No Variations]"
Add component (AddParameter): Name = "Material"; Value = "Ceramic"; VariantName = "[No Variations]"
Add component (AddParameter): Name = "Mouser Description"; Value = "Multilayer Ceramic Capacitors MLCC - SMD/SMT 0.1uF 50volts 10% X7R AUTO"; VariantName = "[No Variations]"
Add component (AddParameter): Name = "Octopart"; Value = "https://octopart.com/c1206c104k5racauto-kemet-12595586"; VariantName = "[No Variations]"
Add component (AddParameter): Name = "Package"; Value = "C1206C-EB"; VariantName = "[No Variations]"
Add component (AddParameter): Name = "RoHS"; Value = "TRUE"; VariantName = "[No Variations]"
Add component (AddParameter): Name = "Temperature"; Value = "-55°C to +150°C"; VariantName = "[No Variations]"
Add component (AddParameter): Name = "Temperature Characteristic"; Value = "X7R"; VariantName = "[No Variations]"
Add component (AddParameter): Name = "Temperature Coefficient"; Value = "15%"; VariantName = "[No Variations]"
Add component (AddParameter): Name = "Temperature Range High"; Value = "+150°C"; VariantName = "[No Variations]"
Add component (AddParameter): Name = "Temperature Range Low"; Value = "-55°C"; VariantName = "[No Variations]"
Add component (AddParameter): Name = "Tolerance"; Value = "0.1"; VariantName = "[No Variations]"
Add component (AddParameter): Name = "Value"; Value = "0.10 µF"; VariantName = "[No Variations]"
Add component (AddParameter): Name = "Voltage Rating"; Value = "50 V"; VariantName = "[No Variations]"
Added Component: Designator=D1(FP-95402-MFG)
Add component (AddParameter): Name = "Average Rectified Current"; Value = "4A"; VariantName = "[No Variations]"
Add component (AddParameter): Name = "Case/Package"; Value = "DO-214AB"; VariantName = "[No Variations]"
Add component (AddParameter): Name = "Current Rating"; Value = "4A"; VariantName = "[No Variations]"
Add component (AddParameter): Name = "Element Configuration"; Value = "Single"; VariantName = "[No Variations]"
Add component (AddParameter): Name = "Forward Current"; Value = "8A"; VariantName = "[No Variations]"
Add component (AddParameter): Name = "Forward Voltage"; Value = "470mV"; VariantName = "[No Variations]"
Add component (AddParameter): Name = "Height"; Value = "0.095inch"; VariantName = "[No Variations]"
Add component (AddParameter): Name = "Lead Free"; Value = "Lead Free"; VariantName = "[No Variations]"
Add component (AddParameter): Name = "Length"; Value = "0.279inch"; VariantName = "[No Variations]"
Add component (AddParameter): Name = "Max Forward Surge Current (Ifsm)"; Value = "150A"; VariantName = "[No Variations]"
Add component (AddParameter): Name = "Max Operating Temperature"; Value = "125°C"; VariantName = "[No Variations]"
Add component (AddParameter): Name = "Max Repetitive Reverse Voltage (Vrrm)"; Value = "30V"; VariantName = "[No Variations]"
Add component (AddParameter): Name = "Max Reverse Current"; Value = "500uA"; VariantName = "[No Variations]"
Add component (AddParameter): Name = "Max Reverse Voltage (DC)"; Value = "30V"; VariantName = "[No Variations]"
Add component (AddParameter): Name = "Min Operating Temperature"; Value = "-55°C"; VariantName = "[No Variations]"
Add component (AddParameter): Name = "Mount"; Value = "Surface Mount"; VariantName = "[No Variations]"
Add component (AddParameter): Name = "Number of Pins"; Value = "2"; VariantName = "[No Variations]"
Add component (AddParameter): Name = "Output Current"; Value = "4A"; VariantName = "[No Variations]"
Add component (AddParameter): Name = "Package Quantity"; Value = "1"; VariantName = "[No Variations]"
Add component (AddParameter): Name = "Packaging"; Value = "Tape and Reel"; VariantName = "[No Variations]"
Add component (AddParameter): Name = "Peak Non-Repetitive Surge Current"; Value = "150A"; VariantName = "[No Variations]"
Add component (AddParameter): Name = "Polarity"; Value = "Standard"; VariantName = "[No Variations]"
Add component (AddParameter): Name = "Voltage Rating (DC)"; Value = "30V"; VariantName = "[No Variations]"
Add component (AddParameter): Name = "Width"; Value = "0.245inch"; VariantName = "[No Variations]"
Added Component: Designator=D2(FP-95402-MFG)
Add component (AddParameter): Name = "Average Rectified Current"; Value = "4A"; VariantName = "[No Variations]"
Add component (AddParameter): Name = "Case/Package"; Value = "DO-214AB"; VariantName = "[No Variations]"
Add component (AddParameter): Name = "Current Rating"; Value = "4A"; VariantName = "[No Variations]"
Add component (AddParameter): Name = "Element Configuration"; Value = "Single"; VariantName = "[No Variations]"
Add component (AddParameter): Name = "Forward Current"; Value = "8A"; VariantName = "[No Variations]"
Add component (AddParameter): Name = "Forward Voltage"; Value = "470mV"; VariantName = "[No Variations]"
Add component (AddParameter): Name = "Height"; Value = "0.095inch"; VariantName = "[No Variations]"
Add component (AddParameter): Name = "Lead Free"; Value = "Lead Free"; VariantName = "[No Variations]"
Add component (AddParameter): Name = "Length"; Value = "0.279inch"; VariantName = "[No Variations]"
Add component (AddParameter): Name = "Max Forward Surge Current (Ifsm)"; Value = "150A"; VariantName = "[No Variations]"
Add component (AddParameter): Name = "Max Operating Temperature"; Value = "125°C"; VariantName = "[No Variations]"
Add component (AddParameter): Name = "Max Repetitive Reverse Voltage (Vrrm)"; Value = "30V"; VariantName = "[No Variations]"
Add component (AddParameter): Name = "Max Reverse Current"; Value = "500uA"; VariantName = "[No Variations]"
Add component (AddParameter): Name = "Max Reverse Voltage (DC)"; Value = "30V"; VariantName = "[No Variations]"
Add component (AddParameter): Name = "Min Operating Temperature"; Value = "-55°C"; VariantName = "[No Variations]"
Add component (AddParameter): Name = "Mount"; Value = "Surface Mount"; VariantName = "[No Variations]"
Add component (AddParameter): Name = "Number of Pins"; Value = "2"; VariantName = "[No Variations]"
Add component (AddParameter): Name = "Output Current"; Value = "4A"; VariantName = "[No Variations]"
Add component (AddParameter): Name = "Package Quantity"; Value = "1"; VariantName = "[No Variations]"
Add component (AddParameter): Name = "Packaging"; Value = "Tape and Reel"; VariantName = "[No Variations]"
Add component (AddParameter): Name = "Peak Non-Repetitive Surge Current"; Value = "150A"; VariantName = "[No Variations]"
Add component (AddParameter): Name = "Polarity"; Value = "Standard"; VariantName = "[No Variations]"
Add component (AddParameter): Name = "Voltage Rating (DC)"; Value = "30V"; VariantName = "[No Variations]"
Add component (AddParameter): Name = "Width"; Value = "0.245inch"; VariantName = "[No Variations]"
Added Component: Designator=D3(FP-95402-MFG)
Add component (AddParameter): Name = "Average Rectified Current"; Value = "4A"; VariantName = "[No Variations]"
Add component (AddParameter): Name = "Case/Package"; Value = "DO-214AB"; VariantName = "[No Variations]"
Add component (AddParameter): Name = "Current Rating"; Value = "4A"; VariantName = "[No Variations]"
Add component (AddParameter): Name = "Element Configuration"; Value = "Single"; VariantName = "[No Variations]"
Add component (AddParameter): Name = "Forward Current"; Value = "8A"; VariantName = "[No Variations]"
Add component (AddParameter): Name = "Forward Voltage"; Value = "470mV"; VariantName = "[No Variations]"
Add component (AddParameter): Name = "Height"; Value = "0.095inch"; VariantName = "[No Variations]"
Add component (AddParameter): Name = "Lead Free"; Value = "Lead Free"; VariantName = "[No Variations]"
Add component (AddParameter): Name = "Length"; Value = "0.279inch"; VariantName = "[No Variations]"
Add component (AddParameter): Name = "Max Forward Surge Current (Ifsm)"; Value = "150A"; VariantName = "[No Variations]"
Add component (AddParameter): Name = "Max Operating Temperature"; Value = "125°C"; VariantName = "[No Variations]"
Add component (AddParameter): Name = "Max Repetitive Reverse Voltage (Vrrm)"; Value = "30V"; VariantName = "[No Variations]"
Add component (AddParameter): Name = "Max Reverse Current"; Value = "500uA"; VariantName = "[No Variations]"
Add component (AddParameter): Name = "Max Reverse Voltage (DC)"; Value = "30V"; VariantName = "[No Variations]"
Add component (AddParameter): Name = "Min Operating Temperature"; Value = "-55°C"; VariantName = "[No Variations]"
Add component (AddParameter): Name = "Mount"; Value = "Surface Mount"; VariantName = "[No Variations]"
Add component (AddParameter): Name = "Number of Pins"; Value = "2"; VariantName = "[No Variations]"
Add component (AddParameter): Name = "Output Current"; Value = "4A"; VariantName = "[No Variations]"
Add component (AddParameter): Name = "Package Quantity"; Value = "1"; VariantName = "[No Variations]"
Add component (AddParameter): Name = "Packaging"; Value = "Tape and Reel"; VariantName = "[No Variations]"
Add component (AddParameter): Name = "Peak Non-Repetitive Surge Current"; Value = "150A"; VariantName = "[No Variations]"
Add component (AddParameter): Name = "Polarity"; Value = "Standard"; VariantName = "[No Variations]"
Add component (AddParameter): Name = "Voltage Rating (DC)"; Value = "30V"; VariantName = "[No Variations]"
Add component (AddParameter): Name = "Width"; Value = "0.245inch"; VariantName = "[No Variations]"
Added Component: Designator=D4(FP-95402-MFG)
Add component (AddParameter): Name = "Average Rectified Current"; Value = "4A"; VariantName = "[No Variations]"
Add component (AddParameter): Name = "Case/Package"; Value = "DO-214AB"; VariantName = "[No Variations]"
Add component (AddParameter): Name = "Current Rating"; Value = "4A"; VariantName = "[No Variations]"
Add component (AddParameter): Name = "Element Configuration"; Value = "Single"; VariantName = "[No Variations]"
Add component (AddParameter): Name = "Forward Current"; Value = "8A"; VariantName = "[No Variations]"
Add component (AddParameter): Name = "Forward Voltage"; Value = "470mV"; VariantName = "[No Variations]"
Add component (AddParameter): Name = "Height"; Value = "0.095inch"; VariantName = "[No Variations]"
Add component (AddParameter): Name = "Lead Free"; Value = "Lead Free"; VariantName = "[No Variations]"
Add component (AddParameter): Name = "Length"; Value = "0.279inch"; VariantName = "[No Variations]"
Add component (AddParameter): Name = "Max Forward Surge Current (Ifsm)"; Value = "150A"; VariantName = "[No Variations]"
Add component (AddParameter): Name = "Max Operating Temperature"; Value = "125°C"; VariantName = "[No Variations]"
Add component (AddParameter): Name = "Max Repetitive Reverse Voltage (Vrrm)"; Value = "30V"; VariantName = "[No Variations]"
Add component (AddParameter): Name = "Max Reverse Current"; Value = "500uA"; VariantName = "[No Variations]"
Add component (AddParameter): Name = "Max Reverse Voltage (DC)"; Value = "30V"; VariantName = "[No Variations]"
Add component (AddParameter): Name = "Min Operating Temperature"; Value = "-55°C"; VariantName = "[No Variations]"
Add component (AddParameter): Name = "Mount"; Value = "Surface Mount"; VariantName = "[No Variations]"
Add component (AddParameter): Name = "Number of Pins"; Value = "2"; VariantName = "[No Variations]"
Add component (AddParameter): Name = "Output Current"; Value = "4A"; VariantName = "[No Variations]"
Add component (AddParameter): Name = "Package Quantity"; Value = "1"; VariantName = "[No Variations]"
Add component (AddParameter): Name = "Packaging"; Value = "Tape and Reel"; VariantName = "[No Variations]"
Add component (AddParameter): Name = "Peak Non-Repetitive Surge Current"; Value = "150A"; VariantName = "[No Variations]"
Add component (AddParameter): Name = "Polarity"; Value = "Standard"; VariantName = "[No Variations]"
Add component (AddParameter): Name = "Voltage Rating (DC)"; Value = "30V"; VariantName = "[No Variations]"
Add component (AddParameter): Name = "Width"; Value = "0.245inch"; VariantName = "[No Variations]"
Added Component: Designator=L1(FP-NR6045-MFG)
Add component (AddParameter): Name = "Case/Package"; Value = "6045"; VariantName = "[No Variations]"
Add component (AddParameter): Name = "Core Material"; Value = "Ferrite"; VariantName = "[No Variations]"
Add component (AddParameter): Name = "Current Rating"; Value = "1.9A"; VariantName = "[No Variations]"
Add component (AddParameter): Name = "DC Resistance (DCR)"; Value = "91mR"; VariantName = "[No Variations]"
Add component (AddParameter): Name = "Depth"; Value = "6.2mm"; VariantName = "[No Variations]"
Add component (AddParameter): Name = "Halogen Free"; Value = "Halogen Free"; VariantName = "[No Variations]"
Add component (AddParameter): Name = "Height"; Value = "4.5mm"; VariantName = "[No Variations]"
Add component (AddParameter): Name = "Height - Seated (Max)"; Value = "0.177inch"; VariantName = "[No Variations]"
Add component (AddParameter): Name = "Inductance"; Value = "15uH"; VariantName = "[No Variations]"
Add component (AddParameter): Name = "Inductance Tolerance"; Value = "20%"; VariantName = "[No Variations]"
Add component (AddParameter): Name = "Lead Free"; Value = "Lead Free"; VariantName = "[No Variations]"
Add component (AddParameter): Name = "Lead Pitch"; Value = "4.7mm"; VariantName = "[No Variations]"
Add component (AddParameter): Name = "Length"; Value = "6mm"; VariantName = "[No Variations]"
Add component (AddParameter): Name = "Max DC Current"; Value = "1.9A"; VariantName = "[No Variations]"
Add component (AddParameter): Name = "Max Operating Temperature"; Value = "125°C"; VariantName = "[No Variations]"
Add component (AddParameter): Name = "Min Operating Temperature"; Value = "-25°C"; VariantName = "[No Variations]"
Add component (AddParameter): Name = "Mount"; Value = "Surface Mount"; VariantName = "[No Variations]"
Add component (AddParameter): Name = "Number of Pins"; Value = "2"; VariantName = "[No Variations]"
Add component (AddParameter): Name = "Package Quantity"; Value = "1500"; VariantName = "[No Variations]"
Add component (AddParameter): Name = "Packaging"; Value = "Tape and Reel"; VariantName = "[No Variations]"
Add component (AddParameter): Name = "Radiation Hardening"; Value = "No"; VariantName = "[No Variations]"
Add component (AddParameter): Name = "Resistor Type"; Value = "Wirewound"; VariantName = "[No Variations]"
Add component (AddParameter): Name = "RMS Current (Irms)"; Value = "1.9A"; VariantName = "[No Variations]"
Add component (AddParameter): Name = "RoHS Compliant"; Value = "Yes"; VariantName = "[No Variations]"
Add component (AddParameter): Name = "Saturation Current"; Value = "2.5A"; VariantName = "[No Variations]"
Add component (AddParameter): Name = "Self Resonant Frequency"; Value = "10MHz"; VariantName = "[No Variations]"
Add component (AddParameter): Name = "Series"; Value = "NRS"; VariantName = "[No Variations]"
Add component (AddParameter): Name = "Shielding"; Value = "Shielded"; VariantName = "[No Variations]"
Add component (AddParameter): Name = "Termination"; Value = "SMD/SMT"; VariantName = "[No Variations]"
Add component (AddParameter): Name = "Test Frequency"; Value = "100kHz"; VariantName = "[No Variations]"
Add component (AddParameter): Name = "Tolerance"; Value = "20%"; VariantName = "[No Variations]"
Add component (AddParameter): Name = "Width"; Value = "6mm"; VariantName = "[No Variations]"
Added Component: Designator=L2(FP-NR10050-MFG)
Add component (AddParameter): Name = "Case/Package"; Value = "Nonstandard"; VariantName = "[No Variations]"
Add component (AddParameter): Name = "Core Material"; Value = "Ferrite"; VariantName = "[No Variations]"
Add component (AddParameter): Name = "Current Rating"; Value = "4.1A"; VariantName = "[No Variations]"
Add component (AddParameter): Name = "DC Resistance (DCR)"; Value = "32.5mR"; VariantName = "[No Variations]"
Add component (AddParameter): Name = "Halogen Free"; Value = "Halogen Free"; VariantName = "[No Variations]"
Add component (AddParameter): Name = "Height"; Value = "5mm"; VariantName = "[No Variations]"
Add component (AddParameter): Name = "Height - Seated (Max)"; Value = "0.197inch"; VariantName = "[No Variations]"
Add component (AddParameter): Name = "Inductance"; Value = "10uH"; VariantName = "[No Variations]"
Add component (AddParameter): Name = "Inductance Tolerance"; Value = "20%"; VariantName = "[No Variations]"
Add component (AddParameter): Name = "Lead Free"; Value = "Lead Free"; VariantName = "[No Variations]"
Add component (AddParameter): Name = "Length"; Value = "0.394inch"; VariantName = "[No Variations]"
Add component (AddParameter): Name = "Max DC Current"; Value = "4.7A"; VariantName = "[No Variations]"
Add component (AddParameter): Name = "Max Operating Temperature"; Value = "105°C"; VariantName = "[No Variations]"
Add component (AddParameter): Name = "Min Operating Temperature"; Value = "-25°C"; VariantName = "[No Variations]"
Add component (AddParameter): Name = "Mount"; Value = "Surface Mount"; VariantName = "[No Variations]"
Add component (AddParameter): Name = "Number of Pins"; Value = "2"; VariantName = "[No Variations]"
Add component (AddParameter): Name = "Package Quantity"; Value = "500"; VariantName = "[No Variations]"
Add component (AddParameter): Name = "Packaging"; Value = "Tape and Reel"; VariantName = "[No Variations]"
Add component (AddParameter): Name = "Resistor Type"; Value = "Wirewound"; VariantName = "[No Variations]"
Add component (AddParameter): Name = "RMS Current (Irms)"; Value = "4.1A"; VariantName = "[No Variations]"
Add component (AddParameter): Name = "RoHS Compliant"; Value = "Yes"; VariantName = "[No Variations]"
Add component (AddParameter): Name = "Saturation Current"; Value = "4.7A"; VariantName = "[No Variations]"
Add component (AddParameter): Name = "Self Resonant Frequency"; Value = "15MHz"; VariantName = "[No Variations]"
Add component (AddParameter): Name = "Series"; Value = "NR"; VariantName = "[No Variations]"
Add component (AddParameter): Name = "Shielding"; Value = "Shielded"; VariantName = "[No Variations]"
Add component (AddParameter): Name = "Termination"; Value = "SMD/SMT"; VariantName = "[No Variations]"
Add component (AddParameter): Name = "Test Frequency"; Value = "100kHz"; VariantName = "[No Variations]"
Add component (AddParameter): Name = "Tolerance"; Value = "20%"; VariantName = "[No Variations]"
Add component (AddParameter): Name = "Width"; Value = "0.386inch"; VariantName = "[No Variations]"
Added Component: Designator=L3(FP-NR6045-MFG)
Add component (AddParameter): Name = "Case/Package"; Value = "6045"; VariantName = "[No Variations]"
Add component (AddParameter): Name = "Core Material"; Value = "Ferrite"; VariantName = "[No Variations]"
Add component (AddParameter): Name = "Current Rating"; Value = "1.9A"; VariantName = "[No Variations]"
Add component (AddParameter): Name = "DC Resistance (DCR)"; Value = "91mR"; VariantName = "[No Variations]"
Add component (AddParameter): Name = "Depth"; Value = "6.2mm"; VariantName = "[No Variations]"
Add component (AddParameter): Name = "Halogen Free"; Value = "Halogen Free"; VariantName = "[No Variations]"
Add component (AddParameter): Name = "Height"; Value = "4.5mm"; VariantName = "[No Variations]"
Add component (AddParameter): Name = "Height - Seated (Max)"; Value = "0.177inch"; VariantName = "[No Variations]"
Add component (AddParameter): Name = "Inductance"; Value = "15uH"; VariantName = "[No Variations]"
Add component (AddParameter): Name = "Inductance Tolerance"; Value = "20%"; VariantName = "[No Variations]"
Add component (AddParameter): Name = "Lead Free"; Value = "Lead Free"; VariantName = "[No Variations]"
Add component (AddParameter): Name = "Lead Pitch"; Value = "4.7mm"; VariantName = "[No Variations]"
Add component (AddParameter): Name = "Length"; Value = "6mm"; VariantName = "[No Variations]"
Add component (AddParameter): Name = "Max DC Current"; Value = "1.9A"; VariantName = "[No Variations]"
Add component (AddParameter): Name = "Max Operating Temperature"; Value = "125°C"; VariantName = "[No Variations]"
Add component (AddParameter): Name = "Min Operating Temperature"; Value = "-25°C"; VariantName = "[No Variations]"
Add component (AddParameter): Name = "Mount"; Value = "Surface Mount"; VariantName = "[No Variations]"
Add component (AddParameter): Name = "Number of Pins"; Value = "2"; VariantName = "[No Variations]"
Add component (AddParameter): Name = "Package Quantity"; Value = "1500"; VariantName = "[No Variations]"
Add component (AddParameter): Name = "Packaging"; Value = "Tape and Reel"; VariantName = "[No Variations]"
Add component (AddParameter): Name = "Radiation Hardening"; Value = "No"; VariantName = "[No Variations]"
Add component (AddParameter): Name = "Resistor Type"; Value = "Wirewound"; VariantName = "[No Variations]"
Add component (AddParameter): Name = "RMS Current (Irms)"; Value = "1.9A"; VariantName = "[No Variations]"
Add component (AddParameter): Name = "RoHS Compliant"; Value = "Yes"; VariantName = "[No Variations]"
Add component (AddParameter): Name = "Saturation Current"; Value = "2.5A"; VariantName = "[No Variations]"
Add component (AddParameter): Name = "Self Resonant Frequency"; Value = "10MHz"; VariantName = "[No Variations]"
Add component (AddParameter): Name = "Series"; Value = "NRS"; VariantName = "[No Variations]"
Add component (AddParameter): Name = "Shielding"; Value = "Shielded"; VariantName = "[No Variations]"
Add component (AddParameter): Name = "Termination"; Value = "SMD/SMT"; VariantName = "[No Variations]"
Add component (AddParameter): Name = "Test Frequency"; Value = "100kHz"; VariantName = "[No Variations]"
Add component (AddParameter): Name = "Tolerance"; Value = "20%"; VariantName = "[No Variations]"
Add component (AddParameter): Name = "Width"; Value = "6mm"; VariantName = "[No Variations]"
Added Component: Designator=L4(FP-NR6045-MFG)
Add component (AddParameter): Name = "Case/Package"; Value = "6045"; VariantName = "[No Variations]"
Add component (AddParameter): Name = "Core Material"; Value = "Ferrite"; VariantName = "[No Variations]"
Add component (AddParameter): Name = "Current Rating"; Value = "1.9A"; VariantName = "[No Variations]"
Add component (AddParameter): Name = "DC Resistance (DCR)"; Value = "91mR"; VariantName = "[No Variations]"
Add component (AddParameter): Name = "Depth"; Value = "6.2mm"; VariantName = "[No Variations]"
Add component (AddParameter): Name = "Halogen Free"; Value = "Halogen Free"; VariantName = "[No Variations]"
Add component (AddParameter): Name = "Height"; Value = "4.5mm"; VariantName = "[No Variations]"
Add component (AddParameter): Name = "Height - Seated (Max)"; Value = "0.177inch"; VariantName = "[No Variations]"
Add component (AddParameter): Name = "Inductance"; Value = "15uH"; VariantName = "[No Variations]"
Add component (AddParameter): Name = "Inductance Tolerance"; Value = "20%"; VariantName = "[No Variations]"
Add component (AddParameter): Name = "Lead Free"; Value = "Lead Free"; VariantName = "[No Variations]"
Add component (AddParameter): Name = "Lead Pitch"; Value = "4.7mm"; VariantName = "[No Variations]"
Add component (AddParameter): Name = "Length"; Value = "6mm"; VariantName = "[No Variations]"
Add component (AddParameter): Name = "Max DC Current"; Value = "1.9A"; VariantName = "[No Variations]"
Add component (AddParameter): Name = "Max Operating Temperature"; Value = "125°C"; VariantName = "[No Variations]"
Add component (AddParameter): Name = "Min Operating Temperature"; Value = "-25°C"; VariantName = "[No Variations]"
Add component (AddParameter): Name = "Mount"; Value = "Surface Mount"; VariantName = "[No Variations]"
Add component (AddParameter): Name = "Number of Pins"; Value = "2"; VariantName = "[No Variations]"
Add component (AddParameter): Name = "Package Quantity"; Value = "1500"; VariantName = "[No Variations]"
Add component (AddParameter): Name = "Packaging"; Value = "Tape and Reel"; VariantName = "[No Variations]"
Add component (AddParameter): Name = "Radiation Hardening"; Value = "No"; VariantName = "[No Variations]"
Add component (AddParameter): Name = "Resistor Type"; Value = "Wirewound"; VariantName = "[No Variations]"
Add component (AddParameter): Name = "RMS Current (Irms)"; Value = "1.9A"; VariantName = "[No Variations]"
Add component (AddParameter): Name = "RoHS Compliant"; Value = "Yes"; VariantName = "[No Variations]"
Add component (AddParameter): Name = "Saturation Current"; Value = "2.5A"; VariantName = "[No Variations]"
Add component (AddParameter): Name = "Self Resonant Frequency"; Value = "10MHz"; VariantName = "[No Variations]"
Add component (AddParameter): Name = "Series"; Value = "NRS"; VariantName = "[No Variations]"
Add component (AddParameter): Name = "Shielding"; Value = "Shielded"; VariantName = "[No Variations]"
Add component (AddParameter): Name = "Termination"; Value = "SMD/SMT"; VariantName = "[No Variations]"
Add component (AddParameter): Name = "Test Frequency"; Value = "100kHz"; VariantName = "[No Variations]"
Add component (AddParameter): Name = "Tolerance"; Value = "20%"; VariantName = "[No Variations]"
Add component (AddParameter): Name = "Width"; Value = "6mm"; VariantName = "[No Variations]"
Added Component: Designator=L5(FP-NR10050-MFG)
Add component (AddParameter): Name = "Case/Package"; Value = "Nonstandard"; VariantName = "[No Variations]"
Add component (AddParameter): Name = "Core Material"; Value = "Ferrite"; VariantName = "[No Variations]"
Add component (AddParameter): Name = "Current Rating"; Value = "4.1A"; VariantName = "[No Variations]"
Add component (AddParameter): Name = "DC Resistance (DCR)"; Value = "32.5mR"; VariantName = "[No Variations]"
Add component (AddParameter): Name = "Halogen Free"; Value = "Halogen Free"; VariantName = "[No Variations]"
Add component (AddParameter): Name = "Height"; Value = "5mm"; VariantName = "[No Variations]"
Add component (AddParameter): Name = "Height - Seated (Max)"; Value = "0.197inch"; VariantName = "[No Variations]"
Add component (AddParameter): Name = "Inductance"; Value = "10uH"; VariantName = "[No Variations]"
Add component (AddParameter): Name = "Inductance Tolerance"; Value = "20%"; VariantName = "[No Variations]"
Add component (AddParameter): Name = "Lead Free"; Value = "Lead Free"; VariantName = "[No Variations]"
Add component (AddParameter): Name = "Length"; Value = "0.394inch"; VariantName = "[No Variations]"
Add component (AddParameter): Name = "Max DC Current"; Value = "4.7A"; VariantName = "[No Variations]"
Add component (AddParameter): Name = "Max Operating Temperature"; Value = "105°C"; VariantName = "[No Variations]"
Add component (AddParameter): Name = "Min Operating Temperature"; Value = "-25°C"; VariantName = "[No Variations]"
Add component (AddParameter): Name = "Mount"; Value = "Surface Mount"; VariantName = "[No Variations]"
Add component (AddParameter): Name = "Number of Pins"; Value = "2"; VariantName = "[No Variations]"
Add component (AddParameter): Name = "Package Quantity"; Value = "500"; VariantName = "[No Variations]"
Add component (AddParameter): Name = "Packaging"; Value = "Tape and Reel"; VariantName = "[No Variations]"
Add component (AddParameter): Name = "Resistor Type"; Value = "Wirewound"; VariantName = "[No Variations]"
Add component (AddParameter): Name = "RMS Current (Irms)"; Value = "4.1A"; VariantName = "[No Variations]"
Add component (AddParameter): Name = "RoHS Compliant"; Value = "Yes"; VariantName = "[No Variations]"
Add component (AddParameter): Name = "Saturation Current"; Value = "4.7A"; VariantName = "[No Variations]"
Add component (AddParameter): Name = "Self Resonant Frequency"; Value = "15MHz"; VariantName = "[No Variations]"
Add component (AddParameter): Name = "Series"; Value = "NR"; VariantName = "[No Variations]"
Add component (AddParameter): Name = "Shielding"; Value = "Shielded"; VariantName = "[No Variations]"
Add component (AddParameter): Name = "Termination"; Value = "SMD/SMT"; VariantName = "[No Variations]"
Add component (AddParameter): Name = "Test Frequency"; Value = "100kHz"; VariantName = "[No Variations]"
Add component (AddParameter): Name = "Tolerance"; Value = "20%"; VariantName = "[No Variations]"
Add component (AddParameter): Name = "Width"; Value = "0.386inch"; VariantName = "[No Variations]"
Added Component: Designator=L6(FP-NR6045-MFG)
Add component (AddParameter): Name = "Case/Package"; Value = "6045"; VariantName = "[No Variations]"
Add component (AddParameter): Name = "Core Material"; Value = "Ferrite"; VariantName = "[No Variations]"
Add component (AddParameter): Name = "Current Rating"; Value = "1.9A"; VariantName = "[No Variations]"
Add component (AddParameter): Name = "DC Resistance (DCR)"; Value = "91mR"; VariantName = "[No Variations]"
Add component (AddParameter): Name = "Depth"; Value = "6.2mm"; VariantName = "[No Variations]"
Add component (AddParameter): Name = "Halogen Free"; Value = "Halogen Free"; VariantName = "[No Variations]"
Add component (AddParameter): Name = "Height"; Value = "4.5mm"; VariantName = "[No Variations]"
Add component (AddParameter): Name = "Height - Seated (Max)"; Value = "0.177inch"; VariantName = "[No Variations]"
Add component (AddParameter): Name = "Inductance"; Value = "15uH"; VariantName = "[No Variations]"
Add component (AddParameter): Name = "Inductance Tolerance"; Value = "20%"; VariantName = "[No Variations]"
Add component (AddParameter): Name = "Lead Free"; Value = "Lead Free"; VariantName = "[No Variations]"
Add component (AddParameter): Name = "Lead Pitch"; Value = "4.7mm"; VariantName = "[No Variations]"
Add component (AddParameter): Name = "Length"; Value = "6mm"; VariantName = "[No Variations]"
Add component (AddParameter): Name = "Max DC Current"; Value = "1.9A"; VariantName = "[No Variations]"
Add component (AddParameter): Name = "Max Operating Temperature"; Value = "125°C"; VariantName = "[No Variations]"
Add component (AddParameter): Name = "Min Operating Temperature"; Value = "-25°C"; VariantName = "[No Variations]"
Add component (AddParameter): Name = "Mount"; Value = "Surface Mount"; VariantName = "[No Variations]"
Add component (AddParameter): Name = "Number of Pins"; Value = "2"; VariantName = "[No Variations]"
Add component (AddParameter): Name = "Package Quantity"; Value = "1500"; VariantName = "[No Variations]"
Add component (AddParameter): Name = "Packaging"; Value = "Tape and Reel"; VariantName = "[No Variations]"
Add component (AddParameter): Name = "Radiation Hardening"; Value = "No"; VariantName = "[No Variations]"
Add component (AddParameter): Name = "Resistor Type"; Value = "Wirewound"; VariantName = "[No Variations]"
Add component (AddParameter): Name = "RMS Current (Irms)"; Value = "1.9A"; VariantName = "[No Variations]"
Add component (AddParameter): Name = "RoHS Compliant"; Value = "Yes"; VariantName = "[No Variations]"
Add component (AddParameter): Name = "Saturation Current"; Value = "2.5A"; VariantName = "[No Variations]"
Add component (AddParameter): Name = "Self Resonant Frequency"; Value = "10MHz"; VariantName = "[No Variations]"
Add component (AddParameter): Name = "Series"; Value = "NRS"; VariantName = "[No Variations]"
Add component (AddParameter): Name = "Shielding"; Value = "Shielded"; VariantName = "[No Variations]"
Add component (AddParameter): Name = "Termination"; Value = "SMD/SMT"; VariantName = "[No Variations]"
Add component (AddParameter): Name = "Test Frequency"; Value = "100kHz"; VariantName = "[No Variations]"
Add component (AddParameter): Name = "Tolerance"; Value = "20%"; VariantName = "[No Variations]"
Add component (AddParameter): Name = "Width"; Value = "6mm"; VariantName = "[No Variations]"
Added Component: Designator=R1(RESC0805(2012)_M)
Add component (AddParameter): Name = "Case-EIA"; Value = "0805"; VariantName = "[No Variations]"
Add component (AddParameter): Name = "Case-Metric"; Value = "2012"; VariantName = "[No Variations]"
Add component (AddParameter): Name = "Power"; Value = "0.125 W"; VariantName = "[No Variations]"
Add component (AddParameter): Name = "Technology"; Value = "SMT"; VariantName = "[No Variations]"
Add component (AddParameter): Name = "Tolerance"; Value = "1 %"; VariantName = "[No Variations]"
Add component (AddParameter): Name = "Value"; Value = "124000.00 Ohm"; VariantName = "[No Variations]"
Added Component: Designator=R2(RESC0805(2012)_M)
Add component (AddParameter): Name = "Case-EIA"; Value = "0805"; VariantName = "[No Variations]"
Add component (AddParameter): Name = "Case-Metric"; Value = "2012"; VariantName = "[No Variations]"
Add component (AddParameter): Name = "Power"; Value = "0.125 W"; VariantName = "[No Variations]"
Add component (AddParameter): Name = "Technology"; Value = "SMT"; VariantName = "[No Variations]"
Add component (AddParameter): Name = "Tolerance"; Value = "1 %"; VariantName = "[No Variations]"
Add component (AddParameter): Name = "Value"; Value = "124000.00 Ohm"; VariantName = "[No Variations]"
Added Component: Designator=R3(RESC0805(2012)_M)
Add component (AddParameter): Name = "Case-EIA"; Value = "0805"; VariantName = "[No Variations]"
Add component (AddParameter): Name = "Case-Metric"; Value = "2012"; VariantName = "[No Variations]"
Add component (AddParameter): Name = "Power"; Value = "0.125 W"; VariantName = "[No Variations]"
Add component (AddParameter): Name = "Technology"; Value = "SMT"; VariantName = "[No Variations]"
Add component (AddParameter): Name = "Tolerance"; Value = "1 %"; VariantName = "[No Variations]"
Add component (AddParameter): Name = "Value"; Value = "124000.00 Ohm"; VariantName = "[No Variations]"
Added Component: Designator=R4(RESC0805(2012)_M)
Add component (AddParameter): Name = "Case-EIA"; Value = "0805"; VariantName = "[No Variations]"
Add component (AddParameter): Name = "Case-Metric"; Value = "2012"; VariantName = "[No Variations]"
Add component (AddParameter): Name = "Power"; Value = "0.125 W"; VariantName = "[No Variations]"
Add component (AddParameter): Name = "Technology"; Value = "SMT"; VariantName = "[No Variations]"
Add component (AddParameter): Name = "Tolerance"; Value = "1 %"; VariantName = "[No Variations]"
Add component (AddParameter): Name = "Value"; Value = "124000.00 Ohm"; VariantName = "[No Variations]"
Added Component: Designator=R5(RESC0805(2012)_M)
Add component (AddParameter): Name = "Case-EIA"; Value = "0805"; VariantName = "[No Variations]"
Add component (AddParameter): Name = "Case-Metric"; Value = "2012"; VariantName = "[No Variations]"
Add component (AddParameter): Name = "Power"; Value = "0.125 W"; VariantName = "[No Variations]"
Add component (AddParameter): Name = "Technology"; Value = "SMT"; VariantName = "[No Variations]"
Add component (AddParameter): Name = "Tolerance"; Value = "1 %"; VariantName = "[No Variations]"
Add component (AddParameter): Name = "Value"; Value = "124000.00 Ohm"; VariantName = "[No Variations]"
Added Component: Designator=R6(RESC0805(2012)_M)
Add component (AddParameter): Name = "Case-EIA"; Value = "0805"; VariantName = "[No Variations]"
Add component (AddParameter): Name = "Case-Metric"; Value = "2012"; VariantName = "[No Variations]"
Add component (AddParameter): Name = "Power"; Value = "0.125 W"; VariantName = "[No Variations]"
Add component (AddParameter): Name = "Technology"; Value = "SMT"; VariantName = "[No Variations]"
Add component (AddParameter): Name = "Tolerance"; Value = "1 %"; VariantName = "[No Variations]"
Add component (AddParameter): Name = "Value"; Value = "124000.00 Ohm"; VariantName = "[No Variations]"
Added Component: Designator=R7(RESC0805(2012)_M)
Add component (AddParameter): Name = "Case-EIA"; Value = "0805"; VariantName = "[No Variations]"
Add component (AddParameter): Name = "Case-Metric"; Value = "2012"; VariantName = "[No Variations]"
Add component (AddParameter): Name = "Power"; Value = "0.125 W"; VariantName = "[No Variations]"
Add component (AddParameter): Name = "Technology"; Value = "SMT"; VariantName = "[No Variations]"
Add component (AddParameter): Name = "Tolerance"; Value = "1 %"; VariantName = "[No Variations]"
Add component (AddParameter): Name = "Value"; Value = "124000.00 Ohm"; VariantName = "[No Variations]"
Added Component: Designator=R8(RESC0805(2012)_M)
Add component (AddParameter): Name = "Case-EIA"; Value = "0805"; VariantName = "[No Variations]"
Add component (AddParameter): Name = "Case-Metric"; Value = "2012"; VariantName = "[No Variations]"
Add component (AddParameter): Name = "Power"; Value = "0.125 W"; VariantName = "[No Variations]"
Add component (AddParameter): Name = "Technology"; Value = "SMT"; VariantName = "[No Variations]"
Add component (AddParameter): Name = "Tolerance"; Value = "1 %"; VariantName = "[No Variations]"
Add component (AddParameter): Name = "Value"; Value = "124000.00 Ohm"; VariantName = "[No Variations]"
Added Component: Designator=R9(RESC0805(2012)_M)
Add component (AddParameter): Name = "Case-EIA"; Value = "0805"; VariantName = "[No Variations]"
Add component (AddParameter): Name = "Case-Metric"; Value = "2012"; VariantName = "[No Variations]"
Add component (AddParameter): Name = "Power"; Value = "0.125 W"; VariantName = "[No Variations]"
Add component (AddParameter): Name = "Technology"; Value = "SMT"; VariantName = "[No Variations]"
Add component (AddParameter): Name = "Tolerance"; Value = "1 %"; VariantName = "[No Variations]"
Add component (AddParameter): Name = "Value"; Value = "124000.00 Ohm"; VariantName = "[No Variations]"
Added Component: Designator=R10(RESC0805(2012)_M)
Add component (AddParameter): Name = "Case-EIA"; Value = "0805"; VariantName = "[No Variations]"
Add component (AddParameter): Name = "Case-Metric"; Value = "2012"; VariantName = "[No Variations]"
Add component (AddParameter): Name = "Power"; Value = "0.125 W"; VariantName = "[No Variations]"
Add component (AddParameter): Name = "Technology"; Value = "SMT"; VariantName = "[No Variations]"
Add component (AddParameter): Name = "Tolerance"; Value = "1 %"; VariantName = "[No Variations]"
Add component (AddParameter): Name = "Value"; Value = "124000.00 Ohm"; VariantName = "[No Variations]"
Added Component: Designator=R11(RESC0805(2012)_M)
Add component (AddParameter): Name = "Case-EIA"; Value = "0805"; VariantName = "[No Variations]"
Add component (AddParameter): Name = "Case-Metric"; Value = "2012"; VariantName = "[No Variations]"
Add component (AddParameter): Name = "Power"; Value = "0.125 W"; VariantName = "[No Variations]"
Add component (AddParameter): Name = "Technology"; Value = "SMT"; VariantName = "[No Variations]"
Add component (AddParameter): Name = "Tolerance"; Value = "1 %"; VariantName = "[No Variations]"
Add component (AddParameter): Name = "Value"; Value = "124000.00 Ohm"; VariantName = "[No Variations]"
Added Component: Designator=R12(RESC0805(2012)_M)
Add component (AddParameter): Name = "Case-EIA"; Value = "0805"; VariantName = "[No Variations]"
Add component (AddParameter): Name = "Case-Metric"; Value = "2012"; VariantName = "[No Variations]"
Add component (AddParameter): Name = "Power"; Value = "0.125 W"; VariantName = "[No Variations]"
Add component (AddParameter): Name = "Technology"; Value = "SMT"; VariantName = "[No Variations]"
Add component (AddParameter): Name = "Tolerance"; Value = "1 %"; VariantName = "[No Variations]"
Add component (AddParameter): Name = "Value"; Value = "124000.00 Ohm"; VariantName = "[No Variations]"
Added Component: Designator=R13(RESC0805(2012)_M)
Add component (AddParameter): Name = "Case-EIA"; Value = "0805"; VariantName = "[No Variations]"
Add component (AddParameter): Name = "Case-Metric"; Value = "2012"; VariantName = "[No Variations]"
Add component (AddParameter): Name = "Power"; Value = "0.125 W"; VariantName = "[No Variations]"
Add component (AddParameter): Name = "Technology"; Value = "SMT"; VariantName = "[No Variations]"
Add component (AddParameter): Name = "Tolerance"; Value = "1 %"; VariantName = "[No Variations]"
Add component (AddParameter): Name = "Value"; Value = "124000.00 Ohm"; VariantName = "[No Variations]"
Added Component: Designator=R14(RESC0805(2012)_M)
Add component (AddParameter): Name = "Case-EIA"; Value = "0805"; VariantName = "[No Variations]"
Add component (AddParameter): Name = "Case-Metric"; Value = "2012"; VariantName = "[No Variations]"
Add component (AddParameter): Name = "Power"; Value = "0.125 W"; VariantName = "[No Variations]"
Add component (AddParameter): Name = "Technology"; Value = "SMT"; VariantName = "[No Variations]"
Add component (AddParameter): Name = "Tolerance"; Value = "1 %"; VariantName = "[No Variations]"
Add component (AddParameter): Name = "Value"; Value = "124000.00 Ohm"; VariantName = "[No Variations]"
Added Component: Designator=R15(RESC0805(2012)_M)
Add component (AddParameter): Name = "Case-EIA"; Value = "0805"; VariantName = "[No Variations]"
Add component (AddParameter): Name = "Case-Metric"; Value = "2012"; VariantName = "[No Variations]"
Add component (AddParameter): Name = "Power"; Value = "0.125 W"; VariantName = "[No Variations]"
Add component (AddParameter): Name = "Technology"; Value = "SMT"; VariantName = "[No Variations]"
Add component (AddParameter): Name = "Tolerance"; Value = "1 %"; VariantName = "[No Variations]"
Add component (AddParameter): Name = "Value"; Value = "124000.00 Ohm"; VariantName = "[No Variations]"
Added Component: Designator=R16(RESC0805(2012)_M)
Add component (AddParameter): Name = "Case-EIA"; Value = "0805"; VariantName = "[No Variations]"
Add component (AddParameter): Name = "Case-Metric"; Value = "2012"; VariantName = "[No Variations]"
Add component (AddParameter): Name = "Power"; Value = "0.125 W"; VariantName = "[No Variations]"
Add component (AddParameter): Name = "Technology"; Value = "SMT"; VariantName = "[No Variations]"
Add component (AddParameter): Name = "Tolerance"; Value = "1 %"; VariantName = "[No Variations]"
Add component (AddParameter): Name = "Value"; Value = "124000.00 Ohm"; VariantName = "[No Variations]"
Added Component: Designator=R17(RESC0805(2012)_M)
Add component (AddParameter): Name = "Case-EIA"; Value = "0805"; VariantName = "[No Variations]"
Add component (AddParameter): Name = "Case-Metric"; Value = "2012"; VariantName = "[No Variations]"
Add component (AddParameter): Name = "Power"; Value = "0.125 W"; VariantName = "[No Variations]"
Add component (AddParameter): Name = "Technology"; Value = "SMT"; VariantName = "[No Variations]"
Add component (AddParameter): Name = "Tolerance"; Value = "1 %"; VariantName = "[No Variations]"
Add component (AddParameter): Name = "Value"; Value = "124000.00 Ohm"; VariantName = "[No Variations]"
Added Component: Designator=R18(RESC0805(2012)_M)
Add component (AddParameter): Name = "Case-EIA"; Value = "0805"; VariantName = "[No Variations]"
Add component (AddParameter): Name = "Case-Metric"; Value = "2012"; VariantName = "[No Variations]"
Add component (AddParameter): Name = "Power"; Value = "0.125 W"; VariantName = "[No Variations]"
Add component (AddParameter): Name = "Technology"; Value = "SMT"; VariantName = "[No Variations]"
Add component (AddParameter): Name = "Tolerance"; Value = "1 %"; VariantName = "[No Variations]"
Add component (AddParameter): Name = "Value"; Value = "124000.00 Ohm"; VariantName = "[No Variations]"
Added Component: Designator=R19(RESC0805(2012)_M)
Add component (AddParameter): Name = "Case-EIA"; Value = "0805"; VariantName = "[No Variations]"
Add component (AddParameter): Name = "Case-Metric"; Value = "2012"; VariantName = "[No Variations]"
Add component (AddParameter): Name = "Power"; Value = "0.125 W"; VariantName = "[No Variations]"
Add component (AddParameter): Name = "Technology"; Value = "SMT"; VariantName = "[No Variations]"
Add component (AddParameter): Name = "Tolerance"; Value = "1 %"; VariantName = "[No Variations]"
Add component (AddParameter): Name = "Value"; Value = "124000.00 Ohm"; VariantName = "[No Variations]"
Added Component: Designator=R20(RESC0805(2012)_M)
Add component (AddParameter): Name = "Case-EIA"; Value = "0805"; VariantName = "[No Variations]"
Add component (AddParameter): Name = "Case-Metric"; Value = "2012"; VariantName = "[No Variations]"
Add component (AddParameter): Name = "Power"; Value = "0.125 W"; VariantName = "[No Variations]"
Add component (AddParameter): Name = "Technology"; Value = "SMT"; VariantName = "[No Variations]"
Add component (AddParameter): Name = "Tolerance"; Value = "1 %"; VariantName = "[No Variations]"
Add component (AddParameter): Name = "Value"; Value = "124000.00 Ohm"; VariantName = "[No Variations]"
Added Component: Designator=R21(RESC0805(2012)_M)
Add component (AddParameter): Name = "Case-EIA"; Value = "0805"; VariantName = "[No Variations]"
Add component (AddParameter): Name = "Case-Metric"; Value = "2012"; VariantName = "[No Variations]"
Add component (AddParameter): Name = "Power"; Value = "0.125 W"; VariantName = "[No Variations]"
Add component (AddParameter): Name = "Technology"; Value = "SMT"; VariantName = "[No Variations]"
Add component (AddParameter): Name = "Tolerance"; Value = "1 %"; VariantName = "[No Variations]"
Add component (AddParameter): Name = "Value"; Value = "124000.00 Ohm"; VariantName = "[No Variations]"
Added Pin To Net: NetName=+5V Pin=C21-2
Added Pin To Net: NetName=+5V Pin=C22-2
Added Pin To Net: NetName=+5V Pin=C23-2
Added Pin To Net: NetName=+5V Pin=L5-2
Added Pin To Net: NetName=+5V Pin=R15-2
Added Net: Name=+5V
Added Pin To Net: NetName=+15V Pin=C8-2
Added Pin To Net: NetName=+15V Pin=C9-2
Added Pin To Net: NetName=+15V Pin=C10-2
Added Pin To Net: NetName=+15V Pin=L2-2
Added Pin To Net: NetName=+15V Pin=R5-2
Added Net: Name=+15V
Added Pin To Net: NetName=+24V Pin=B1-1
Added Pin To Net: NetName=+24V Pin=B1-20
Added Pin To Net: NetName=+24V Pin=B2-1
Added Pin To Net: NetName=+24V Pin=B2-20
Added Pin To Net: NetName=+24V Pin=C2-1
Added Pin To Net: NetName=+24V Pin=C3-1
Added Pin To Net: NetName=+24V Pin=C4-2
Added Pin To Net: NetName=+24V Pin=C5-2
Added Pin To Net: NetName=+24V Pin=C15-1
Added Pin To Net: NetName=+24V Pin=C16-1
Added Pin To Net: NetName=+24V Pin=C17-2
Added Pin To Net: NetName=+24V Pin=C18-2
Added Pin To Net: NetName=+24V Pin=L3-2
Added Pin To Net: NetName=+24V Pin=L6-2
Added Pin To Net: NetName=+24V Pin=R1-2
Added Pin To Net: NetName=+24V Pin=R2-1
Added Pin To Net: NetName=+24V Pin=R3-2
Added Pin To Net: NetName=+24V Pin=R11-2
Added Pin To Net: NetName=+24V Pin=R12-1
Added Pin To Net: NetName=+24V Pin=R13-2
Added Net: Name=+24V
Added Pin To Net: NetName=-5V Pin=C19-1
Added Pin To Net: NetName=-5V Pin=C20-1
Added Pin To Net: NetName=-5V Pin=C24-1
Added Pin To Net: NetName=-5V Pin=D3-2
Added Pin To Net: NetName=-5V Pin=R14-2
Added Net: Name=-5V
Added Pin To Net: NetName=-15V Pin=C6-1
Added Pin To Net: NetName=-15V Pin=C7-1
Added Pin To Net: NetName=-15V Pin=C11-1
Added Pin To Net: NetName=-15V Pin=D1-2
Added Pin To Net: NetName=-15V Pin=R4-2
Added Net: Name=-15V
Added Pin To Net: NetName=FB1_15V Pin=B1-5
Added Pin To Net: NetName=FB1_15V Pin=B2-5
Added Pin To Net: NetName=FB1_15V Pin=R5-1
Added Pin To Net: NetName=FB1_15V Pin=R8-2
Added Pin To Net: NetName=FB1_15V Pin=R15-1
Added Pin To Net: NetName=FB1_15V Pin=R18-2
Added Net: Name=FB1_15V
Added Pin To Net: NetName=FB2_15V Pin=B1-16
Added Pin To Net: NetName=FB2_15V Pin=B2-16
Added Pin To Net: NetName=FB2_15V Pin=R4-1
Added Pin To Net: NetName=FB2_15V Pin=R9-2
Added Pin To Net: NetName=FB2_15V Pin=R14-1
Added Pin To Net: NetName=FB2_15V Pin=R19-2
Added Net: Name=FB2_15V
Added Pin To Net: NetName=GND1 Pin=B1-9
Added Pin To Net: NetName=GND1 Pin=B1-10
Added Pin To Net: NetName=GND1 Pin=C1-2
Added Pin To Net: NetName=GND1 Pin=C2-2
Added Pin To Net: NetName=GND1 Pin=C4-1
Added Pin To Net: NetName=GND1 Pin=C5-1
Added Pin To Net: NetName=GND1 Pin=C8-1
Added Pin To Net: NetName=GND1 Pin=C9-1
Added Pin To Net: NetName=GND1 Pin=C10-1
Added Pin To Net: NetName=GND1 Pin=C12-2
Added Pin To Net: NetName=GND1 Pin=D2-2
Added Pin To Net: NetName=GND1 Pin=R6-1
Added Pin To Net: NetName=GND1 Pin=R7-1
Added Pin To Net: NetName=GND1 Pin=R8-1
Added Pin To Net: NetName=GND1 Pin=R10-2
Added Pin To Net: NetName=GND1 Pin=R21-1
Added Net: Name=GND1
Added Pin To Net: NetName=GND2 Pin=B1-11
Added Pin To Net: NetName=GND2 Pin=B1-12
Added Pin To Net: NetName=GND2 Pin=C3-2
Added Pin To Net: NetName=GND2 Pin=C6-2
Added Pin To Net: NetName=GND2 Pin=C7-2
Added Pin To Net: NetName=GND2 Pin=C11-2
Added Pin To Net: NetName=GND2 Pin=C13-2
Added Pin To Net: NetName=GND2 Pin=L1-2
Added Pin To Net: NetName=GND2 Pin=R9-1
Added Pin To Net: NetName=GND2 Pin=R10-1
Added Net: Name=GND2
Added Pin To Net: NetName=GND3 Pin=B2-9
Added Pin To Net: NetName=GND3 Pin=B2-10
Added Pin To Net: NetName=GND3 Pin=C14-2
Added Pin To Net: NetName=GND3 Pin=C15-2
Added Pin To Net: NetName=GND3 Pin=C17-1
Added Pin To Net: NetName=GND3 Pin=C18-1
Added Pin To Net: NetName=GND3 Pin=C21-1
Added Pin To Net: NetName=GND3 Pin=C22-1
Added Pin To Net: NetName=GND3 Pin=C23-1
Added Pin To Net: NetName=GND3 Pin=C25-2
Added Pin To Net: NetName=GND3 Pin=D4-2
Added Pin To Net: NetName=GND3 Pin=R16-1
Added Pin To Net: NetName=GND3 Pin=R17-1
Added Pin To Net: NetName=GND3 Pin=R18-1
Added Pin To Net: NetName=GND3 Pin=R20-2
Added Net: Name=GND3
Added Pin To Net: NetName=GND4 Pin=B2-11
Added Pin To Net: NetName=GND4 Pin=B2-12
Added Pin To Net: NetName=GND4 Pin=C16-2
Added Pin To Net: NetName=GND4 Pin=C19-2
Added Pin To Net: NetName=GND4 Pin=C20-2
Added Pin To Net: NetName=GND4 Pin=C24-2
Added Pin To Net: NetName=GND4 Pin=C26-2
Added Pin To Net: NetName=GND4 Pin=L4-2
Added Pin To Net: NetName=GND4 Pin=R19-1
Added Pin To Net: NetName=GND4 Pin=R20-1
Added Pin To Net: NetName=GND4 Pin=R21-2
Added Net: Name=GND4
Added Pin To Net: NetName=NetB1_2 Pin=B1-2
Added Pin To Net: NetName=NetB1_2 Pin=D2-1
Added Pin To Net: NetName=NetB1_2 Pin=L2-1
Added Net: Name=NetB1_2
Added Pin To Net: NetName=NetB1_3 Pin=B1-3
Added Pin To Net: NetName=NetB1_3 Pin=B1-14
Added Pin To Net: NetName=NetB1_3 Pin=B1-18
Added Pin To Net: NetName=NetB1_3 Pin=C1-1
Added Net: Name=NetB1_3
Added Pin To Net: NetName=NetB1_4 Pin=B1-4
Added Pin To Net: NetName=NetB1_4 Pin=R1-1
Added Net: Name=NetB1_4
Added Pin To Net: NetName=NetB1_6 Pin=B1-6
Added Pin To Net: NetName=NetB1_6 Pin=R3-1
Added Pin To Net: NetName=NetB1_6 Pin=R6-2
Added Net: Name=NetB1_6
Added Pin To Net: NetName=NetB1_7 Pin=B1-7
Added Pin To Net: NetName=NetB1_7 Pin=R7-2
Added Net: Name=NetB1_7
Added Pin To Net: NetName=NetB1_8 Pin=B1-8
Added Pin To Net: NetName=NetB1_8 Pin=C12-1
Added Net: Name=NetB1_8
Added Pin To Net: NetName=NetB1_13 Pin=B1-13
Added Pin To Net: NetName=NetB1_13 Pin=L3-1
Added Net: Name=NetB1_13
Added Pin To Net: NetName=NetB1_15 Pin=B1-15
Added Pin To Net: NetName=NetB1_15 Pin=C13-1
Added Net: Name=NetB1_15
Added Pin To Net: NetName=NetB1_17 Pin=B1-17
Added Pin To Net: NetName=NetB1_17 Pin=R2-2
Added Net: Name=NetB1_17
Added Pin To Net: NetName=NetB1_19 Pin=B1-19
Added Pin To Net: NetName=NetB1_19 Pin=D1-1
Added Pin To Net: NetName=NetB1_19 Pin=L1-1
Added Net: Name=NetB1_19
Added Pin To Net: NetName=NetB2_2 Pin=B2-2
Added Pin To Net: NetName=NetB2_2 Pin=D4-1
Added Pin To Net: NetName=NetB2_2 Pin=L5-1
Added Net: Name=NetB2_2
Added Pin To Net: NetName=NetB2_3 Pin=B2-3
Added Pin To Net: NetName=NetB2_3 Pin=B2-14
Added Pin To Net: NetName=NetB2_3 Pin=B2-18
Added Pin To Net: NetName=NetB2_3 Pin=C14-1
Added Net: Name=NetB2_3
Added Pin To Net: NetName=NetB2_4 Pin=B2-4
Added Pin To Net: NetName=NetB2_4 Pin=R11-1
Added Net: Name=NetB2_4
Added Pin To Net: NetName=NetB2_6 Pin=B2-6
Added Pin To Net: NetName=NetB2_6 Pin=R13-1
Added Pin To Net: NetName=NetB2_6 Pin=R16-2
Added Net: Name=NetB2_6
Added Pin To Net: NetName=NetB2_7 Pin=B2-7
Added Pin To Net: NetName=NetB2_7 Pin=R17-2
Added Net: Name=NetB2_7
Added Pin To Net: NetName=NetB2_8 Pin=B2-8
Added Pin To Net: NetName=NetB2_8 Pin=C25-1
Added Net: Name=NetB2_8
Added Pin To Net: NetName=NetB2_13 Pin=B2-13
Added Pin To Net: NetName=NetB2_13 Pin=L6-1
Added Net: Name=NetB2_13
Added Pin To Net: NetName=NetB2_15 Pin=B2-15
Added Pin To Net: NetName=NetB2_15 Pin=C26-1
Added Net: Name=NetB2_15
Added Pin To Net: NetName=NetB2_17 Pin=B2-17
Added Pin To Net: NetName=NetB2_17 Pin=R12-2
Added Net: Name=NetB2_17
Added Pin To Net: NetName=NetB2_19 Pin=B2-19
Added Pin To Net: NetName=NetB2_19 Pin=D3-1
Added Pin To Net: NetName=NetB2_19 Pin=L4-1
Added Net: Name=NetB2_19
Added Class: Name=Principal.V01.R00
Added Room: Name=Principal.V01.R00
