Added Component: Designator=B1(SOP65P780X200-28N)
Add component (AddParameter): Name = "Datasheet Link"; Value = "https://datasheet.datasheetarchive.com/originals/distributors/SFDatasheet-4/sf-00090057.pdf"; VariantName = "[No Variations]"
Add component (AddParameter): Name = "Geometry.Height"; Value = "2mm"; VariantName = "[No Variations]"
Add component (AddParameter): Name = "Manufacturer_Name"; Value = "Microchip"; VariantName = "[No Variations]"
Add component (AddParameter): Name = "Manufacturer_Part_Number"; Value = "MCP23S17-E/SS"; VariantName = "[No Variations]"
Add component (AddParameter): Name = "Mouser Part Number"; Value = "579-MCP23S17-E/SS"; VariantName = "[No Variations]"
Add component (AddParameter): Name = "Mouser Price/Stock"; Value = "https://www.mouser.co.uk/ProductDetail/Microchip-Technology/MCP23S17-E-SS?qs=usxtMOJb1RweSOLq2FO9lA%3D%3D"; VariantName = "[No Variations]"
Added Component: Designator=B2(SOIC127P600X175-8N)
Add component (AddParameter): Name = "Datasheet Link"; Value = "http://www.ti.com/lit/gpn/LMH6612"; VariantName = "[No Variations]"
Add component (AddParameter): Name = "Geometry.Height"; Value = "1.75mm"; VariantName = "[No Variations]"
Add component (AddParameter): Name = "Manufacturer_Name"; Value = "Texas Instruments"; VariantName = "[No Variations]"
Add component (AddParameter): Name = "Manufacturer_Part_Number"; Value = "LMH6612MAX/NOPB"; VariantName = "[No Variations]"
Add component (AddParameter): Name = "Mouser Part Number"; Value = "926-LMH6612MAX/NOPB"; VariantName = "[No Variations]"
Add component (AddParameter): Name = "Mouser Price/Stock"; Value = "https://www.mouser.co.uk/ProductDetail/Texas-Instruments/LMH6612MAX-NOPB?qs=7lkVKPoqpbYkkjxJnAARvQ%3D%3D"; VariantName = "[No Variations]"
Added Component: Designator=B3(SOIC127P600X175-8N)
Add component (AddParameter): Name = "Datasheet Link"; Value = "http://www.ti.com/lit/ds/symlink/ths4271.pdf"; VariantName = "[No Variations]"
Add component (AddParameter): Name = "Geometry.Height"; Value = "1.75mm"; VariantName = "[No Variations]"
Add component (AddParameter): Name = "Manufacturer_Name"; Value = "Texas Instruments"; VariantName = "[No Variations]"
Add component (AddParameter): Name = "Manufacturer_Part_Number"; Value = "THS4271D"; VariantName = "[No Variations]"
Add component (AddParameter): Name = "Mouser Part Number"; Value = "595-THS4271D"; VariantName = "[No Variations]"
Add component (AddParameter): Name = "Mouser Price/Stock"; Value = "https://www.mouser.co.uk/ProductDetail/Texas-Instruments/THS4271D?qs=ZmJdcv7QZ9ppdaigv2fizw%3D%3D"; VariantName = "[No Variations]"
Added Component: Designator=B4(SOIC127P600X175-8N)
Add component (AddParameter): Name = "Datasheet Link"; Value = "http://www.ti.com/lit/gpn/LMH6612"; VariantName = "[No Variations]"
Add component (AddParameter): Name = "Geometry.Height"; Value = "1.75mm"; VariantName = "[No Variations]"
Add component (AddParameter): Name = "Manufacturer_Name"; Value = "Texas Instruments"; VariantName = "[No Variations]"
Add component (AddParameter): Name = "Manufacturer_Part_Number"; Value = "LMH6612MAX/NOPB"; VariantName = "[No Variations]"
Add component (AddParameter): Name = "Mouser Part Number"; Value = "926-LMH6612MAX/NOPB"; VariantName = "[No Variations]"
Add component (AddParameter): Name = "Mouser Price/Stock"; Value = "https://www.mouser.co.uk/ProductDetail/Texas-Instruments/LMH6612MAX-NOPB?qs=7lkVKPoqpbYkkjxJnAARvQ%3D%3D"; VariantName = "[No Variations]"
Added Component: Designator=B5(SOIC127P600X175-8N)
Add component (AddParameter): Name = "Datasheet Link"; Value = "http://www.ti.com/lit/ds/symlink/ths4271.pdf"; VariantName = "[No Variations]"
Add component (AddParameter): Name = "Geometry.Height"; Value = "1.75mm"; VariantName = "[No Variations]"
Add component (AddParameter): Name = "Manufacturer_Name"; Value = "Texas Instruments"; VariantName = "[No Variations]"
Add component (AddParameter): Name = "Manufacturer_Part_Number"; Value = "THS4271D"; VariantName = "[No Variations]"
Add component (AddParameter): Name = "Mouser Part Number"; Value = "595-THS4271D"; VariantName = "[No Variations]"
Add component (AddParameter): Name = "Mouser Price/Stock"; Value = "https://www.mouser.co.uk/ProductDetail/Texas-Instruments/THS4271D?qs=ZmJdcv7QZ9ppdaigv2fizw%3D%3D"; VariantName = "[No Variations]"
Added Component: Designator=B7(SOIC127P790X216-8N)
Add component (AddParameter): Name = "Datasheet Link"; Value = "http://www.winbond.com/resource-files/w25q128jv%20dtr%20revb%2011042016.pdf"; VariantName = "[No Variations]"
Add component (AddParameter): Name = "Geometry.Height"; Value = "2.16mm"; VariantName = "[No Variations]"
Add component (AddParameter): Name = "Manufacturer_Name"; Value = "Winbond"; VariantName = "[No Variations]"
Add component (AddParameter): Name = "Manufacturer_Part_Number"; Value = "W25Q128JVSIM TR"; VariantName = "[No Variations]"
Add component (AddParameter): Name = "Mouser Part Number"; Value = "454-W25Q128JVSIMTR"; VariantName = "[No Variations]"
Add component (AddParameter): Name = "Mouser Price/Stock"; Value = "https://www.mouser.co.uk/ProductDetail/Winbond/W25Q128JVSIM-TR?qs=qSfuJ%252Bfl%2Fd6ji9IuruL6Zg%3D%3D"; VariantName = "[No Variations]"
Added Component: Designator=B8(SOIC127P600X175-8N)
Add component (AddParameter): Name = "Datasheet Link"; Value = "http://www.ti.com/lit/ds/symlink/ths4271.pdf"; VariantName = "[No Variations]"
Add component (AddParameter): Name = "Geometry.Height"; Value = "1.75mm"; VariantName = "[No Variations]"
Add component (AddParameter): Name = "Manufacturer_Name"; Value = "Texas Instruments"; VariantName = "[No Variations]"
Add component (AddParameter): Name = "Manufacturer_Part_Number"; Value = "THS4271D"; VariantName = "[No Variations]"
Add component (AddParameter): Name = "Mouser Part Number"; Value = "595-THS4271D"; VariantName = "[No Variations]"
Add component (AddParameter): Name = "Mouser Price/Stock"; Value = "https://www.mouser.co.uk/ProductDetail/Texas-Instruments/THS4271D?qs=ZmJdcv7QZ9ppdaigv2fizw%3D%3D"; VariantName = "[No Variations]"
Added Component: Designator=B9(SOIC127P600X175-8N)
Add component (AddParameter): Name = "Datasheet Link"; Value = "http://www.ti.com/lit/ds/symlink/ths4271.pdf"; VariantName = "[No Variations]"
Add component (AddParameter): Name = "Geometry.Height"; Value = "1.75mm"; VariantName = "[No Variations]"
Add component (AddParameter): Name = "Manufacturer_Name"; Value = "Texas Instruments"; VariantName = "[No Variations]"
Add component (AddParameter): Name = "Manufacturer_Part_Number"; Value = "THS4271D"; VariantName = "[No Variations]"
Add component (AddParameter): Name = "Mouser Part Number"; Value = "595-THS4271D"; VariantName = "[No Variations]"
Add component (AddParameter): Name = "Mouser Price/Stock"; Value = "https://www.mouser.co.uk/ProductDetail/Texas-Instruments/THS4271D?qs=ZmJdcv7QZ9ppdaigv2fizw%3D%3D"; VariantName = "[No Variations]"
Added Component: Designator=B10(SOIC127P600X175-8N)
Add component (AddParameter): Name = "Datasheet Link"; Value = "http://www.ti.com/lit/ds/symlink/ths4271.pdf"; VariantName = "[No Variations]"
Add component (AddParameter): Name = "Geometry.Height"; Value = "1.75mm"; VariantName = "[No Variations]"
Add component (AddParameter): Name = "Manufacturer_Name"; Value = "Texas Instruments"; VariantName = "[No Variations]"
Add component (AddParameter): Name = "Manufacturer_Part_Number"; Value = "THS4271D"; VariantName = "[No Variations]"
Add component (AddParameter): Name = "Mouser Part Number"; Value = "595-THS4271D"; VariantName = "[No Variations]"
Add component (AddParameter): Name = "Mouser Price/Stock"; Value = "https://www.mouser.co.uk/ProductDetail/Texas-Instruments/THS4271D?qs=ZmJdcv7QZ9ppdaigv2fizw%3D%3D"; VariantName = "[No Variations]"
Added Component: Designator=B11(SOIC127P600X175-8N)
Add component (AddParameter): Name = "Datasheet Link"; Value = "http://www.ti.com/lit/ds/symlink/ths4271.pdf"; VariantName = "[No Variations]"
Add component (AddParameter): Name = "Geometry.Height"; Value = "1.75mm"; VariantName = "[No Variations]"
Add component (AddParameter): Name = "Manufacturer_Name"; Value = "Texas Instruments"; VariantName = "[No Variations]"
Add component (AddParameter): Name = "Manufacturer_Part_Number"; Value = "THS4271D"; VariantName = "[No Variations]"
Add component (AddParameter): Name = "Mouser Part Number"; Value = "595-THS4271D"; VariantName = "[No Variations]"
Add component (AddParameter): Name = "Mouser Price/Stock"; Value = "https://www.mouser.co.uk/ProductDetail/Texas-Instruments/THS4271D?qs=ZmJdcv7QZ9ppdaigv2fizw%3D%3D"; VariantName = "[No Variations]"
Added Component: Designator=B12(SOIC127P600X175-14N)
Add component (AddParameter): Name = "Datasheet Link"; Value = "http://www.ti.com/lit/gpn/OPA4197"; VariantName = "[No Variations]"
Add component (AddParameter): Name = "Geometry.Height"; Value = "1.75mm"; VariantName = "[No Variations]"
Add component (AddParameter): Name = "Manufacturer_Name"; Value = "Texas Instruments"; VariantName = "[No Variations]"
Add component (AddParameter): Name = "Manufacturer_Part_Number"; Value = "OPA4197ID"; VariantName = "[No Variations]"
Add component (AddParameter): Name = "Mouser Part Number"; Value = "595-OPA4197ID"; VariantName = "[No Variations]"
Add component (AddParameter): Name = "Mouser Price/Stock"; Value = "https://www.mouser.co.uk/ProductDetail/Texas-Instruments/OPA4197ID?qs=LuYMPh7GGMRrQsevs5FGag%3D%3D"; VariantName = "[No Variations]"
Added Component: Designator=B13(QFN50P400X400X90-21N-D)
Add component (AddParameter): Name = "Datasheet Link"; Value = "https://www.psemi.com/pdf/datasheets/pe4312ds.pdf"; VariantName = "[No Variations]"
Add component (AddParameter): Name = "Geometry.Height"; Value = "0.9mm"; VariantName = "[No Variations]"
Add component (AddParameter): Name = "Manufacturer_Name"; Value = "Peregrine Semiconductor"; VariantName = "[No Variations]"
Add component (AddParameter): Name = "Manufacturer_Part_Number"; Value = "PE4312C-Z"; VariantName = "[No Variations]"
Add component (AddParameter): Name = "Mouser Part Number"; Value = "81-PE4312C-Z"; VariantName = "[No Variations]"
Add component (AddParameter): Name = "Mouser Price/Stock"; Value = "https://www.mouser.co.uk/ProductDetail/pSemi/PE4312C-Z?qs=l7cgNqFNU1hgFbGgRtu7ww%3D%3D"; VariantName = "[No Variations]"
Added Component: Designator=B14(QFN50P400X400X90-21N-D)
Add component (AddParameter): Name = "Datasheet Link"; Value = "https://www.psemi.com/pdf/datasheets/pe4312ds.pdf"; VariantName = "[No Variations]"
Add component (AddParameter): Name = "Geometry.Height"; Value = "0.9mm"; VariantName = "[No Variations]"
Add component (AddParameter): Name = "Manufacturer_Name"; Value = "Peregrine Semiconductor"; VariantName = "[No Variations]"
Add component (AddParameter): Name = "Manufacturer_Part_Number"; Value = "PE4312C-Z"; VariantName = "[No Variations]"
Add component (AddParameter): Name = "Mouser Part Number"; Value = "81-PE4312C-Z"; VariantName = "[No Variations]"
Add component (AddParameter): Name = "Mouser Price/Stock"; Value = "https://www.mouser.co.uk/ProductDetail/pSemi/PE4312C-Z?qs=l7cgNqFNU1hgFbGgRtu7ww%3D%3D"; VariantName = "[No Variations]"
Added Component: Designator=B15(SOP50P490X110-10N)
Add component (AddParameter): Name = "Datasheet Link"; Value = "https://www.mouser.de/datasheet/2/472/Si5351_B-2507774.pdf"; VariantName = "[No Variations]"
Add component (AddParameter): Name = "Geometry.Height"; Value = "1.1mm"; VariantName = "[No Variations]"
Add component (AddParameter): Name = "Manufacturer_Name"; Value = "Skyworks"; VariantName = "[No Variations]"
Add component (AddParameter): Name = "Manufacturer_Part_Number"; Value = "SI5351A-B-GTR"; VariantName = "[No Variations]"
Add component (AddParameter): Name = "Mouser Part Number"; Value = "634-SI5351A-B-GTR"; VariantName = "[No Variations]"
Add component (AddParameter): Name = "Mouser Price/Stock"; Value = "https://www.mouser.co.uk/ProductDetail/Skyworks-Solutions-Inc/SI5351A-B-GTR?qs=p9T7GgSe1IEYql%252BRMAlVcw%3D%3D"; VariantName = "[No Variations]"
Added Component: Designator=B16(QFN50P500X500X80-33N-D)
Add component (AddParameter): Name = "Datasheet Link"; Value = "https://www.analog.com/media/en/technical-documentation/data-sheets/AD9102.pdf"; VariantName = "[No Variations]"
Add component (AddParameter): Name = "Geometry.Height"; Value = "0.8mm"; VariantName = "[No Variations]"
Add component (AddParameter): Name = "Manufacturer_Name"; Value = "Analog Devices"; VariantName = "[No Variations]"
Add component (AddParameter): Name = "Manufacturer_Part_Number"; Value = "AD9102BCPZ"; VariantName = "[No Variations]"
Add component (AddParameter): Name = "Mouser Part Number"; Value = "584-AD9102BCPZ"; VariantName = "[No Variations]"
Add component (AddParameter): Name = "Mouser Price/Stock"; Value = "https://www.mouser.co.uk/ProductDetail/Analog-Devices/AD9102BCPZ?qs=%2FtpEQrCGXCx4RM%2FcE0d16g%3D%3D"; VariantName = "[No Variations]"
Added Component: Designator=B17(QFN50P500X500X80-33N-D)
Add component (AddParameter): Name = "Datasheet Link"; Value = "https://www.analog.com/media/en/technical-documentation/data-sheets/AD9102.pdf"; VariantName = "[No Variations]"
Add component (AddParameter): Name = "Geometry.Height"; Value = "0.8mm"; VariantName = "[No Variations]"
Add component (AddParameter): Name = "Manufacturer_Name"; Value = "Analog Devices"; VariantName = "[No Variations]"
Add component (AddParameter): Name = "Manufacturer_Part_Number"; Value = "AD9102BCPZ"; VariantName = "[No Variations]"
Add component (AddParameter): Name = "Mouser Part Number"; Value = "584-AD9102BCPZ"; VariantName = "[No Variations]"
Add component (AddParameter): Name = "Mouser Price/Stock"; Value = "https://www.mouser.co.uk/ProductDetail/Analog-Devices/AD9102BCPZ?qs=%2FtpEQrCGXCx4RM%2FcE0d16g%3D%3D"; VariantName = "[No Variations]"
Added Component: Designator=B18(SOP50P490X110-10N)
Add component (AddParameter): Name = "Datasheet Link"; Value = "http://www.ti.com/lit/gpn/dac8562"; VariantName = "[No Variations]"
Add component (AddParameter): Name = "Geometry.Height"; Value = "1.1mm"; VariantName = "[No Variations]"
Add component (AddParameter): Name = "Manufacturer_Name"; Value = "Texas Instruments"; VariantName = "[No Variations]"
Add component (AddParameter): Name = "Manufacturer_Part_Number"; Value = "DAC8562SDGSR"; VariantName = "[No Variations]"
Add component (AddParameter): Name = "Mouser Part Number"; Value = "595-DAC8562SDGSR"; VariantName = "[No Variations]"
Add component (AddParameter): Name = "Mouser Price/Stock"; Value = "https://www.mouser.co.uk/ProductDetail/Texas-Instruments/DAC8562SDGSR?qs=L4ss%2FyqpMWQjhHzbOFnTNg%3D%3D"; VariantName = "[No Variations]"
Added Component: Designator=C1(CAP_0805)
Add component (AddParameter): Name = "Dielectric"; Value = ""; VariantName = "[No Variations]"
Add component (AddParameter): Name = "Distributor Link"; Value = ""; VariantName = "[No Variations]"
Add component (AddParameter): Name = "LCSC"; Value = ""; VariantName = "[No Variations]"
Add component (AddParameter): Name = "Manufacturer"; Value = ""; VariantName = "[No Variations]"
Add component (AddParameter): Name = "Manufacturer Part Number"; Value = ""; VariantName = "[No Variations]"
Add component (AddParameter): Name = "Rating"; Value = ""; VariantName = "[No Variations]"
Added Component: Designator=C2(CAP_0805)
Add component (AddParameter): Name = "Dielectric"; Value = ""; VariantName = "[No Variations]"
Add component (AddParameter): Name = "Distributor Link"; Value = ""; VariantName = "[No Variations]"
Add component (AddParameter): Name = "LCSC"; Value = ""; VariantName = "[No Variations]"
Add component (AddParameter): Name = "Manufacturer"; Value = ""; VariantName = "[No Variations]"
Add component (AddParameter): Name = "Manufacturer Part Number"; Value = ""; VariantName = "[No Variations]"
Add component (AddParameter): Name = "Rating"; Value = ""; VariantName = "[No Variations]"
Added Component: Designator=C3(CAP_0805)
Add component (AddParameter): Name = "Dielectric"; Value = ""; VariantName = "[No Variations]"
Add component (AddParameter): Name = "Distributor Link"; Value = ""; VariantName = "[No Variations]"
Add component (AddParameter): Name = "LCSC"; Value = ""; VariantName = "[No Variations]"
Add component (AddParameter): Name = "Manufacturer"; Value = ""; VariantName = "[No Variations]"
Add component (AddParameter): Name = "Manufacturer Part Number"; Value = ""; VariantName = "[No Variations]"
Add component (AddParameter): Name = "Rating"; Value = ""; VariantName = "[No Variations]"
Added Component: Designator=C4(CAP_0805)
Add component (AddParameter): Name = "Dielectric"; Value = ""; VariantName = "[No Variations]"
Add component (AddParameter): Name = "Distributor Link"; Value = ""; VariantName = "[No Variations]"
Add component (AddParameter): Name = "LCSC"; Value = ""; VariantName = "[No Variations]"
Add component (AddParameter): Name = "Manufacturer"; Value = ""; VariantName = "[No Variations]"
Add component (AddParameter): Name = "Manufacturer Part Number"; Value = ""; VariantName = "[No Variations]"
Add component (AddParameter): Name = "Rating"; Value = ""; VariantName = "[No Variations]"
Added Component: Designator=C5(CAP_0805)
Add component (AddParameter): Name = "Dielectric"; Value = ""; VariantName = "[No Variations]"
Add component (AddParameter): Name = "Distributor Link"; Value = ""; VariantName = "[No Variations]"
Add component (AddParameter): Name = "LCSC"; Value = ""; VariantName = "[No Variations]"
Add component (AddParameter): Name = "Manufacturer"; Value = ""; VariantName = "[No Variations]"
Add component (AddParameter): Name = "Manufacturer Part Number"; Value = ""; VariantName = "[No Variations]"
Add component (AddParameter): Name = "Rating"; Value = ""; VariantName = "[No Variations]"
Added Component: Designator=C6(CAP_0805)
Add component (AddParameter): Name = "Dielectric"; Value = ""; VariantName = "[No Variations]"
Add component (AddParameter): Name = "Distributor Link"; Value = ""; VariantName = "[No Variations]"
Add component (AddParameter): Name = "LCSC"; Value = ""; VariantName = "[No Variations]"
Add component (AddParameter): Name = "Manufacturer"; Value = ""; VariantName = "[No Variations]"
Add component (AddParameter): Name = "Manufacturer Part Number"; Value = ""; VariantName = "[No Variations]"
Add component (AddParameter): Name = "Rating"; Value = ""; VariantName = "[No Variations]"
Added Component: Designator=C7(CAP_0805)
Add component (AddParameter): Name = "Dielectric"; Value = ""; VariantName = "[No Variations]"
Add component (AddParameter): Name = "Distributor Link"; Value = ""; VariantName = "[No Variations]"
Add component (AddParameter): Name = "LCSC"; Value = ""; VariantName = "[No Variations]"
Add component (AddParameter): Name = "Manufacturer"; Value = ""; VariantName = "[No Variations]"
Add component (AddParameter): Name = "Manufacturer Part Number"; Value = ""; VariantName = "[No Variations]"
Add component (AddParameter): Name = "Rating"; Value = ""; VariantName = "[No Variations]"
Added Component: Designator=C8(CAP_0805)
Add component (AddParameter): Name = "Dielectric"; Value = ""; VariantName = "[No Variations]"
Add component (AddParameter): Name = "Distributor Link"; Value = ""; VariantName = "[No Variations]"
Add component (AddParameter): Name = "LCSC"; Value = ""; VariantName = "[No Variations]"
Add component (AddParameter): Name = "Manufacturer"; Value = ""; VariantName = "[No Variations]"
Add component (AddParameter): Name = "Manufacturer Part Number"; Value = ""; VariantName = "[No Variations]"
Add component (AddParameter): Name = "Rating"; Value = ""; VariantName = "[No Variations]"
Added Component: Designator=C9(CAP_0805)
Add component (AddParameter): Name = "Dielectric"; Value = ""; VariantName = "[No Variations]"
Add component (AddParameter): Name = "Distributor Link"; Value = ""; VariantName = "[No Variations]"
Add component (AddParameter): Name = "LCSC"; Value = ""; VariantName = "[No Variations]"
Add component (AddParameter): Name = "Manufacturer"; Value = ""; VariantName = "[No Variations]"
Add component (AddParameter): Name = "Manufacturer Part Number"; Value = ""; VariantName = "[No Variations]"
Add component (AddParameter): Name = "Rating"; Value = ""; VariantName = "[No Variations]"
Added Component: Designator=C10(CAP_0805)
Add component (AddParameter): Name = "Dielectric"; Value = ""; VariantName = "[No Variations]"
Add component (AddParameter): Name = "Distributor Link"; Value = ""; VariantName = "[No Variations]"
Add component (AddParameter): Name = "LCSC"; Value = ""; VariantName = "[No Variations]"
Add component (AddParameter): Name = "Manufacturer"; Value = ""; VariantName = "[No Variations]"
Add component (AddParameter): Name = "Manufacturer Part Number"; Value = ""; VariantName = "[No Variations]"
Add component (AddParameter): Name = "Rating"; Value = ""; VariantName = "[No Variations]"
Added Component: Designator=C11(CAP_0805)
Add component (AddParameter): Name = "Dielectric"; Value = ""; VariantName = "[No Variations]"
Add component (AddParameter): Name = "Distributor Link"; Value = ""; VariantName = "[No Variations]"
Add component (AddParameter): Name = "LCSC"; Value = ""; VariantName = "[No Variations]"
Add component (AddParameter): Name = "Manufacturer"; Value = ""; VariantName = "[No Variations]"
Add component (AddParameter): Name = "Manufacturer Part Number"; Value = ""; VariantName = "[No Variations]"
Add component (AddParameter): Name = "Rating"; Value = ""; VariantName = "[No Variations]"
Added Component: Designator=C12(CAP_0805)
Add component (AddParameter): Name = "Dielectric"; Value = ""; VariantName = "[No Variations]"
Add component (AddParameter): Name = "Distributor Link"; Value = ""; VariantName = "[No Variations]"
Add component (AddParameter): Name = "LCSC"; Value = ""; VariantName = "[No Variations]"
Add component (AddParameter): Name = "Manufacturer"; Value = ""; VariantName = "[No Variations]"
Add component (AddParameter): Name = "Manufacturer Part Number"; Value = ""; VariantName = "[No Variations]"
Add component (AddParameter): Name = "Rating"; Value = ""; VariantName = "[No Variations]"
Added Component: Designator=C13(CAP_0805)
Add component (AddParameter): Name = "Dielectric"; Value = ""; VariantName = "[No Variations]"
Add component (AddParameter): Name = "Distributor Link"; Value = ""; VariantName = "[No Variations]"
Add component (AddParameter): Name = "LCSC"; Value = ""; VariantName = "[No Variations]"
Add component (AddParameter): Name = "Manufacturer"; Value = ""; VariantName = "[No Variations]"
Add component (AddParameter): Name = "Manufacturer Part Number"; Value = ""; VariantName = "[No Variations]"
Add component (AddParameter): Name = "Rating"; Value = ""; VariantName = "[No Variations]"
Added Component: Designator=C14(CAP_0805)
Add component (AddParameter): Name = "Dielectric"; Value = ""; VariantName = "[No Variations]"
Add component (AddParameter): Name = "Distributor Link"; Value = ""; VariantName = "[No Variations]"
Add component (AddParameter): Name = "LCSC"; Value = ""; VariantName = "[No Variations]"
Add component (AddParameter): Name = "Manufacturer"; Value = ""; VariantName = "[No Variations]"
Add component (AddParameter): Name = "Manufacturer Part Number"; Value = ""; VariantName = "[No Variations]"
Add component (AddParameter): Name = "Rating"; Value = ""; VariantName = "[No Variations]"
Added Component: Designator=C15(CAP_0805)
Add component (AddParameter): Name = "Dielectric"; Value = ""; VariantName = "[No Variations]"
Add component (AddParameter): Name = "Distributor Link"; Value = ""; VariantName = "[No Variations]"
Add component (AddParameter): Name = "LCSC"; Value = ""; VariantName = "[No Variations]"
Add component (AddParameter): Name = "Manufacturer"; Value = ""; VariantName = "[No Variations]"
Add component (AddParameter): Name = "Manufacturer Part Number"; Value = ""; VariantName = "[No Variations]"
Add component (AddParameter): Name = "Rating"; Value = ""; VariantName = "[No Variations]"
Added Component: Designator=C16(CAP_0805)
Add component (AddParameter): Name = "Dielectric"; Value = ""; VariantName = "[No Variations]"
Add component (AddParameter): Name = "Distributor Link"; Value = ""; VariantName = "[No Variations]"
Add component (AddParameter): Name = "LCSC"; Value = ""; VariantName = "[No Variations]"
Add component (AddParameter): Name = "Manufacturer"; Value = ""; VariantName = "[No Variations]"
Add component (AddParameter): Name = "Manufacturer Part Number"; Value = ""; VariantName = "[No Variations]"
Add component (AddParameter): Name = "Rating"; Value = ""; VariantName = "[No Variations]"
Added Component: Designator=C17(CAP_0805)
Add component (AddParameter): Name = "Dielectric"; Value = ""; VariantName = "[No Variations]"
Add component (AddParameter): Name = "Distributor Link"; Value = ""; VariantName = "[No Variations]"
Add component (AddParameter): Name = "LCSC"; Value = ""; VariantName = "[No Variations]"
Add component (AddParameter): Name = "Manufacturer"; Value = ""; VariantName = "[No Variations]"
Add component (AddParameter): Name = "Manufacturer Part Number"; Value = ""; VariantName = "[No Variations]"
Add component (AddParameter): Name = "Rating"; Value = ""; VariantName = "[No Variations]"
Added Component: Designator=C18(CAP_0805)
Add component (AddParameter): Name = "Dielectric"; Value = ""; VariantName = "[No Variations]"
Add component (AddParameter): Name = "Distributor Link"; Value = ""; VariantName = "[No Variations]"
Add component (AddParameter): Name = "LCSC"; Value = ""; VariantName = "[No Variations]"
Add component (AddParameter): Name = "Manufacturer"; Value = ""; VariantName = "[No Variations]"
Add component (AddParameter): Name = "Manufacturer Part Number"; Value = ""; VariantName = "[No Variations]"
Add component (AddParameter): Name = "Rating"; Value = ""; VariantName = "[No Variations]"
Added Component: Designator=C19(CAP_0805)
Add component (AddParameter): Name = "Dielectric"; Value = ""; VariantName = "[No Variations]"
Add component (AddParameter): Name = "Distributor Link"; Value = ""; VariantName = "[No Variations]"
Add component (AddParameter): Name = "LCSC"; Value = ""; VariantName = "[No Variations]"
Add component (AddParameter): Name = "Manufacturer"; Value = ""; VariantName = "[No Variations]"
Add component (AddParameter): Name = "Manufacturer Part Number"; Value = ""; VariantName = "[No Variations]"
Add component (AddParameter): Name = "Rating"; Value = ""; VariantName = "[No Variations]"
Added Component: Designator=C20(CAP_0805)
Add component (AddParameter): Name = "Dielectric"; Value = ""; VariantName = "[No Variations]"
Add component (AddParameter): Name = "Distributor Link"; Value = ""; VariantName = "[No Variations]"
Add component (AddParameter): Name = "LCSC"; Value = ""; VariantName = "[No Variations]"
Add component (AddParameter): Name = "Manufacturer"; Value = ""; VariantName = "[No Variations]"
Add component (AddParameter): Name = "Manufacturer Part Number"; Value = ""; VariantName = "[No Variations]"
Add component (AddParameter): Name = "Rating"; Value = ""; VariantName = "[No Variations]"
Added Component: Designator=C21(CAP_0805)
Add component (AddParameter): Name = "Dielectric"; Value = ""; VariantName = "[No Variations]"
Add component (AddParameter): Name = "Distributor Link"; Value = ""; VariantName = "[No Variations]"
Add component (AddParameter): Name = "LCSC"; Value = ""; VariantName = "[No Variations]"
Add component (AddParameter): Name = "Manufacturer"; Value = ""; VariantName = "[No Variations]"
Add component (AddParameter): Name = "Manufacturer Part Number"; Value = ""; VariantName = "[No Variations]"
Add component (AddParameter): Name = "Rating"; Value = ""; VariantName = "[No Variations]"
Added Component: Designator=C22(CAP_0805)
Add component (AddParameter): Name = "Dielectric"; Value = ""; VariantName = "[No Variations]"
Add component (AddParameter): Name = "Distributor Link"; Value = ""; VariantName = "[No Variations]"
Add component (AddParameter): Name = "LCSC"; Value = ""; VariantName = "[No Variations]"
Add component (AddParameter): Name = "Manufacturer"; Value = ""; VariantName = "[No Variations]"
Add component (AddParameter): Name = "Manufacturer Part Number"; Value = ""; VariantName = "[No Variations]"
Add component (AddParameter): Name = "Rating"; Value = ""; VariantName = "[No Variations]"
Added Component: Designator=C23(CAP_0805)
Add component (AddParameter): Name = "Dielectric"; Value = ""; VariantName = "[No Variations]"
Add component (AddParameter): Name = "Distributor Link"; Value = ""; VariantName = "[No Variations]"
Add component (AddParameter): Name = "LCSC"; Value = ""; VariantName = "[No Variations]"
Add component (AddParameter): Name = "Manufacturer"; Value = ""; VariantName = "[No Variations]"
Add component (AddParameter): Name = "Manufacturer Part Number"; Value = ""; VariantName = "[No Variations]"
Add component (AddParameter): Name = "Rating"; Value = ""; VariantName = "[No Variations]"
Added Component: Designator=C24(CAP_0805)
Add component (AddParameter): Name = "Dielectric"; Value = ""; VariantName = "[No Variations]"
Add component (AddParameter): Name = "Distributor Link"; Value = ""; VariantName = "[No Variations]"
Add component (AddParameter): Name = "LCSC"; Value = ""; VariantName = "[No Variations]"
Add component (AddParameter): Name = "Manufacturer"; Value = ""; VariantName = "[No Variations]"
Add component (AddParameter): Name = "Manufacturer Part Number"; Value = ""; VariantName = "[No Variations]"
Add component (AddParameter): Name = "Rating"; Value = ""; VariantName = "[No Variations]"
Added Component: Designator=C25(CAP_0805)
Add component (AddParameter): Name = "Dielectric"; Value = ""; VariantName = "[No Variations]"
Add component (AddParameter): Name = "Distributor Link"; Value = ""; VariantName = "[No Variations]"
Add component (AddParameter): Name = "LCSC"; Value = ""; VariantName = "[No Variations]"
Add component (AddParameter): Name = "Manufacturer"; Value = ""; VariantName = "[No Variations]"
Add component (AddParameter): Name = "Manufacturer Part Number"; Value = ""; VariantName = "[No Variations]"
Add component (AddParameter): Name = "Rating"; Value = ""; VariantName = "[No Variations]"
Added Component: Designator=C26(CAP_0805)
Add component (AddParameter): Name = "Dielectric"; Value = ""; VariantName = "[No Variations]"
Add component (AddParameter): Name = "Distributor Link"; Value = ""; VariantName = "[No Variations]"
Add component (AddParameter): Name = "LCSC"; Value = ""; VariantName = "[No Variations]"
Add component (AddParameter): Name = "Manufacturer"; Value = ""; VariantName = "[No Variations]"
Add component (AddParameter): Name = "Manufacturer Part Number"; Value = ""; VariantName = "[No Variations]"
Add component (AddParameter): Name = "Rating"; Value = ""; VariantName = "[No Variations]"
Added Component: Designator=C27(CAP_0805)
Add component (AddParameter): Name = "Dielectric"; Value = ""; VariantName = "[No Variations]"
Add component (AddParameter): Name = "Distributor Link"; Value = ""; VariantName = "[No Variations]"
Add component (AddParameter): Name = "LCSC"; Value = ""; VariantName = "[No Variations]"
Add component (AddParameter): Name = "Manufacturer"; Value = ""; VariantName = "[No Variations]"
Add component (AddParameter): Name = "Manufacturer Part Number"; Value = ""; VariantName = "[No Variations]"
Add component (AddParameter): Name = "Rating"; Value = ""; VariantName = "[No Variations]"
Added Component: Designator=C28(CAP_0805)
Add component (AddParameter): Name = "Dielectric"; Value = ""; VariantName = "[No Variations]"
Add component (AddParameter): Name = "Distributor Link"; Value = ""; VariantName = "[No Variations]"
Add component (AddParameter): Name = "LCSC"; Value = ""; VariantName = "[No Variations]"
Add component (AddParameter): Name = "Manufacturer"; Value = ""; VariantName = "[No Variations]"
Add component (AddParameter): Name = "Manufacturer Part Number"; Value = ""; VariantName = "[No Variations]"
Add component (AddParameter): Name = "Rating"; Value = ""; VariantName = "[No Variations]"
Added Component: Designator=C29(CAP_0805)
Add component (AddParameter): Name = "Dielectric"; Value = ""; VariantName = "[No Variations]"
Add component (AddParameter): Name = "Distributor Link"; Value = ""; VariantName = "[No Variations]"
Add component (AddParameter): Name = "LCSC"; Value = ""; VariantName = "[No Variations]"
Add component (AddParameter): Name = "Manufacturer"; Value = ""; VariantName = "[No Variations]"
Add component (AddParameter): Name = "Manufacturer Part Number"; Value = ""; VariantName = "[No Variations]"
Add component (AddParameter): Name = "Rating"; Value = ""; VariantName = "[No Variations]"
Added Component: Designator=C30(CAP_0805)
Add component (AddParameter): Name = "Dielectric"; Value = ""; VariantName = "[No Variations]"
Add component (AddParameter): Name = "Distributor Link"; Value = ""; VariantName = "[No Variations]"
Add component (AddParameter): Name = "LCSC"; Value = ""; VariantName = "[No Variations]"
Add component (AddParameter): Name = "Manufacturer"; Value = ""; VariantName = "[No Variations]"
Add component (AddParameter): Name = "Manufacturer Part Number"; Value = ""; VariantName = "[No Variations]"
Add component (AddParameter): Name = "Rating"; Value = ""; VariantName = "[No Variations]"
Added Component: Designator=C31(CAP_0805)
Add component (AddParameter): Name = "Dielectric"; Value = ""; VariantName = "[No Variations]"
Add component (AddParameter): Name = "Distributor Link"; Value = ""; VariantName = "[No Variations]"
Add component (AddParameter): Name = "LCSC"; Value = ""; VariantName = "[No Variations]"
Add component (AddParameter): Name = "Manufacturer"; Value = ""; VariantName = "[No Variations]"
Add component (AddParameter): Name = "Manufacturer Part Number"; Value = ""; VariantName = "[No Variations]"
Add component (AddParameter): Name = "Rating"; Value = ""; VariantName = "[No Variations]"
Added Component: Designator=C32(CAP_0805)
Add component (AddParameter): Name = "Dielectric"; Value = ""; VariantName = "[No Variations]"
Add component (AddParameter): Name = "Distributor Link"; Value = ""; VariantName = "[No Variations]"
Add component (AddParameter): Name = "LCSC"; Value = ""; VariantName = "[No Variations]"
Add component (AddParameter): Name = "Manufacturer"; Value = ""; VariantName = "[No Variations]"
Add component (AddParameter): Name = "Manufacturer Part Number"; Value = ""; VariantName = "[No Variations]"
Add component (AddParameter): Name = "Rating"; Value = ""; VariantName = "[No Variations]"
Added Component: Designator=C33(CAP_0805)
Add component (AddParameter): Name = "Dielectric"; Value = ""; VariantName = "[No Variations]"
Add component (AddParameter): Name = "Distributor Link"; Value = ""; VariantName = "[No Variations]"
Add component (AddParameter): Name = "LCSC"; Value = ""; VariantName = "[No Variations]"
Add component (AddParameter): Name = "Manufacturer"; Value = ""; VariantName = "[No Variations]"
Add component (AddParameter): Name = "Manufacturer Part Number"; Value = ""; VariantName = "[No Variations]"
Add component (AddParameter): Name = "Rating"; Value = ""; VariantName = "[No Variations]"
Added Component: Designator=C34(CAP_0805)
Add component (AddParameter): Name = "Dielectric"; Value = ""; VariantName = "[No Variations]"
Add component (AddParameter): Name = "Distributor Link"; Value = ""; VariantName = "[No Variations]"
Add component (AddParameter): Name = "LCSC"; Value = ""; VariantName = "[No Variations]"
Add component (AddParameter): Name = "Manufacturer"; Value = ""; VariantName = "[No Variations]"
Add component (AddParameter): Name = "Manufacturer Part Number"; Value = ""; VariantName = "[No Variations]"
Add component (AddParameter): Name = "Rating"; Value = ""; VariantName = "[No Variations]"
Added Component: Designator=C35(CAP_0805)
Add component (AddParameter): Name = "Dielectric"; Value = ""; VariantName = "[No Variations]"
Add component (AddParameter): Name = "Distributor Link"; Value = ""; VariantName = "[No Variations]"
Add component (AddParameter): Name = "LCSC"; Value = ""; VariantName = "[No Variations]"
Add component (AddParameter): Name = "Manufacturer"; Value = ""; VariantName = "[No Variations]"
Add component (AddParameter): Name = "Manufacturer Part Number"; Value = ""; VariantName = "[No Variations]"
Add component (AddParameter): Name = "Rating"; Value = ""; VariantName = "[No Variations]"
Added Component: Designator=C36(CAP_0805)
Add component (AddParameter): Name = "Dielectric"; Value = ""; VariantName = "[No Variations]"
Add component (AddParameter): Name = "Distributor Link"; Value = ""; VariantName = "[No Variations]"
Add component (AddParameter): Name = "LCSC"; Value = ""; VariantName = "[No Variations]"
Add component (AddParameter): Name = "Manufacturer"; Value = ""; VariantName = "[No Variations]"
Add component (AddParameter): Name = "Manufacturer Part Number"; Value = ""; VariantName = "[No Variations]"
Add component (AddParameter): Name = "Rating"; Value = ""; VariantName = "[No Variations]"
Added Component: Designator=C37(CAP_0805)
Add component (AddParameter): Name = "Dielectric"; Value = ""; VariantName = "[No Variations]"
Add component (AddParameter): Name = "Distributor Link"; Value = ""; VariantName = "[No Variations]"
Add component (AddParameter): Name = "LCSC"; Value = ""; VariantName = "[No Variations]"
Add component (AddParameter): Name = "Manufacturer"; Value = ""; VariantName = "[No Variations]"
Add component (AddParameter): Name = "Manufacturer Part Number"; Value = ""; VariantName = "[No Variations]"
Add component (AddParameter): Name = "Rating"; Value = ""; VariantName = "[No Variations]"
Added Component: Designator=C38(CAP_0805)
Add component (AddParameter): Name = "Dielectric"; Value = ""; VariantName = "[No Variations]"
Add component (AddParameter): Name = "Distributor Link"; Value = ""; VariantName = "[No Variations]"
Add component (AddParameter): Name = "LCSC"; Value = ""; VariantName = "[No Variations]"
Add component (AddParameter): Name = "Manufacturer"; Value = ""; VariantName = "[No Variations]"
Add component (AddParameter): Name = "Manufacturer Part Number"; Value = ""; VariantName = "[No Variations]"
Add component (AddParameter): Name = "Rating"; Value = ""; VariantName = "[No Variations]"
Added Component: Designator=C39(CAP_0805)
Add component (AddParameter): Name = "Dielectric"; Value = ""; VariantName = "[No Variations]"
Add component (AddParameter): Name = "Distributor Link"; Value = ""; VariantName = "[No Variations]"
Add component (AddParameter): Name = "LCSC"; Value = ""; VariantName = "[No Variations]"
Add component (AddParameter): Name = "Manufacturer"; Value = ""; VariantName = "[No Variations]"
Add component (AddParameter): Name = "Manufacturer Part Number"; Value = ""; VariantName = "[No Variations]"
Add component (AddParameter): Name = "Rating"; Value = ""; VariantName = "[No Variations]"
Added Component: Designator=C40(CAP_0805)
Add component (AddParameter): Name = "Dielectric"; Value = ""; VariantName = "[No Variations]"
Add component (AddParameter): Name = "Distributor Link"; Value = ""; VariantName = "[No Variations]"
Add component (AddParameter): Name = "LCSC"; Value = ""; VariantName = "[No Variations]"
Add component (AddParameter): Name = "Manufacturer"; Value = ""; VariantName = "[No Variations]"
Add component (AddParameter): Name = "Manufacturer Part Number"; Value = ""; VariantName = "[No Variations]"
Add component (AddParameter): Name = "Rating"; Value = ""; VariantName = "[No Variations]"
Added Component: Designator=C41(CAP_0805)
Add component (AddParameter): Name = "Dielectric"; Value = ""; VariantName = "[No Variations]"
Add component (AddParameter): Name = "Distributor Link"; Value = ""; VariantName = "[No Variations]"
Add component (AddParameter): Name = "LCSC"; Value = ""; VariantName = "[No Variations]"
Add component (AddParameter): Name = "Manufacturer"; Value = ""; VariantName = "[No Variations]"
Add component (AddParameter): Name = "Manufacturer Part Number"; Value = ""; VariantName = "[No Variations]"
Add component (AddParameter): Name = "Rating"; Value = ""; VariantName = "[No Variations]"
Added Component: Designator=C42(CAP_0805)
Add component (AddParameter): Name = "Dielectric"; Value = ""; VariantName = "[No Variations]"
Add component (AddParameter): Name = "Distributor Link"; Value = ""; VariantName = "[No Variations]"
Add component (AddParameter): Name = "LCSC"; Value = ""; VariantName = "[No Variations]"
Add component (AddParameter): Name = "Manufacturer"; Value = ""; VariantName = "[No Variations]"
Add component (AddParameter): Name = "Manufacturer Part Number"; Value = ""; VariantName = "[No Variations]"
Add component (AddParameter): Name = "Rating"; Value = ""; VariantName = "[No Variations]"
Added Component: Designator=C43(CAP_0805)
Add component (AddParameter): Name = "Dielectric"; Value = ""; VariantName = "[No Variations]"
Add component (AddParameter): Name = "Distributor Link"; Value = ""; VariantName = "[No Variations]"
Add component (AddParameter): Name = "LCSC"; Value = ""; VariantName = "[No Variations]"
Add component (AddParameter): Name = "Manufacturer"; Value = ""; VariantName = "[No Variations]"
Add component (AddParameter): Name = "Manufacturer Part Number"; Value = ""; VariantName = "[No Variations]"
Add component (AddParameter): Name = "Rating"; Value = ""; VariantName = "[No Variations]"
Added Component: Designator=C44(CAP_0805)
Add component (AddParameter): Name = "Dielectric"; Value = ""; VariantName = "[No Variations]"
Add component (AddParameter): Name = "Distributor Link"; Value = ""; VariantName = "[No Variations]"
Add component (AddParameter): Name = "LCSC"; Value = ""; VariantName = "[No Variations]"
Add component (AddParameter): Name = "Manufacturer"; Value = ""; VariantName = "[No Variations]"
Add component (AddParameter): Name = "Manufacturer Part Number"; Value = ""; VariantName = "[No Variations]"
Add component (AddParameter): Name = "Rating"; Value = ""; VariantName = "[No Variations]"
Added Component: Designator=C45(CAP_0805)
Add component (AddParameter): Name = "Dielectric"; Value = ""; VariantName = "[No Variations]"
Add component (AddParameter): Name = "Distributor Link"; Value = ""; VariantName = "[No Variations]"
Add component (AddParameter): Name = "LCSC"; Value = ""; VariantName = "[No Variations]"
Add component (AddParameter): Name = "Manufacturer"; Value = ""; VariantName = "[No Variations]"
Add component (AddParameter): Name = "Manufacturer Part Number"; Value = ""; VariantName = "[No Variations]"
Add component (AddParameter): Name = "Rating"; Value = ""; VariantName = "[No Variations]"
Added Component: Designator=C46(CAP_0805)
Add component (AddParameter): Name = "Dielectric"; Value = ""; VariantName = "[No Variations]"
Add component (AddParameter): Name = "Distributor Link"; Value = ""; VariantName = "[No Variations]"
Add component (AddParameter): Name = "LCSC"; Value = ""; VariantName = "[No Variations]"
Add component (AddParameter): Name = "Manufacturer"; Value = ""; VariantName = "[No Variations]"
Add component (AddParameter): Name = "Manufacturer Part Number"; Value = ""; VariantName = "[No Variations]"
Add component (AddParameter): Name = "Rating"; Value = ""; VariantName = "[No Variations]"
Added Component: Designator=C47(CAP_0805)
Add component (AddParameter): Name = "Dielectric"; Value = ""; VariantName = "[No Variations]"
Add component (AddParameter): Name = "Distributor Link"; Value = ""; VariantName = "[No Variations]"
Add component (AddParameter): Name = "LCSC"; Value = ""; VariantName = "[No Variations]"
Add component (AddParameter): Name = "Manufacturer"; Value = ""; VariantName = "[No Variations]"
Add component (AddParameter): Name = "Manufacturer Part Number"; Value = ""; VariantName = "[No Variations]"
Add component (AddParameter): Name = "Rating"; Value = ""; VariantName = "[No Variations]"
Added Component: Designator=C48(CAP_0805)
Add component (AddParameter): Name = "Dielectric"; Value = ""; VariantName = "[No Variations]"
Add component (AddParameter): Name = "Distributor Link"; Value = ""; VariantName = "[No Variations]"
Add component (AddParameter): Name = "LCSC"; Value = ""; VariantName = "[No Variations]"
Add component (AddParameter): Name = "Manufacturer"; Value = ""; VariantName = "[No Variations]"
Add component (AddParameter): Name = "Manufacturer Part Number"; Value = ""; VariantName = "[No Variations]"
Add component (AddParameter): Name = "Rating"; Value = ""; VariantName = "[No Variations]"
Added Component: Designator=C49(CAP_0805)
Add component (AddParameter): Name = "Dielectric"; Value = ""; VariantName = "[No Variations]"
Add component (AddParameter): Name = "Distributor Link"; Value = ""; VariantName = "[No Variations]"
Add component (AddParameter): Name = "LCSC"; Value = ""; VariantName = "[No Variations]"
Add component (AddParameter): Name = "Manufacturer"; Value = ""; VariantName = "[No Variations]"
Add component (AddParameter): Name = "Manufacturer Part Number"; Value = ""; VariantName = "[No Variations]"
Add component (AddParameter): Name = "Rating"; Value = ""; VariantName = "[No Variations]"
Added Component: Designator=C50(CAP_0805)
Add component (AddParameter): Name = "Dielectric"; Value = ""; VariantName = "[No Variations]"
Add component (AddParameter): Name = "Distributor Link"; Value = ""; VariantName = "[No Variations]"
Add component (AddParameter): Name = "LCSC"; Value = ""; VariantName = "[No Variations]"
Add component (AddParameter): Name = "Manufacturer"; Value = ""; VariantName = "[No Variations]"
Add component (AddParameter): Name = "Manufacturer Part Number"; Value = ""; VariantName = "[No Variations]"
Add component (AddParameter): Name = "Rating"; Value = ""; VariantName = "[No Variations]"
Added Component: Designator=C51(CAP_0805)
Add component (AddParameter): Name = "Dielectric"; Value = ""; VariantName = "[No Variations]"
Add component (AddParameter): Name = "Distributor Link"; Value = ""; VariantName = "[No Variations]"
Add component (AddParameter): Name = "LCSC"; Value = ""; VariantName = "[No Variations]"
Add component (AddParameter): Name = "Manufacturer"; Value = ""; VariantName = "[No Variations]"
Add component (AddParameter): Name = "Manufacturer Part Number"; Value = ""; VariantName = "[No Variations]"
Add component (AddParameter): Name = "Rating"; Value = ""; VariantName = "[No Variations]"
Added Component: Designator=C52(CAP_0805)
Add component (AddParameter): Name = "Dielectric"; Value = ""; VariantName = "[No Variations]"
Add component (AddParameter): Name = "Distributor Link"; Value = ""; VariantName = "[No Variations]"
Add component (AddParameter): Name = "LCSC"; Value = ""; VariantName = "[No Variations]"
Add component (AddParameter): Name = "Manufacturer"; Value = ""; VariantName = "[No Variations]"
Add component (AddParameter): Name = "Manufacturer Part Number"; Value = ""; VariantName = "[No Variations]"
Add component (AddParameter): Name = "Rating"; Value = ""; VariantName = "[No Variations]"
Added Component: Designator=C53(CAP_0805)
Add component (AddParameter): Name = "Dielectric"; Value = ""; VariantName = "[No Variations]"
Add component (AddParameter): Name = "Distributor Link"; Value = ""; VariantName = "[No Variations]"
Add component (AddParameter): Name = "LCSC"; Value = ""; VariantName = "[No Variations]"
Add component (AddParameter): Name = "Manufacturer"; Value = ""; VariantName = "[No Variations]"
Add component (AddParameter): Name = "Manufacturer Part Number"; Value = ""; VariantName = "[No Variations]"
Add component (AddParameter): Name = "Rating"; Value = ""; VariantName = "[No Variations]"
Added Component: Designator=C54(CAP_0805)
Add component (AddParameter): Name = "Dielectric"; Value = ""; VariantName = "[No Variations]"
Add component (AddParameter): Name = "Distributor Link"; Value = ""; VariantName = "[No Variations]"
Add component (AddParameter): Name = "LCSC"; Value = ""; VariantName = "[No Variations]"
Add component (AddParameter): Name = "Manufacturer"; Value = ""; VariantName = "[No Variations]"
Add component (AddParameter): Name = "Manufacturer Part Number"; Value = ""; VariantName = "[No Variations]"
Add component (AddParameter): Name = "Rating"; Value = ""; VariantName = "[No Variations]"
Added Component: Designator=C55(CAP_0805)
Add component (AddParameter): Name = "Dielectric"; Value = ""; VariantName = "[No Variations]"
Add component (AddParameter): Name = "Distributor Link"; Value = ""; VariantName = "[No Variations]"
Add component (AddParameter): Name = "LCSC"; Value = ""; VariantName = "[No Variations]"
Add component (AddParameter): Name = "Manufacturer"; Value = ""; VariantName = "[No Variations]"
Add component (AddParameter): Name = "Manufacturer Part Number"; Value = ""; VariantName = "[No Variations]"
Add component (AddParameter): Name = "Rating"; Value = ""; VariantName = "[No Variations]"
Added Component: Designator=C56(CAP_0805)
Add component (AddParameter): Name = "Dielectric"; Value = ""; VariantName = "[No Variations]"
Add component (AddParameter): Name = "Distributor Link"; Value = ""; VariantName = "[No Variations]"
Add component (AddParameter): Name = "LCSC"; Value = ""; VariantName = "[No Variations]"
Add component (AddParameter): Name = "Manufacturer"; Value = ""; VariantName = "[No Variations]"
Add component (AddParameter): Name = "Manufacturer Part Number"; Value = ""; VariantName = "[No Variations]"
Add component (AddParameter): Name = "Rating"; Value = ""; VariantName = "[No Variations]"
Added Component: Designator=C57(CAP_0805)
Add component (AddParameter): Name = "Dielectric"; Value = ""; VariantName = "[No Variations]"
Add component (AddParameter): Name = "Distributor Link"; Value = ""; VariantName = "[No Variations]"
Add component (AddParameter): Name = "LCSC"; Value = ""; VariantName = "[No Variations]"
Add component (AddParameter): Name = "Manufacturer"; Value = ""; VariantName = "[No Variations]"
Add component (AddParameter): Name = "Manufacturer Part Number"; Value = ""; VariantName = "[No Variations]"
Add component (AddParameter): Name = "Rating"; Value = ""; VariantName = "[No Variations]"
Added Component: Designator=C58(CAP_0805)
Add component (AddParameter): Name = "Dielectric"; Value = ""; VariantName = "[No Variations]"
Add component (AddParameter): Name = "Distributor Link"; Value = ""; VariantName = "[No Variations]"
Add component (AddParameter): Name = "LCSC"; Value = ""; VariantName = "[No Variations]"
Add component (AddParameter): Name = "Manufacturer"; Value = ""; VariantName = "[No Variations]"
Add component (AddParameter): Name = "Manufacturer Part Number"; Value = ""; VariantName = "[No Variations]"
Add component (AddParameter): Name = "Rating"; Value = ""; VariantName = "[No Variations]"
Added Component: Designator=C59(CAP_0805)
Add component (AddParameter): Name = "Dielectric"; Value = ""; VariantName = "[No Variations]"
Add component (AddParameter): Name = "Distributor Link"; Value = ""; VariantName = "[No Variations]"
Add component (AddParameter): Name = "LCSC"; Value = ""; VariantName = "[No Variations]"
Add component (AddParameter): Name = "Manufacturer"; Value = ""; VariantName = "[No Variations]"
Add component (AddParameter): Name = "Manufacturer Part Number"; Value = ""; VariantName = "[No Variations]"
Add component (AddParameter): Name = "Rating"; Value = ""; VariantName = "[No Variations]"
Added Component: Designator=C60(CAP_0805)
Add component (AddParameter): Name = "Dielectric"; Value = ""; VariantName = "[No Variations]"
Add component (AddParameter): Name = "Distributor Link"; Value = ""; VariantName = "[No Variations]"
Add component (AddParameter): Name = "LCSC"; Value = ""; VariantName = "[No Variations]"
Add component (AddParameter): Name = "Manufacturer"; Value = ""; VariantName = "[No Variations]"
Add component (AddParameter): Name = "Manufacturer Part Number"; Value = ""; VariantName = "[No Variations]"
Add component (AddParameter): Name = "Rating"; Value = ""; VariantName = "[No Variations]"
Added Component: Designator=C61(CAP_0805)
Add component (AddParameter): Name = "Dielectric"; Value = ""; VariantName = "[No Variations]"
Add component (AddParameter): Name = "Distributor Link"; Value = ""; VariantName = "[No Variations]"
Add component (AddParameter): Name = "LCSC"; Value = ""; VariantName = "[No Variations]"
Add component (AddParameter): Name = "Manufacturer"; Value = ""; VariantName = "[No Variations]"
Add component (AddParameter): Name = "Manufacturer Part Number"; Value = ""; VariantName = "[No Variations]"
Add component (AddParameter): Name = "Rating"; Value = ""; VariantName = "[No Variations]"
Added Component: Designator=C62(CAP_0805)
Add component (AddParameter): Name = "Dielectric"; Value = ""; VariantName = "[No Variations]"
Add component (AddParameter): Name = "Distributor Link"; Value = ""; VariantName = "[No Variations]"
Add component (AddParameter): Name = "LCSC"; Value = ""; VariantName = "[No Variations]"
Add component (AddParameter): Name = "Manufacturer"; Value = ""; VariantName = "[No Variations]"
Add component (AddParameter): Name = "Manufacturer Part Number"; Value = ""; VariantName = "[No Variations]"
Add component (AddParameter): Name = "Rating"; Value = ""; VariantName = "[No Variations]"
Added Component: Designator=C63(CAP_0805)
Add component (AddParameter): Name = "Dielectric"; Value = ""; VariantName = "[No Variations]"
Add component (AddParameter): Name = "Distributor Link"; Value = ""; VariantName = "[No Variations]"
Add component (AddParameter): Name = "LCSC"; Value = ""; VariantName = "[No Variations]"
Add component (AddParameter): Name = "Manufacturer"; Value = ""; VariantName = "[No Variations]"
Add component (AddParameter): Name = "Manufacturer Part Number"; Value = ""; VariantName = "[No Variations]"
Add component (AddParameter): Name = "Rating"; Value = ""; VariantName = "[No Variations]"
Added Component: Designator=C64(CAP_0805)
Add component (AddParameter): Name = "Dielectric"; Value = ""; VariantName = "[No Variations]"
Add component (AddParameter): Name = "Distributor Link"; Value = ""; VariantName = "[No Variations]"
Add component (AddParameter): Name = "LCSC"; Value = ""; VariantName = "[No Variations]"
Add component (AddParameter): Name = "Manufacturer"; Value = ""; VariantName = "[No Variations]"
Add component (AddParameter): Name = "Manufacturer Part Number"; Value = ""; VariantName = "[No Variations]"
Add component (AddParameter): Name = "Rating"; Value = ""; VariantName = "[No Variations]"
Added Component: Designator=C65(CAP_TANT_0603)
Add component (AddParameter): Name = "Distributor Link"; Value = ""; VariantName = "[No Variations]"
Add component (AddParameter): Name = "LCSC"; Value = ""; VariantName = "[No Variations]"
Add component (AddParameter): Name = "Manufacturer"; Value = ""; VariantName = "[No Variations]"
Add component (AddParameter): Name = "Manufacturer Part Number"; Value = ""; VariantName = "[No Variations]"
Added Component: Designator=C66(CAP_0805)
Add component (AddParameter): Name = "Dielectric"; Value = ""; VariantName = "[No Variations]"
Add component (AddParameter): Name = "Distributor Link"; Value = ""; VariantName = "[No Variations]"
Add component (AddParameter): Name = "LCSC"; Value = ""; VariantName = "[No Variations]"
Add component (AddParameter): Name = "Manufacturer"; Value = ""; VariantName = "[No Variations]"
Add component (AddParameter): Name = "Manufacturer Part Number"; Value = ""; VariantName = "[No Variations]"
Add component (AddParameter): Name = "Rating"; Value = ""; VariantName = "[No Variations]"
Added Component: Designator=C67(CAP_TANT_0603)
Add component (AddParameter): Name = "Distributor Link"; Value = ""; VariantName = "[No Variations]"
Add component (AddParameter): Name = "LCSC"; Value = ""; VariantName = "[No Variations]"
Add component (AddParameter): Name = "Manufacturer"; Value = ""; VariantName = "[No Variations]"
Add component (AddParameter): Name = "Manufacturer Part Number"; Value = ""; VariantName = "[No Variations]"
Added Component: Designator=C68(WCAP-ASLI_D6.3H7.7)
Add component (AddParameter): Name = "Capacitance"; Value = "10µF"; VariantName = "[No Variations]"
Add component (AddParameter): Name = "Diameter"; Value = "6.3mm"; VariantName = "[No Variations]"
Add component (AddParameter): Name = "Height"; Value = "7.7mm"; VariantName = "[No Variations]"
Add component (AddParameter): Name = "Impedance"; Value = "2.661O"; VariantName = "[No Variations]"
Add component (AddParameter): Name = "Insulation Resistance"; Value = "10MO"; VariantName = "[No Variations]"
Add component (AddParameter): Name = "Leakage Current"; Value = "8µA"; VariantName = "[No Variations]"
Add component (AddParameter): Name = "Length"; Value = "7.7mm"; VariantName = "[No Variations]"
Add component (AddParameter): Name = "Max Operating Temperature"; Value = "105°C"; VariantName = "[No Variations]"
Add component (AddParameter): Name = "Min Operating Temperature"; Value = "-55°C"; VariantName = "[No Variations]"
Add component (AddParameter): Name = "Packaging"; Value = "Cut Tape"; VariantName = "[No Variations]"
Add component (AddParameter): Name = "Ripple Current"; Value = "35mA"; VariantName = "[No Variations]"
Add component (AddParameter): Name = "RoHS"; Value = "Compliant"; VariantName = "[No Variations]"
Add component (AddParameter): Name = "Voltage Rating"; Value = "80V"; VariantName = "[No Variations]"
Add component (AddParameter): Name = "Voltage Rating (DC)"; Value = "80V"; VariantName = "[No Variations]"
Add component (AddParameter): Name = "Width"; Value = "6.6mm"; VariantName = "[No Variations]"
Added Component: Designator=C69(WCAP-ASLI_D6.3H7.7)
Add component (AddParameter): Name = "Capacitance"; Value = "10µF"; VariantName = "[No Variations]"
Add component (AddParameter): Name = "Diameter"; Value = "6.3mm"; VariantName = "[No Variations]"
Add component (AddParameter): Name = "Height"; Value = "7.7mm"; VariantName = "[No Variations]"
Add component (AddParameter): Name = "Impedance"; Value = "2.661O"; VariantName = "[No Variations]"
Add component (AddParameter): Name = "Insulation Resistance"; Value = "10MO"; VariantName = "[No Variations]"
Add component (AddParameter): Name = "Leakage Current"; Value = "8µA"; VariantName = "[No Variations]"
Add component (AddParameter): Name = "Length"; Value = "7.7mm"; VariantName = "[No Variations]"
Add component (AddParameter): Name = "Max Operating Temperature"; Value = "105°C"; VariantName = "[No Variations]"
Add component (AddParameter): Name = "Min Operating Temperature"; Value = "-55°C"; VariantName = "[No Variations]"
Add component (AddParameter): Name = "Packaging"; Value = "Cut Tape"; VariantName = "[No Variations]"
Add component (AddParameter): Name = "Ripple Current"; Value = "35mA"; VariantName = "[No Variations]"
Add component (AddParameter): Name = "RoHS"; Value = "Compliant"; VariantName = "[No Variations]"
Add component (AddParameter): Name = "Voltage Rating"; Value = "80V"; VariantName = "[No Variations]"
Add component (AddParameter): Name = "Voltage Rating (DC)"; Value = "80V"; VariantName = "[No Variations]"
Add component (AddParameter): Name = "Width"; Value = "6.6mm"; VariantName = "[No Variations]"
Added Component: Designator=C70(FP-CC0603-DA-MFG)
Add component (AddParameter): Name = "Automotive"; Value = "No"; VariantName = "[No Variations]"
Add component (AddParameter): Name = "Capacitance"; Value = "2.2 uF"; VariantName = "[No Variations]"
Add component (AddParameter): Name = "Category"; Value = "Cap"; VariantName = "[No Variations]"
Add component (AddParameter): Name = "ComponentLink2Description"; Value = "Datasheet"; VariantName = "[No Variations]"
Add component (AddParameter): Name = "ComponentLink2URL"; Value = "http://www.yageo.com/documents/recent/UPY-GPHC_X7R_6.3V-to-50V_18.pdf"; VariantName = "[No Variations]"
Add component (AddParameter): Name = "Device Class L1"; Value = "Passive Components"; VariantName = "[No Variations]"
Add component (AddParameter): Name = "Device Class L2"; Value = "Capacitors"; VariantName = "[No Variations]"
Add component (AddParameter): Name = "Device Class L3"; Value = "Ceramic Capacitors"; VariantName = "[No Variations]"
Add component (AddParameter): Name = "Footprint Url"; Value = "http://www.yageo.com/exep/pages/download/literatures/UPY-C_GEN_24.pdf"; VariantName = "[No Variations]"
Add component (AddParameter): Name = "Height"; Value = "0.9mm"; VariantName = "[No Variations]"
Add component (AddParameter): Name = "Lead Free"; Value = "Yes"; VariantName = "[No Variations]"
Add component (AddParameter): Name = "Manufacturer"; Value = "YAGEO"; VariantName = "[No Variations]"
Add component (AddParameter): Name = "Manufacturer Part Number"; Value = "CC0603KPX5R7BB225"; VariantName = "[No Variations]"
Add component (AddParameter): Name = "Material"; Value = "Ceramic"; VariantName = "[No Variations]"
Add component (AddParameter): Name = "Octopart"; Value = "https://octopart.com/cc0603kpx5r7bb225-yageo-91091799"; VariantName = "[No Variations]"
Add component (AddParameter): Name = "Package"; Value = "CC0603-DA"; VariantName = "[No Variations]"
Add component (AddParameter): Name = "RoHS"; Value = "TRUE"; VariantName = "[No Variations]"
Add component (AddParameter): Name = "Temperature"; Value = "-55°C to +125°C"; VariantName = "[No Variations]"
Add component (AddParameter): Name = "Temperature Characteristic"; Value = "X5R"; VariantName = "[No Variations]"
Add component (AddParameter): Name = "Temperature Coefficient"; Value = "15%"; VariantName = "[No Variations]"
Add component (AddParameter): Name = "Temperature Range High"; Value = "+125°C"; VariantName = "[No Variations]"
Add component (AddParameter): Name = "Temperature Range Low"; Value = "-55°C"; VariantName = "[No Variations]"
Add component (AddParameter): Name = "Tolerance"; Value = "0.1"; VariantName = "[No Variations]"
Add component (AddParameter): Name = "Value"; Value = "2.2 uF"; VariantName = "[No Variations]"
Add component (AddParameter): Name = "Voltage"; Value = "16 V"; VariantName = "[No Variations]"
Add component (AddParameter): Name = "Voltage Rating"; Value = "16 V"; VariantName = "[No Variations]"
Added Component: Designator=C71(FP-GRM21B-0_15-IPC_A)
Add component (AddParameter): Name = "Capacitance"; Value = "4.7uF"; VariantName = "[No Variations]"
Add component (AddParameter): Name = "Case/Package"; Value = "0805"; VariantName = "[No Variations]"
Add component (AddParameter): Name = "Dielectric"; Value = "X6S"; VariantName = "[No Variations]"
Add component (AddParameter): Name = "Length"; Value = "2mm"; VariantName = "[No Variations]"
Add component (AddParameter): Name = "Thickness"; Value = "1.25mm"; VariantName = "[No Variations]"
Add component (AddParameter): Name = "Tolerance"; Value = "20%"; VariantName = "[No Variations]"
Add component (AddParameter): Name = "Voltage Rating (DC)"; Value = "35V"; VariantName = "[No Variations]"
Add component (AddParameter): Name = "Width"; Value = "1.25mm"; VariantName = "[No Variations]"
Added Component: Designator=C72(FP-CC0805-EB-MFG)
Add component (AddParameter): Name = "Capacitance"; Value = "100nF"; VariantName = "[No Variations]"
Add component (AddParameter): Name = "Case/Package"; Value = "0805"; VariantName = "[No Variations]"
Add component (AddParameter): Name = "Height"; Value = "1.45mm"; VariantName = "[No Variations]"
Add component (AddParameter): Name = "Material"; Value = "Ceramic"; VariantName = "[No Variations]"
Add component (AddParameter): Name = "Max Operating Temperature"; Value = "125°C"; VariantName = "[No Variations]"
Add component (AddParameter): Name = "Min Operating Temperature"; Value = "-55°C"; VariantName = "[No Variations]"
Add component (AddParameter): Name = "NexarPartId"; Value = "107850848"; VariantName = "[No Variations]"
Add component (AddParameter): Name = "Tolerance"; Value = "10%"; VariantName = "[No Variations]"
Add component (AddParameter): Name = "Voltage Rating"; Value = "250V"; VariantName = "[No Variations]"
Added Component: Designator=C73(FP-CC0805-EB-MFG)
Add component (AddParameter): Name = "Capacitance"; Value = "100nF"; VariantName = "[No Variations]"
Add component (AddParameter): Name = "Case/Package"; Value = "0805"; VariantName = "[No Variations]"
Add component (AddParameter): Name = "Height"; Value = "1.45mm"; VariantName = "[No Variations]"
Add component (AddParameter): Name = "Material"; Value = "Ceramic"; VariantName = "[No Variations]"
Add component (AddParameter): Name = "Max Operating Temperature"; Value = "125°C"; VariantName = "[No Variations]"
Add component (AddParameter): Name = "Min Operating Temperature"; Value = "-55°C"; VariantName = "[No Variations]"
Add component (AddParameter): Name = "NexarPartId"; Value = "107850848"; VariantName = "[No Variations]"
Add component (AddParameter): Name = "Tolerance"; Value = "10%"; VariantName = "[No Variations]"
Add component (AddParameter): Name = "Voltage Rating"; Value = "250V"; VariantName = "[No Variations]"
Added Component: Designator=C74(FP-CC0805-EB-MFG)
Add component (AddParameter): Name = "Capacitance"; Value = "100nF"; VariantName = "[No Variations]"
Add component (AddParameter): Name = "Case/Package"; Value = "0805"; VariantName = "[No Variations]"
Add component (AddParameter): Name = "Height"; Value = "1.45mm"; VariantName = "[No Variations]"
Add component (AddParameter): Name = "Material"; Value = "Ceramic"; VariantName = "[No Variations]"
Add component (AddParameter): Name = "Max Operating Temperature"; Value = "125°C"; VariantName = "[No Variations]"
Add component (AddParameter): Name = "Min Operating Temperature"; Value = "-55°C"; VariantName = "[No Variations]"
Add component (AddParameter): Name = "NexarPartId"; Value = "107850848"; VariantName = "[No Variations]"
Add component (AddParameter): Name = "Tolerance"; Value = "10%"; VariantName = "[No Variations]"
Add component (AddParameter): Name = "Voltage Rating"; Value = "250V"; VariantName = "[No Variations]"
Added Component: Designator=C75(FP-CC0805-EB-MFG)
Add component (AddParameter): Name = "Capacitance"; Value = "100nF"; VariantName = "[No Variations]"
Add component (AddParameter): Name = "Case/Package"; Value = "0805"; VariantName = "[No Variations]"
Add component (AddParameter): Name = "Height"; Value = "1.45mm"; VariantName = "[No Variations]"
Add component (AddParameter): Name = "Material"; Value = "Ceramic"; VariantName = "[No Variations]"
Add component (AddParameter): Name = "Max Operating Temperature"; Value = "125°C"; VariantName = "[No Variations]"
Add component (AddParameter): Name = "Min Operating Temperature"; Value = "-55°C"; VariantName = "[No Variations]"
Add component (AddParameter): Name = "NexarPartId"; Value = "107850848"; VariantName = "[No Variations]"
Add component (AddParameter): Name = "Tolerance"; Value = "10%"; VariantName = "[No Variations]"
Add component (AddParameter): Name = "Voltage Rating"; Value = "250V"; VariantName = "[No Variations]"
Added Component: Designator=C76(FP-CC0805-EB-MFG)
Add component (AddParameter): Name = "Capacitance"; Value = "100nF"; VariantName = "[No Variations]"
Add component (AddParameter): Name = "Case/Package"; Value = "0805"; VariantName = "[No Variations]"
Add component (AddParameter): Name = "Height"; Value = "1.45mm"; VariantName = "[No Variations]"
Add component (AddParameter): Name = "Material"; Value = "Ceramic"; VariantName = "[No Variations]"
Add component (AddParameter): Name = "Max Operating Temperature"; Value = "125°C"; VariantName = "[No Variations]"
Add component (AddParameter): Name = "Min Operating Temperature"; Value = "-55°C"; VariantName = "[No Variations]"
Add component (AddParameter): Name = "NexarPartId"; Value = "107850848"; VariantName = "[No Variations]"
Add component (AddParameter): Name = "Tolerance"; Value = "10%"; VariantName = "[No Variations]"
Add component (AddParameter): Name = "Voltage Rating"; Value = "250V"; VariantName = "[No Variations]"
Added Component: Designator=C77(FP-CC0805-EB-MFG)
Add component (AddParameter): Name = "Capacitance"; Value = "100nF"; VariantName = "[No Variations]"
Add component (AddParameter): Name = "Case/Package"; Value = "0805"; VariantName = "[No Variations]"
Add component (AddParameter): Name = "Height"; Value = "1.45mm"; VariantName = "[No Variations]"
Add component (AddParameter): Name = "Material"; Value = "Ceramic"; VariantName = "[No Variations]"
Add component (AddParameter): Name = "Max Operating Temperature"; Value = "125°C"; VariantName = "[No Variations]"
Add component (AddParameter): Name = "Min Operating Temperature"; Value = "-55°C"; VariantName = "[No Variations]"
Add component (AddParameter): Name = "NexarPartId"; Value = "107850848"; VariantName = "[No Variations]"
Add component (AddParameter): Name = "Tolerance"; Value = "10%"; VariantName = "[No Variations]"
Add component (AddParameter): Name = "Voltage Rating"; Value = "250V"; VariantName = "[No Variations]"
Added Component: Designator=C78(FP-CC0805-EB-MFG)
Add component (AddParameter): Name = "Capacitance"; Value = "100nF"; VariantName = "[No Variations]"
Add component (AddParameter): Name = "Case/Package"; Value = "0805"; VariantName = "[No Variations]"
Add component (AddParameter): Name = "Height"; Value = "1.45mm"; VariantName = "[No Variations]"
Add component (AddParameter): Name = "Material"; Value = "Ceramic"; VariantName = "[No Variations]"
Add component (AddParameter): Name = "Max Operating Temperature"; Value = "125°C"; VariantName = "[No Variations]"
Add component (AddParameter): Name = "Min Operating Temperature"; Value = "-55°C"; VariantName = "[No Variations]"
Add component (AddParameter): Name = "NexarPartId"; Value = "107850848"; VariantName = "[No Variations]"
Add component (AddParameter): Name = "Tolerance"; Value = "10%"; VariantName = "[No Variations]"
Add component (AddParameter): Name = "Voltage Rating"; Value = "250V"; VariantName = "[No Variations]"
Added Component: Designator=C79(FP-CC0805-EB-MFG)
Add component (AddParameter): Name = "Capacitance"; Value = "100nF"; VariantName = "[No Variations]"
Add component (AddParameter): Name = "Case/Package"; Value = "0805"; VariantName = "[No Variations]"
Add component (AddParameter): Name = "Height"; Value = "1.45mm"; VariantName = "[No Variations]"
Add component (AddParameter): Name = "Material"; Value = "Ceramic"; VariantName = "[No Variations]"
Add component (AddParameter): Name = "Max Operating Temperature"; Value = "125°C"; VariantName = "[No Variations]"
Add component (AddParameter): Name = "Min Operating Temperature"; Value = "-55°C"; VariantName = "[No Variations]"
Add component (AddParameter): Name = "NexarPartId"; Value = "107850848"; VariantName = "[No Variations]"
Add component (AddParameter): Name = "Tolerance"; Value = "10%"; VariantName = "[No Variations]"
Add component (AddParameter): Name = "Voltage Rating"; Value = "250V"; VariantName = "[No Variations]"
Added Component: Designator=C80(FP-CC0805-EB-MFG)
Add component (AddParameter): Name = "Capacitance"; Value = "100nF"; VariantName = "[No Variations]"
Add component (AddParameter): Name = "Case/Package"; Value = "0805"; VariantName = "[No Variations]"
Add component (AddParameter): Name = "Height"; Value = "1.45mm"; VariantName = "[No Variations]"
Add component (AddParameter): Name = "Material"; Value = "Ceramic"; VariantName = "[No Variations]"
Add component (AddParameter): Name = "Max Operating Temperature"; Value = "125°C"; VariantName = "[No Variations]"
Add component (AddParameter): Name = "Min Operating Temperature"; Value = "-55°C"; VariantName = "[No Variations]"
Add component (AddParameter): Name = "NexarPartId"; Value = "107850848"; VariantName = "[No Variations]"
Add component (AddParameter): Name = "Tolerance"; Value = "10%"; VariantName = "[No Variations]"
Add component (AddParameter): Name = "Voltage Rating"; Value = "250V"; VariantName = "[No Variations]"
Added Component: Designator=C81(CAPC2013X140X50NL20T25)
Add component (AddParameter): Name = "Manufacturer"; Value = "AVX Interconnect / Elco"; VariantName = "[No Variations]"
Add component (AddParameter): Name = "Part Number"; Value = "0805YD105MAT2A"; VariantName = "[No Variations]"
Added Component: Designator=C82(FP-CC0805-EB-MFG)
Add component (AddParameter): Name = "Capacitance"; Value = "100nF"; VariantName = "[No Variations]"
Add component (AddParameter): Name = "Case/Package"; Value = "0805"; VariantName = "[No Variations]"
Add component (AddParameter): Name = "Height"; Value = "1.45mm"; VariantName = "[No Variations]"
Add component (AddParameter): Name = "Material"; Value = "Ceramic"; VariantName = "[No Variations]"
Add component (AddParameter): Name = "Max Operating Temperature"; Value = "125°C"; VariantName = "[No Variations]"
Add component (AddParameter): Name = "Min Operating Temperature"; Value = "-55°C"; VariantName = "[No Variations]"
Add component (AddParameter): Name = "NexarPartId"; Value = "107850848"; VariantName = "[No Variations]"
Add component (AddParameter): Name = "Tolerance"; Value = "10%"; VariantName = "[No Variations]"
Add component (AddParameter): Name = "Voltage Rating"; Value = "250V"; VariantName = "[No Variations]"
Added Component: Designator=C83(CAPC2013X94X50NL20T25)
Add component (AddParameter): Name = "Manufacturer"; Value = "AVX Interconnect / Elco"; VariantName = "[No Variations]"
Add component (AddParameter): Name = "Part Number"; Value = "08051A150FAT2A"; VariantName = "[No Variations]"
Added Component: Designator=C84(CAPC2013X94X50NL20T25)
Add component (AddParameter): Name = "Manufacturer"; Value = "AVX Interconnect / Elco"; VariantName = "[No Variations]"
Add component (AddParameter): Name = "Part Number"; Value = "08051A150FAT2A"; VariantName = "[No Variations]"
Added Component: Designator=C85(CAP_0805)
Add component (AddParameter): Name = "Dielectric"; Value = ""; VariantName = "[No Variations]"
Add component (AddParameter): Name = "Distributor Link"; Value = ""; VariantName = "[No Variations]"
Add component (AddParameter): Name = "LCSC"; Value = ""; VariantName = "[No Variations]"
Add component (AddParameter): Name = "Manufacturer"; Value = ""; VariantName = "[No Variations]"
Add component (AddParameter): Name = "Manufacturer Part Number"; Value = ""; VariantName = "[No Variations]"
Add component (AddParameter): Name = "Rating"; Value = ""; VariantName = "[No Variations]"
Added Component: Designator=C86(CAP_0805)
Add component (AddParameter): Name = "Dielectric"; Value = ""; VariantName = "[No Variations]"
Add component (AddParameter): Name = "Distributor Link"; Value = ""; VariantName = "[No Variations]"
Add component (AddParameter): Name = "LCSC"; Value = ""; VariantName = "[No Variations]"
Add component (AddParameter): Name = "Manufacturer"; Value = ""; VariantName = "[No Variations]"
Add component (AddParameter): Name = "Manufacturer Part Number"; Value = ""; VariantName = "[No Variations]"
Add component (AddParameter): Name = "Rating"; Value = ""; VariantName = "[No Variations]"
Added Component: Designator=C87(CAP_0805)
Add component (AddParameter): Name = "Dielectric"; Value = ""; VariantName = "[No Variations]"
Add component (AddParameter): Name = "Distributor Link"; Value = ""; VariantName = "[No Variations]"
Add component (AddParameter): Name = "LCSC"; Value = ""; VariantName = "[No Variations]"
Add component (AddParameter): Name = "Manufacturer"; Value = ""; VariantName = "[No Variations]"
Add component (AddParameter): Name = "Manufacturer Part Number"; Value = ""; VariantName = "[No Variations]"
Add component (AddParameter): Name = "Rating"; Value = ""; VariantName = "[No Variations]"
Added Component: Designator=C88(CAP_0805)
Add component (AddParameter): Name = "Dielectric"; Value = ""; VariantName = "[No Variations]"
Add component (AddParameter): Name = "Distributor Link"; Value = ""; VariantName = "[No Variations]"
Add component (AddParameter): Name = "LCSC"; Value = ""; VariantName = "[No Variations]"
Add component (AddParameter): Name = "Manufacturer"; Value = ""; VariantName = "[No Variations]"
Add component (AddParameter): Name = "Manufacturer Part Number"; Value = ""; VariantName = "[No Variations]"
Add component (AddParameter): Name = "Rating"; Value = ""; VariantName = "[No Variations]"
Added Component: Designator=C89(CAP_0805)
Add component (AddParameter): Name = "Dielectric"; Value = ""; VariantName = "[No Variations]"
Add component (AddParameter): Name = "Distributor Link"; Value = ""; VariantName = "[No Variations]"
Add component (AddParameter): Name = "LCSC"; Value = ""; VariantName = "[No Variations]"
Add component (AddParameter): Name = "Manufacturer"; Value = ""; VariantName = "[No Variations]"
Add component (AddParameter): Name = "Manufacturer Part Number"; Value = ""; VariantName = "[No Variations]"
Add component (AddParameter): Name = "Rating"; Value = ""; VariantName = "[No Variations]"
Added Component: Designator=C90(CAP_0805)
Add component (AddParameter): Name = "Dielectric"; Value = ""; VariantName = "[No Variations]"
Add component (AddParameter): Name = "Distributor Link"; Value = ""; VariantName = "[No Variations]"
Add component (AddParameter): Name = "LCSC"; Value = ""; VariantName = "[No Variations]"
Add component (AddParameter): Name = "Manufacturer"; Value = ""; VariantName = "[No Variations]"
Add component (AddParameter): Name = "Manufacturer Part Number"; Value = ""; VariantName = "[No Variations]"
Add component (AddParameter): Name = "Rating"; Value = ""; VariantName = "[No Variations]"
Added Component: Designator=C91(CAP_0805)
Add component (AddParameter): Name = "Dielectric"; Value = ""; VariantName = "[No Variations]"
Add component (AddParameter): Name = "Distributor Link"; Value = ""; VariantName = "[No Variations]"
Add component (AddParameter): Name = "LCSC"; Value = ""; VariantName = "[No Variations]"
Add component (AddParameter): Name = "Manufacturer"; Value = ""; VariantName = "[No Variations]"
Add component (AddParameter): Name = "Manufacturer Part Number"; Value = ""; VariantName = "[No Variations]"
Add component (AddParameter): Name = "Rating"; Value = ""; VariantName = "[No Variations]"
Added Component: Designator=C92(CAP_0805)
Add component (AddParameter): Name = "Dielectric"; Value = ""; VariantName = "[No Variations]"
Add component (AddParameter): Name = "Distributor Link"; Value = ""; VariantName = "[No Variations]"
Add component (AddParameter): Name = "LCSC"; Value = ""; VariantName = "[No Variations]"
Add component (AddParameter): Name = "Manufacturer"; Value = ""; VariantName = "[No Variations]"
Add component (AddParameter): Name = "Manufacturer Part Number"; Value = ""; VariantName = "[No Variations]"
Add component (AddParameter): Name = "Rating"; Value = ""; VariantName = "[No Variations]"
Added Component: Designator=C93(CAP_0805)
Add component (AddParameter): Name = "Dielectric"; Value = ""; VariantName = "[No Variations]"
Add component (AddParameter): Name = "Distributor Link"; Value = ""; VariantName = "[No Variations]"
Add component (AddParameter): Name = "LCSC"; Value = ""; VariantName = "[No Variations]"
Add component (AddParameter): Name = "Manufacturer"; Value = ""; VariantName = "[No Variations]"
Add component (AddParameter): Name = "Manufacturer Part Number"; Value = ""; VariantName = "[No Variations]"
Add component (AddParameter): Name = "Rating"; Value = ""; VariantName = "[No Variations]"
Added Component: Designator=C94(CAP_0805)
Add component (AddParameter): Name = "Dielectric"; Value = ""; VariantName = "[No Variations]"
Add component (AddParameter): Name = "Distributor Link"; Value = ""; VariantName = "[No Variations]"
Add component (AddParameter): Name = "LCSC"; Value = ""; VariantName = "[No Variations]"
Add component (AddParameter): Name = "Manufacturer"; Value = ""; VariantName = "[No Variations]"
Add component (AddParameter): Name = "Manufacturer Part Number"; Value = ""; VariantName = "[No Variations]"
Add component (AddParameter): Name = "Rating"; Value = ""; VariantName = "[No Variations]"
Added Component: Designator=C95(CAP_0805)
Add component (AddParameter): Name = "Dielectric"; Value = ""; VariantName = "[No Variations]"
Add component (AddParameter): Name = "Distributor Link"; Value = ""; VariantName = "[No Variations]"
Add component (AddParameter): Name = "LCSC"; Value = ""; VariantName = "[No Variations]"
Add component (AddParameter): Name = "Manufacturer"; Value = ""; VariantName = "[No Variations]"
Add component (AddParameter): Name = "Manufacturer Part Number"; Value = ""; VariantName = "[No Variations]"
Add component (AddParameter): Name = "Rating"; Value = ""; VariantName = "[No Variations]"
Added Component: Designator=C96(CAP_0805)
Add component (AddParameter): Name = "Dielectric"; Value = ""; VariantName = "[No Variations]"
Add component (AddParameter): Name = "Distributor Link"; Value = ""; VariantName = "[No Variations]"
Add component (AddParameter): Name = "LCSC"; Value = ""; VariantName = "[No Variations]"
Add component (AddParameter): Name = "Manufacturer"; Value = ""; VariantName = "[No Variations]"
Add component (AddParameter): Name = "Manufacturer Part Number"; Value = ""; VariantName = "[No Variations]"
Add component (AddParameter): Name = "Rating"; Value = ""; VariantName = "[No Variations]"
Added Component: Designator=C97(CAP_0805)
Add component (AddParameter): Name = "Dielectric"; Value = ""; VariantName = "[No Variations]"
Add component (AddParameter): Name = "Distributor Link"; Value = ""; VariantName = "[No Variations]"
Add component (AddParameter): Name = "LCSC"; Value = ""; VariantName = "[No Variations]"
Add component (AddParameter): Name = "Manufacturer"; Value = ""; VariantName = "[No Variations]"
Add component (AddParameter): Name = "Manufacturer Part Number"; Value = ""; VariantName = "[No Variations]"
Add component (AddParameter): Name = "Rating"; Value = ""; VariantName = "[No Variations]"
Added Component: Designator=C98(CAP_0805)
Add component (AddParameter): Name = "Dielectric"; Value = ""; VariantName = "[No Variations]"
Add component (AddParameter): Name = "Distributor Link"; Value = ""; VariantName = "[No Variations]"
Add component (AddParameter): Name = "LCSC"; Value = ""; VariantName = "[No Variations]"
Add component (AddParameter): Name = "Manufacturer"; Value = ""; VariantName = "[No Variations]"
Add component (AddParameter): Name = "Manufacturer Part Number"; Value = ""; VariantName = "[No Variations]"
Add component (AddParameter): Name = "Rating"; Value = ""; VariantName = "[No Variations]"
Added Component: Designator=C99(CAP_0805)
Add component (AddParameter): Name = "Dielectric"; Value = ""; VariantName = "[No Variations]"
Add component (AddParameter): Name = "Distributor Link"; Value = ""; VariantName = "[No Variations]"
Add component (AddParameter): Name = "LCSC"; Value = ""; VariantName = "[No Variations]"
Add component (AddParameter): Name = "Manufacturer"; Value = ""; VariantName = "[No Variations]"
Add component (AddParameter): Name = "Manufacturer Part Number"; Value = ""; VariantName = "[No Variations]"
Add component (AddParameter): Name = "Rating"; Value = ""; VariantName = "[No Variations]"
Added Component: Designator=C100(CAP_0805)
Add component (AddParameter): Name = "Dielectric"; Value = ""; VariantName = "[No Variations]"
Add component (AddParameter): Name = "Distributor Link"; Value = ""; VariantName = "[No Variations]"
Add component (AddParameter): Name = "LCSC"; Value = ""; VariantName = "[No Variations]"
Add component (AddParameter): Name = "Manufacturer"; Value = ""; VariantName = "[No Variations]"
Add component (AddParameter): Name = "Manufacturer Part Number"; Value = ""; VariantName = "[No Variations]"
Add component (AddParameter): Name = "Rating"; Value = ""; VariantName = "[No Variations]"
Added Component: Designator=C101(CAP_0805)
Add component (AddParameter): Name = "Dielectric"; Value = ""; VariantName = "[No Variations]"
Add component (AddParameter): Name = "Distributor Link"; Value = ""; VariantName = "[No Variations]"
Add component (AddParameter): Name = "LCSC"; Value = ""; VariantName = "[No Variations]"
Add component (AddParameter): Name = "Manufacturer"; Value = ""; VariantName = "[No Variations]"
Add component (AddParameter): Name = "Manufacturer Part Number"; Value = ""; VariantName = "[No Variations]"
Add component (AddParameter): Name = "Rating"; Value = ""; VariantName = "[No Variations]"
Added Component: Designator=C102(CAP_0805)
Add component (AddParameter): Name = "Dielectric"; Value = ""; VariantName = "[No Variations]"
Add component (AddParameter): Name = "Distributor Link"; Value = ""; VariantName = "[No Variations]"
Add component (AddParameter): Name = "LCSC"; Value = ""; VariantName = "[No Variations]"
Add component (AddParameter): Name = "Manufacturer"; Value = ""; VariantName = "[No Variations]"
Add component (AddParameter): Name = "Manufacturer Part Number"; Value = ""; VariantName = "[No Variations]"
Add component (AddParameter): Name = "Rating"; Value = ""; VariantName = "[No Variations]"
Added Component: Designator=C103(CAP_0805)
Add component (AddParameter): Name = "Dielectric"; Value = ""; VariantName = "[No Variations]"
Add component (AddParameter): Name = "Distributor Link"; Value = ""; VariantName = "[No Variations]"
Add component (AddParameter): Name = "LCSC"; Value = ""; VariantName = "[No Variations]"
Add component (AddParameter): Name = "Manufacturer"; Value = ""; VariantName = "[No Variations]"
Add component (AddParameter): Name = "Manufacturer Part Number"; Value = ""; VariantName = "[No Variations]"
Add component (AddParameter): Name = "Rating"; Value = ""; VariantName = "[No Variations]"
Added Component: Designator=C104(CAP_0805)
Add component (AddParameter): Name = "Dielectric"; Value = ""; VariantName = "[No Variations]"
Add component (AddParameter): Name = "Distributor Link"; Value = ""; VariantName = "[No Variations]"
Add component (AddParameter): Name = "LCSC"; Value = ""; VariantName = "[No Variations]"
Add component (AddParameter): Name = "Manufacturer"; Value = ""; VariantName = "[No Variations]"
Add component (AddParameter): Name = "Manufacturer Part Number"; Value = ""; VariantName = "[No Variations]"
Add component (AddParameter): Name = "Rating"; Value = ""; VariantName = "[No Variations]"
Added Component: Designator=C105(CAP_0805)
Add component (AddParameter): Name = "Dielectric"; Value = ""; VariantName = "[No Variations]"
Add component (AddParameter): Name = "Distributor Link"; Value = ""; VariantName = "[No Variations]"
Add component (AddParameter): Name = "LCSC"; Value = ""; VariantName = "[No Variations]"
Add component (AddParameter): Name = "Manufacturer"; Value = ""; VariantName = "[No Variations]"
Add component (AddParameter): Name = "Manufacturer Part Number"; Value = ""; VariantName = "[No Variations]"
Add component (AddParameter): Name = "Rating"; Value = ""; VariantName = "[No Variations]"
Added Component: Designator=C106(CAP_0805)
Add component (AddParameter): Name = "Dielectric"; Value = ""; VariantName = "[No Variations]"
Add component (AddParameter): Name = "Distributor Link"; Value = ""; VariantName = "[No Variations]"
Add component (AddParameter): Name = "LCSC"; Value = ""; VariantName = "[No Variations]"
Add component (AddParameter): Name = "Manufacturer"; Value = ""; VariantName = "[No Variations]"
Add component (AddParameter): Name = "Manufacturer Part Number"; Value = ""; VariantName = "[No Variations]"
Add component (AddParameter): Name = "Rating"; Value = ""; VariantName = "[No Variations]"
Added Component: Designator=C107(CAP_0805)
Add component (AddParameter): Name = "Dielectric"; Value = ""; VariantName = "[No Variations]"
Add component (AddParameter): Name = "Distributor Link"; Value = ""; VariantName = "[No Variations]"
Add component (AddParameter): Name = "LCSC"; Value = ""; VariantName = "[No Variations]"
Add component (AddParameter): Name = "Manufacturer"; Value = ""; VariantName = "[No Variations]"
Add component (AddParameter): Name = "Manufacturer Part Number"; Value = ""; VariantName = "[No Variations]"
Add component (AddParameter): Name = "Rating"; Value = ""; VariantName = "[No Variations]"
Added Component: Designator=C108(CAP_0805)
Add component (AddParameter): Name = "Dielectric"; Value = ""; VariantName = "[No Variations]"
Add component (AddParameter): Name = "Distributor Link"; Value = ""; VariantName = "[No Variations]"
Add component (AddParameter): Name = "LCSC"; Value = ""; VariantName = "[No Variations]"
Add component (AddParameter): Name = "Manufacturer"; Value = ""; VariantName = "[No Variations]"
Add component (AddParameter): Name = "Manufacturer Part Number"; Value = ""; VariantName = "[No Variations]"
Add component (AddParameter): Name = "Rating"; Value = ""; VariantName = "[No Variations]"
Added Component: Designator=C109(CAP_0805)
Add component (AddParameter): Name = "Dielectric"; Value = ""; VariantName = "[No Variations]"
Add component (AddParameter): Name = "Distributor Link"; Value = ""; VariantName = "[No Variations]"
Add component (AddParameter): Name = "LCSC"; Value = ""; VariantName = "[No Variations]"
Add component (AddParameter): Name = "Manufacturer"; Value = ""; VariantName = "[No Variations]"
Add component (AddParameter): Name = "Manufacturer Part Number"; Value = ""; VariantName = "[No Variations]"
Add component (AddParameter): Name = "Rating"; Value = ""; VariantName = "[No Variations]"
Added Component: Designator=C110(CAP_0805)
Add component (AddParameter): Name = "Dielectric"; Value = ""; VariantName = "[No Variations]"
Add component (AddParameter): Name = "Distributor Link"; Value = ""; VariantName = "[No Variations]"
Add component (AddParameter): Name = "LCSC"; Value = ""; VariantName = "[No Variations]"
Add component (AddParameter): Name = "Manufacturer"; Value = ""; VariantName = "[No Variations]"
Add component (AddParameter): Name = "Manufacturer Part Number"; Value = ""; VariantName = "[No Variations]"
Add component (AddParameter): Name = "Rating"; Value = ""; VariantName = "[No Variations]"
Added Component: Designator=C111(CAP_0805)
Add component (AddParameter): Name = "Dielectric"; Value = ""; VariantName = "[No Variations]"
Add component (AddParameter): Name = "Distributor Link"; Value = ""; VariantName = "[No Variations]"
Add component (AddParameter): Name = "LCSC"; Value = ""; VariantName = "[No Variations]"
Add component (AddParameter): Name = "Manufacturer"; Value = ""; VariantName = "[No Variations]"
Add component (AddParameter): Name = "Manufacturer Part Number"; Value = ""; VariantName = "[No Variations]"
Add component (AddParameter): Name = "Rating"; Value = ""; VariantName = "[No Variations]"
Added Component: Designator=C112(CAP_0805)
Add component (AddParameter): Name = "Dielectric"; Value = ""; VariantName = "[No Variations]"
Add component (AddParameter): Name = "Distributor Link"; Value = ""; VariantName = "[No Variations]"
Add component (AddParameter): Name = "LCSC"; Value = ""; VariantName = "[No Variations]"
Add component (AddParameter): Name = "Manufacturer"; Value = ""; VariantName = "[No Variations]"
Add component (AddParameter): Name = "Manufacturer Part Number"; Value = ""; VariantName = "[No Variations]"
Add component (AddParameter): Name = "Rating"; Value = ""; VariantName = "[No Variations]"
Added Component: Designator=C113(CAP_0805)
Add component (AddParameter): Name = "Dielectric"; Value = ""; VariantName = "[No Variations]"
Add component (AddParameter): Name = "Distributor Link"; Value = ""; VariantName = "[No Variations]"
Add component (AddParameter): Name = "LCSC"; Value = ""; VariantName = "[No Variations]"
Add component (AddParameter): Name = "Manufacturer"; Value = ""; VariantName = "[No Variations]"
Add component (AddParameter): Name = "Manufacturer Part Number"; Value = ""; VariantName = "[No Variations]"
Add component (AddParameter): Name = "Rating"; Value = ""; VariantName = "[No Variations]"
Added Component: Designator=C114(CAP_0805)
Add component (AddParameter): Name = "Dielectric"; Value = ""; VariantName = "[No Variations]"
Add component (AddParameter): Name = "Distributor Link"; Value = ""; VariantName = "[No Variations]"
Add component (AddParameter): Name = "LCSC"; Value = ""; VariantName = "[No Variations]"
Add component (AddParameter): Name = "Manufacturer"; Value = ""; VariantName = "[No Variations]"
Add component (AddParameter): Name = "Manufacturer Part Number"; Value = ""; VariantName = "[No Variations]"
Add component (AddParameter): Name = "Rating"; Value = ""; VariantName = "[No Variations]"
Added Component: Designator=C115(CAP_0805)
Add component (AddParameter): Name = "Dielectric"; Value = ""; VariantName = "[No Variations]"
Add component (AddParameter): Name = "Distributor Link"; Value = ""; VariantName = "[No Variations]"
Add component (AddParameter): Name = "LCSC"; Value = ""; VariantName = "[No Variations]"
Add component (AddParameter): Name = "Manufacturer"; Value = ""; VariantName = "[No Variations]"
Add component (AddParameter): Name = "Manufacturer Part Number"; Value = ""; VariantName = "[No Variations]"
Add component (AddParameter): Name = "Rating"; Value = ""; VariantName = "[No Variations]"
Added Component: Designator=C116(CAP_0805)
Add component (AddParameter): Name = "Dielectric"; Value = ""; VariantName = "[No Variations]"
Add component (AddParameter): Name = "Distributor Link"; Value = ""; VariantName = "[No Variations]"
Add component (AddParameter): Name = "LCSC"; Value = ""; VariantName = "[No Variations]"
Add component (AddParameter): Name = "Manufacturer"; Value = ""; VariantName = "[No Variations]"
Add component (AddParameter): Name = "Manufacturer Part Number"; Value = ""; VariantName = "[No Variations]"
Add component (AddParameter): Name = "Rating"; Value = ""; VariantName = "[No Variations]"
Added Component: Designator=C117(CAP_0805)
Add component (AddParameter): Name = "Dielectric"; Value = ""; VariantName = "[No Variations]"
Add component (AddParameter): Name = "Distributor Link"; Value = ""; VariantName = "[No Variations]"
Add component (AddParameter): Name = "LCSC"; Value = ""; VariantName = "[No Variations]"
Add component (AddParameter): Name = "Manufacturer"; Value = ""; VariantName = "[No Variations]"
Add component (AddParameter): Name = "Manufacturer Part Number"; Value = ""; VariantName = "[No Variations]"
Add component (AddParameter): Name = "Rating"; Value = ""; VariantName = "[No Variations]"
Added Component: Designator=C118(CAP_0805)
Add component (AddParameter): Name = "Dielectric"; Value = ""; VariantName = "[No Variations]"
Add component (AddParameter): Name = "Distributor Link"; Value = ""; VariantName = "[No Variations]"
Add component (AddParameter): Name = "LCSC"; Value = ""; VariantName = "[No Variations]"
Add component (AddParameter): Name = "Manufacturer"; Value = ""; VariantName = "[No Variations]"
Add component (AddParameter): Name = "Manufacturer Part Number"; Value = ""; VariantName = "[No Variations]"
Add component (AddParameter): Name = "Rating"; Value = ""; VariantName = "[No Variations]"
Added Component: Designator=C119(CAP_0805)
Add component (AddParameter): Name = "Dielectric"; Value = ""; VariantName = "[No Variations]"
Add component (AddParameter): Name = "Distributor Link"; Value = ""; VariantName = "[No Variations]"
Add component (AddParameter): Name = "LCSC"; Value = ""; VariantName = "[No Variations]"
Add component (AddParameter): Name = "Manufacturer"; Value = ""; VariantName = "[No Variations]"
Add component (AddParameter): Name = "Manufacturer Part Number"; Value = ""; VariantName = "[No Variations]"
Add component (AddParameter): Name = "Rating"; Value = ""; VariantName = "[No Variations]"
Added Component: Designator=C120(CAP_0805)
Add component (AddParameter): Name = "Dielectric"; Value = ""; VariantName = "[No Variations]"
Add component (AddParameter): Name = "Distributor Link"; Value = ""; VariantName = "[No Variations]"
Add component (AddParameter): Name = "LCSC"; Value = ""; VariantName = "[No Variations]"
Add component (AddParameter): Name = "Manufacturer"; Value = ""; VariantName = "[No Variations]"
Add component (AddParameter): Name = "Manufacturer Part Number"; Value = ""; VariantName = "[No Variations]"
Add component (AddParameter): Name = "Rating"; Value = ""; VariantName = "[No Variations]"
Added Component: Designator=C121(CAP_0805)
Add component (AddParameter): Name = "Dielectric"; Value = ""; VariantName = "[No Variations]"
Add component (AddParameter): Name = "Distributor Link"; Value = ""; VariantName = "[No Variations]"
Add component (AddParameter): Name = "LCSC"; Value = ""; VariantName = "[No Variations]"
Add component (AddParameter): Name = "Manufacturer"; Value = ""; VariantName = "[No Variations]"
Add component (AddParameter): Name = "Manufacturer Part Number"; Value = ""; VariantName = "[No Variations]"
Add component (AddParameter): Name = "Rating"; Value = ""; VariantName = "[No Variations]"
Added Component: Designator=C122(CAP_0805)
Add component (AddParameter): Name = "Dielectric"; Value = ""; VariantName = "[No Variations]"
Add component (AddParameter): Name = "Distributor Link"; Value = ""; VariantName = "[No Variations]"
Add component (AddParameter): Name = "LCSC"; Value = ""; VariantName = "[No Variations]"
Add component (AddParameter): Name = "Manufacturer"; Value = ""; VariantName = "[No Variations]"
Add component (AddParameter): Name = "Manufacturer Part Number"; Value = ""; VariantName = "[No Variations]"
Add component (AddParameter): Name = "Rating"; Value = ""; VariantName = "[No Variations]"
Added Component: Designator=C123(CAP_0805)
Add component (AddParameter): Name = "Dielectric"; Value = ""; VariantName = "[No Variations]"
Add component (AddParameter): Name = "Distributor Link"; Value = ""; VariantName = "[No Variations]"
Add component (AddParameter): Name = "LCSC"; Value = ""; VariantName = "[No Variations]"
Add component (AddParameter): Name = "Manufacturer"; Value = ""; VariantName = "[No Variations]"
Add component (AddParameter): Name = "Manufacturer Part Number"; Value = ""; VariantName = "[No Variations]"
Add component (AddParameter): Name = "Rating"; Value = ""; VariantName = "[No Variations]"
Added Component: Designator=C124(CAP_0805)
Add component (AddParameter): Name = "Dielectric"; Value = ""; VariantName = "[No Variations]"
Add component (AddParameter): Name = "Distributor Link"; Value = ""; VariantName = "[No Variations]"
Add component (AddParameter): Name = "LCSC"; Value = ""; VariantName = "[No Variations]"
Add component (AddParameter): Name = "Manufacturer"; Value = ""; VariantName = "[No Variations]"
Add component (AddParameter): Name = "Manufacturer Part Number"; Value = ""; VariantName = "[No Variations]"
Add component (AddParameter): Name = "Rating"; Value = ""; VariantName = "[No Variations]"
Added Component: Designator=C125(CAP_0805)
Add component (AddParameter): Name = "Dielectric"; Value = ""; VariantName = "[No Variations]"
Add component (AddParameter): Name = "Distributor Link"; Value = ""; VariantName = "[No Variations]"
Add component (AddParameter): Name = "LCSC"; Value = ""; VariantName = "[No Variations]"
Add component (AddParameter): Name = "Manufacturer"; Value = ""; VariantName = "[No Variations]"
Add component (AddParameter): Name = "Manufacturer Part Number"; Value = ""; VariantName = "[No Variations]"
Add component (AddParameter): Name = "Rating"; Value = ""; VariantName = "[No Variations]"
Added Component: Designator=C126(CAP_0805)
Add component (AddParameter): Name = "Dielectric"; Value = ""; VariantName = "[No Variations]"
Add component (AddParameter): Name = "Distributor Link"; Value = ""; VariantName = "[No Variations]"
Add component (AddParameter): Name = "LCSC"; Value = ""; VariantName = "[No Variations]"
Add component (AddParameter): Name = "Manufacturer"; Value = ""; VariantName = "[No Variations]"
Add component (AddParameter): Name = "Manufacturer Part Number"; Value = ""; VariantName = "[No Variations]"
Add component (AddParameter): Name = "Rating"; Value = ""; VariantName = "[No Variations]"
Added Component: Designator=C127(CAP_0805)
Add component (AddParameter): Name = "Dielectric"; Value = ""; VariantName = "[No Variations]"
Add component (AddParameter): Name = "Distributor Link"; Value = ""; VariantName = "[No Variations]"
Add component (AddParameter): Name = "LCSC"; Value = ""; VariantName = "[No Variations]"
Add component (AddParameter): Name = "Manufacturer"; Value = ""; VariantName = "[No Variations]"
Add component (AddParameter): Name = "Manufacturer Part Number"; Value = ""; VariantName = "[No Variations]"
Add component (AddParameter): Name = "Rating"; Value = ""; VariantName = "[No Variations]"
Added Component: Designator=C128(CAP_0805)
Add component (AddParameter): Name = "Dielectric"; Value = ""; VariantName = "[No Variations]"
Add component (AddParameter): Name = "Distributor Link"; Value = ""; VariantName = "[No Variations]"
Add component (AddParameter): Name = "LCSC"; Value = ""; VariantName = "[No Variations]"
Add component (AddParameter): Name = "Manufacturer"; Value = ""; VariantName = "[No Variations]"
Add component (AddParameter): Name = "Manufacturer Part Number"; Value = ""; VariantName = "[No Variations]"
Add component (AddParameter): Name = "Rating"; Value = ""; VariantName = "[No Variations]"
Added Component: Designator=C129(CAP_0805)
Add component (AddParameter): Name = "Dielectric"; Value = ""; VariantName = "[No Variations]"
Add component (AddParameter): Name = "Distributor Link"; Value = ""; VariantName = "[No Variations]"
Add component (AddParameter): Name = "LCSC"; Value = ""; VariantName = "[No Variations]"
Add component (AddParameter): Name = "Manufacturer"; Value = ""; VariantName = "[No Variations]"
Add component (AddParameter): Name = "Manufacturer Part Number"; Value = ""; VariantName = "[No Variations]"
Add component (AddParameter): Name = "Rating"; Value = ""; VariantName = "[No Variations]"
Added Component: Designator=C130(CAP_0805)
Add component (AddParameter): Name = "Dielectric"; Value = ""; VariantName = "[No Variations]"
Add component (AddParameter): Name = "Distributor Link"; Value = ""; VariantName = "[No Variations]"
Add component (AddParameter): Name = "LCSC"; Value = ""; VariantName = "[No Variations]"
Add component (AddParameter): Name = "Manufacturer"; Value = ""; VariantName = "[No Variations]"
Add component (AddParameter): Name = "Manufacturer Part Number"; Value = ""; VariantName = "[No Variations]"
Add component (AddParameter): Name = "Rating"; Value = ""; VariantName = "[No Variations]"
Added Component: Designator=C131(CAP_0805)
Add component (AddParameter): Name = "Dielectric"; Value = ""; VariantName = "[No Variations]"
Add component (AddParameter): Name = "Distributor Link"; Value = ""; VariantName = "[No Variations]"
Add component (AddParameter): Name = "LCSC"; Value = ""; VariantName = "[No Variations]"
Add component (AddParameter): Name = "Manufacturer"; Value = ""; VariantName = "[No Variations]"
Add component (AddParameter): Name = "Manufacturer Part Number"; Value = ""; VariantName = "[No Variations]"
Add component (AddParameter): Name = "Rating"; Value = ""; VariantName = "[No Variations]"
Added Component: Designator=C132(CAP_0805)
Add component (AddParameter): Name = "Dielectric"; Value = ""; VariantName = "[No Variations]"
Add component (AddParameter): Name = "Distributor Link"; Value = ""; VariantName = "[No Variations]"
Add component (AddParameter): Name = "LCSC"; Value = ""; VariantName = "[No Variations]"
Add component (AddParameter): Name = "Manufacturer"; Value = ""; VariantName = "[No Variations]"
Add component (AddParameter): Name = "Manufacturer Part Number"; Value = ""; VariantName = "[No Variations]"
Add component (AddParameter): Name = "Rating"; Value = ""; VariantName = "[No Variations]"
Added Component: Designator=C133(CAP_0805)
Add component (AddParameter): Name = "Dielectric"; Value = ""; VariantName = "[No Variations]"
Add component (AddParameter): Name = "Distributor Link"; Value = ""; VariantName = "[No Variations]"
Add component (AddParameter): Name = "LCSC"; Value = ""; VariantName = "[No Variations]"
Add component (AddParameter): Name = "Manufacturer"; Value = ""; VariantName = "[No Variations]"
Add component (AddParameter): Name = "Manufacturer Part Number"; Value = ""; VariantName = "[No Variations]"
Add component (AddParameter): Name = "Rating"; Value = ""; VariantName = "[No Variations]"
Added Component: Designator=C134(CAP_0805)
Add component (AddParameter): Name = "Dielectric"; Value = ""; VariantName = "[No Variations]"
Add component (AddParameter): Name = "Distributor Link"; Value = ""; VariantName = "[No Variations]"
Add component (AddParameter): Name = "LCSC"; Value = ""; VariantName = "[No Variations]"
Add component (AddParameter): Name = "Manufacturer"; Value = ""; VariantName = "[No Variations]"
Add component (AddParameter): Name = "Manufacturer Part Number"; Value = ""; VariantName = "[No Variations]"
Add component (AddParameter): Name = "Rating"; Value = ""; VariantName = "[No Variations]"
Added Component: Designator=C135(CAP_0805)
Add component (AddParameter): Name = "Dielectric"; Value = ""; VariantName = "[No Variations]"
Add component (AddParameter): Name = "Distributor Link"; Value = ""; VariantName = "[No Variations]"
Add component (AddParameter): Name = "LCSC"; Value = ""; VariantName = "[No Variations]"
Add component (AddParameter): Name = "Manufacturer"; Value = ""; VariantName = "[No Variations]"
Add component (AddParameter): Name = "Manufacturer Part Number"; Value = ""; VariantName = "[No Variations]"
Add component (AddParameter): Name = "Rating"; Value = ""; VariantName = "[No Variations]"
Added Component: Designator=C136(FP-CC0805-EB-MFG)
Add component (AddParameter): Name = "Capacitance"; Value = "100nF"; VariantName = "[No Variations]"
Add component (AddParameter): Name = "Case/Package"; Value = "0805"; VariantName = "[No Variations]"
Add component (AddParameter): Name = "Height"; Value = "1.45mm"; VariantName = "[No Variations]"
Add component (AddParameter): Name = "Material"; Value = "Ceramic"; VariantName = "[No Variations]"
Add component (AddParameter): Name = "Max Operating Temperature"; Value = "125°C"; VariantName = "[No Variations]"
Add component (AddParameter): Name = "Min Operating Temperature"; Value = "-55°C"; VariantName = "[No Variations]"
Add component (AddParameter): Name = "NexarPartId"; Value = "107850848"; VariantName = "[No Variations]"
Add component (AddParameter): Name = "Tolerance"; Value = "10%"; VariantName = "[No Variations]"
Add component (AddParameter): Name = "Voltage Rating"; Value = "250V"; VariantName = "[No Variations]"
Added Component: Designator=C137(FP-CC0805-EB-MFG)
Add component (AddParameter): Name = "Capacitance"; Value = "100nF"; VariantName = "[No Variations]"
Add component (AddParameter): Name = "Case/Package"; Value = "0805"; VariantName = "[No Variations]"
Add component (AddParameter): Name = "Height"; Value = "1.45mm"; VariantName = "[No Variations]"
Add component (AddParameter): Name = "Material"; Value = "Ceramic"; VariantName = "[No Variations]"
Add component (AddParameter): Name = "Max Operating Temperature"; Value = "125°C"; VariantName = "[No Variations]"
Add component (AddParameter): Name = "Min Operating Temperature"; Value = "-55°C"; VariantName = "[No Variations]"
Add component (AddParameter): Name = "NexarPartId"; Value = "107850848"; VariantName = "[No Variations]"
Add component (AddParameter): Name = "Tolerance"; Value = "10%"; VariantName = "[No Variations]"
Add component (AddParameter): Name = "Voltage Rating"; Value = "250V"; VariantName = "[No Variations]"
Added Component: Designator=C138(FP-CC0805-EB-MFG)
Add component (AddParameter): Name = "Capacitance"; Value = "100nF"; VariantName = "[No Variations]"
Add component (AddParameter): Name = "Case/Package"; Value = "0805"; VariantName = "[No Variations]"
Add component (AddParameter): Name = "Height"; Value = "1.45mm"; VariantName = "[No Variations]"
Add component (AddParameter): Name = "Material"; Value = "Ceramic"; VariantName = "[No Variations]"
Add component (AddParameter): Name = "Max Operating Temperature"; Value = "125°C"; VariantName = "[No Variations]"
Add component (AddParameter): Name = "Min Operating Temperature"; Value = "-55°C"; VariantName = "[No Variations]"
Add component (AddParameter): Name = "NexarPartId"; Value = "107850848"; VariantName = "[No Variations]"
Add component (AddParameter): Name = "Tolerance"; Value = "10%"; VariantName = "[No Variations]"
Add component (AddParameter): Name = "Voltage Rating"; Value = "250V"; VariantName = "[No Variations]"
Added Component: Designator=C139(FP-CC0805-EB-MFG)
Add component (AddParameter): Name = "Capacitance"; Value = "100nF"; VariantName = "[No Variations]"
Add component (AddParameter): Name = "Case/Package"; Value = "0805"; VariantName = "[No Variations]"
Add component (AddParameter): Name = "Height"; Value = "1.45mm"; VariantName = "[No Variations]"
Add component (AddParameter): Name = "Material"; Value = "Ceramic"; VariantName = "[No Variations]"
Add component (AddParameter): Name = "Max Operating Temperature"; Value = "125°C"; VariantName = "[No Variations]"
Add component (AddParameter): Name = "Min Operating Temperature"; Value = "-55°C"; VariantName = "[No Variations]"
Add component (AddParameter): Name = "NexarPartId"; Value = "107850848"; VariantName = "[No Variations]"
Add component (AddParameter): Name = "Tolerance"; Value = "10%"; VariantName = "[No Variations]"
Add component (AddParameter): Name = "Voltage Rating"; Value = "250V"; VariantName = "[No Variations]"
Added Component: Designator=C140(FP-CC0805-EB-MFG)
Add component (AddParameter): Name = "Capacitance"; Value = "100nF"; VariantName = "[No Variations]"
Add component (AddParameter): Name = "Case/Package"; Value = "0805"; VariantName = "[No Variations]"
Add component (AddParameter): Name = "Height"; Value = "1.45mm"; VariantName = "[No Variations]"
Add component (AddParameter): Name = "Material"; Value = "Ceramic"; VariantName = "[No Variations]"
Add component (AddParameter): Name = "Max Operating Temperature"; Value = "125°C"; VariantName = "[No Variations]"
Add component (AddParameter): Name = "Min Operating Temperature"; Value = "-55°C"; VariantName = "[No Variations]"
Add component (AddParameter): Name = "NexarPartId"; Value = "107850848"; VariantName = "[No Variations]"
Add component (AddParameter): Name = "Tolerance"; Value = "10%"; VariantName = "[No Variations]"
Add component (AddParameter): Name = "Voltage Rating"; Value = "250V"; VariantName = "[No Variations]"
Added Component: Designator=C141(FP-CC0805-EB-MFG)
Add component (AddParameter): Name = "Capacitance"; Value = "100nF"; VariantName = "[No Variations]"
Add component (AddParameter): Name = "Case/Package"; Value = "0805"; VariantName = "[No Variations]"
Add component (AddParameter): Name = "Height"; Value = "1.45mm"; VariantName = "[No Variations]"
Add component (AddParameter): Name = "Material"; Value = "Ceramic"; VariantName = "[No Variations]"
Add component (AddParameter): Name = "Max Operating Temperature"; Value = "125°C"; VariantName = "[No Variations]"
Add component (AddParameter): Name = "Min Operating Temperature"; Value = "-55°C"; VariantName = "[No Variations]"
Add component (AddParameter): Name = "NexarPartId"; Value = "107850848"; VariantName = "[No Variations]"
Add component (AddParameter): Name = "Tolerance"; Value = "10%"; VariantName = "[No Variations]"
Add component (AddParameter): Name = "Voltage Rating"; Value = "250V"; VariantName = "[No Variations]"
Added Component: Designator=C142(CAP_0805)
Add component (AddParameter): Name = "Dielectric"; Value = ""; VariantName = "[No Variations]"
Add component (AddParameter): Name = "Distributor Link"; Value = ""; VariantName = "[No Variations]"
Add component (AddParameter): Name = "LCSC"; Value = ""; VariantName = "[No Variations]"
Add component (AddParameter): Name = "Manufacturer"; Value = ""; VariantName = "[No Variations]"
Add component (AddParameter): Name = "Manufacturer Part Number"; Value = ""; VariantName = "[No Variations]"
Add component (AddParameter): Name = "Rating"; Value = ""; VariantName = "[No Variations]"
Added Component: Designator=C143(CAP_0805)
Add component (AddParameter): Name = "Dielectric"; Value = ""; VariantName = "[No Variations]"
Add component (AddParameter): Name = "Distributor Link"; Value = ""; VariantName = "[No Variations]"
Add component (AddParameter): Name = "LCSC"; Value = ""; VariantName = "[No Variations]"
Add component (AddParameter): Name = "Manufacturer"; Value = ""; VariantName = "[No Variations]"
Add component (AddParameter): Name = "Manufacturer Part Number"; Value = ""; VariantName = "[No Variations]"
Add component (AddParameter): Name = "Rating"; Value = ""; VariantName = "[No Variations]"
Added Component: Designator=C144(CAP_0805)
Add component (AddParameter): Name = "Dielectric"; Value = ""; VariantName = "[No Variations]"
Add component (AddParameter): Name = "Distributor Link"; Value = ""; VariantName = "[No Variations]"
Add component (AddParameter): Name = "LCSC"; Value = ""; VariantName = "[No Variations]"
Add component (AddParameter): Name = "Manufacturer"; Value = ""; VariantName = "[No Variations]"
Add component (AddParameter): Name = "Manufacturer Part Number"; Value = ""; VariantName = "[No Variations]"
Add component (AddParameter): Name = "Rating"; Value = ""; VariantName = "[No Variations]"
Added Component: Designator=C145(CAP_0805)
Add component (AddParameter): Name = "Dielectric"; Value = ""; VariantName = "[No Variations]"
Add component (AddParameter): Name = "Distributor Link"; Value = ""; VariantName = "[No Variations]"
Add component (AddParameter): Name = "LCSC"; Value = ""; VariantName = "[No Variations]"
Add component (AddParameter): Name = "Manufacturer"; Value = ""; VariantName = "[No Variations]"
Add component (AddParameter): Name = "Manufacturer Part Number"; Value = ""; VariantName = "[No Variations]"
Add component (AddParameter): Name = "Rating"; Value = ""; VariantName = "[No Variations]"
Added Component: Designator=C146(CAP_0805)
Add component (AddParameter): Name = "Dielectric"; Value = ""; VariantName = "[No Variations]"
Add component (AddParameter): Name = "Distributor Link"; Value = ""; VariantName = "[No Variations]"
Add component (AddParameter): Name = "LCSC"; Value = ""; VariantName = "[No Variations]"
Add component (AddParameter): Name = "Manufacturer"; Value = ""; VariantName = "[No Variations]"
Add component (AddParameter): Name = "Manufacturer Part Number"; Value = ""; VariantName = "[No Variations]"
Add component (AddParameter): Name = "Rating"; Value = ""; VariantName = "[No Variations]"
Added Component: Designator=C147(CAP_0805)
Add component (AddParameter): Name = "Dielectric"; Value = ""; VariantName = "[No Variations]"
Add component (AddParameter): Name = "Distributor Link"; Value = ""; VariantName = "[No Variations]"
Add component (AddParameter): Name = "LCSC"; Value = ""; VariantName = "[No Variations]"
Add component (AddParameter): Name = "Manufacturer"; Value = ""; VariantName = "[No Variations]"
Add component (AddParameter): Name = "Manufacturer Part Number"; Value = ""; VariantName = "[No Variations]"
Add component (AddParameter): Name = "Rating"; Value = ""; VariantName = "[No Variations]"
Added Component: Designator=C148(CAP_0805)
Add component (AddParameter): Name = "Dielectric"; Value = ""; VariantName = "[No Variations]"
Add component (AddParameter): Name = "Distributor Link"; Value = ""; VariantName = "[No Variations]"
Add component (AddParameter): Name = "LCSC"; Value = ""; VariantName = "[No Variations]"
Add component (AddParameter): Name = "Manufacturer"; Value = ""; VariantName = "[No Variations]"
Add component (AddParameter): Name = "Manufacturer Part Number"; Value = ""; VariantName = "[No Variations]"
Add component (AddParameter): Name = "Rating"; Value = ""; VariantName = "[No Variations]"
Added Component: Designator=C149(CAP_0805)
Add component (AddParameter): Name = "Dielectric"; Value = ""; VariantName = "[No Variations]"
Add component (AddParameter): Name = "Distributor Link"; Value = ""; VariantName = "[No Variations]"
Add component (AddParameter): Name = "LCSC"; Value = ""; VariantName = "[No Variations]"
Add component (AddParameter): Name = "Manufacturer"; Value = ""; VariantName = "[No Variations]"
Add component (AddParameter): Name = "Manufacturer Part Number"; Value = ""; VariantName = "[No Variations]"
Add component (AddParameter): Name = "Rating"; Value = ""; VariantName = "[No Variations]"
Added Component: Designator=C150(FP-CC0805-EB-MFG)
Add component (AddParameter): Name = "Capacitance"; Value = "100nF"; VariantName = "[No Variations]"
Add component (AddParameter): Name = "Case/Package"; Value = "0805"; VariantName = "[No Variations]"
Add component (AddParameter): Name = "Height"; Value = "1.45mm"; VariantName = "[No Variations]"
Add component (AddParameter): Name = "Material"; Value = "Ceramic"; VariantName = "[No Variations]"
Add component (AddParameter): Name = "Max Operating Temperature"; Value = "125°C"; VariantName = "[No Variations]"
Add component (AddParameter): Name = "Min Operating Temperature"; Value = "-55°C"; VariantName = "[No Variations]"
Add component (AddParameter): Name = "NexarPartId"; Value = "107850848"; VariantName = "[No Variations]"
Add component (AddParameter): Name = "Tolerance"; Value = "10%"; VariantName = "[No Variations]"
Add component (AddParameter): Name = "Voltage Rating"; Value = "250V"; VariantName = "[No Variations]"
Added Component: Designator=C151(FP-CC0805-EB-MFG)
Add component (AddParameter): Name = "Capacitance"; Value = "100nF"; VariantName = "[No Variations]"
Add component (AddParameter): Name = "Case/Package"; Value = "0805"; VariantName = "[No Variations]"
Add component (AddParameter): Name = "Height"; Value = "1.45mm"; VariantName = "[No Variations]"
Add component (AddParameter): Name = "Material"; Value = "Ceramic"; VariantName = "[No Variations]"
Add component (AddParameter): Name = "Max Operating Temperature"; Value = "125°C"; VariantName = "[No Variations]"
Add component (AddParameter): Name = "Min Operating Temperature"; Value = "-55°C"; VariantName = "[No Variations]"
Add component (AddParameter): Name = "NexarPartId"; Value = "107850848"; VariantName = "[No Variations]"
Add component (AddParameter): Name = "Tolerance"; Value = "10%"; VariantName = "[No Variations]"
Add component (AddParameter): Name = "Voltage Rating"; Value = "250V"; VariantName = "[No Variations]"
Added Component: Designator=C152(FP-CC0805-EB-MFG)
Add component (AddParameter): Name = "Capacitance"; Value = "100nF"; VariantName = "[No Variations]"
Add component (AddParameter): Name = "Case/Package"; Value = "0805"; VariantName = "[No Variations]"
Add component (AddParameter): Name = "Height"; Value = "1.45mm"; VariantName = "[No Variations]"
Add component (AddParameter): Name = "Material"; Value = "Ceramic"; VariantName = "[No Variations]"
Add component (AddParameter): Name = "Max Operating Temperature"; Value = "125°C"; VariantName = "[No Variations]"
Add component (AddParameter): Name = "Min Operating Temperature"; Value = "-55°C"; VariantName = "[No Variations]"
Add component (AddParameter): Name = "NexarPartId"; Value = "107850848"; VariantName = "[No Variations]"
Add component (AddParameter): Name = "Tolerance"; Value = "10%"; VariantName = "[No Variations]"
Add component (AddParameter): Name = "Voltage Rating"; Value = "250V"; VariantName = "[No Variations]"
Added Component: Designator=C153(FP-CC0805-EB-MFG)
Add component (AddParameter): Name = "Capacitance"; Value = "100nF"; VariantName = "[No Variations]"
Add component (AddParameter): Name = "Case/Package"; Value = "0805"; VariantName = "[No Variations]"
Add component (AddParameter): Name = "Height"; Value = "1.45mm"; VariantName = "[No Variations]"
Add component (AddParameter): Name = "Material"; Value = "Ceramic"; VariantName = "[No Variations]"
Add component (AddParameter): Name = "Max Operating Temperature"; Value = "125°C"; VariantName = "[No Variations]"
Add component (AddParameter): Name = "Min Operating Temperature"; Value = "-55°C"; VariantName = "[No Variations]"
Add component (AddParameter): Name = "NexarPartId"; Value = "107850848"; VariantName = "[No Variations]"
Add component (AddParameter): Name = "Tolerance"; Value = "10%"; VariantName = "[No Variations]"
Add component (AddParameter): Name = "Voltage Rating"; Value = "250V"; VariantName = "[No Variations]"
Added Component: Designator=C154(FP-CC0805-EB-MFG)
Add component (AddParameter): Name = "Capacitance"; Value = "100nF"; VariantName = "[No Variations]"
Add component (AddParameter): Name = "Case/Package"; Value = "0805"; VariantName = "[No Variations]"
Add component (AddParameter): Name = "Height"; Value = "1.45mm"; VariantName = "[No Variations]"
Add component (AddParameter): Name = "Material"; Value = "Ceramic"; VariantName = "[No Variations]"
Add component (AddParameter): Name = "Max Operating Temperature"; Value = "125°C"; VariantName = "[No Variations]"
Add component (AddParameter): Name = "Min Operating Temperature"; Value = "-55°C"; VariantName = "[No Variations]"
Add component (AddParameter): Name = "NexarPartId"; Value = "107850848"; VariantName = "[No Variations]"
Add component (AddParameter): Name = "Tolerance"; Value = "10%"; VariantName = "[No Variations]"
Add component (AddParameter): Name = "Voltage Rating"; Value = "250V"; VariantName = "[No Variations]"
Added Component: Designator=C155(FP-CC0805-EB-MFG)
Add component (AddParameter): Name = "Capacitance"; Value = "100nF"; VariantName = "[No Variations]"
Add component (AddParameter): Name = "Case/Package"; Value = "0805"; VariantName = "[No Variations]"
Add component (AddParameter): Name = "Height"; Value = "1.45mm"; VariantName = "[No Variations]"
Add component (AddParameter): Name = "Material"; Value = "Ceramic"; VariantName = "[No Variations]"
Add component (AddParameter): Name = "Max Operating Temperature"; Value = "125°C"; VariantName = "[No Variations]"
Add component (AddParameter): Name = "Min Operating Temperature"; Value = "-55°C"; VariantName = "[No Variations]"
Add component (AddParameter): Name = "NexarPartId"; Value = "107850848"; VariantName = "[No Variations]"
Add component (AddParameter): Name = "Tolerance"; Value = "10%"; VariantName = "[No Variations]"
Add component (AddParameter): Name = "Voltage Rating"; Value = "250V"; VariantName = "[No Variations]"
Added Component: Designator=C156(CAP_0805)
Add component (AddParameter): Name = "Dielectric"; Value = ""; VariantName = "[No Variations]"
Add component (AddParameter): Name = "Distributor Link"; Value = ""; VariantName = "[No Variations]"
Add component (AddParameter): Name = "LCSC"; Value = ""; VariantName = "[No Variations]"
Add component (AddParameter): Name = "Manufacturer"; Value = ""; VariantName = "[No Variations]"
Add component (AddParameter): Name = "Manufacturer Part Number"; Value = ""; VariantName = "[No Variations]"
Add component (AddParameter): Name = "Rating"; Value = ""; VariantName = "[No Variations]"
Added Component: Designator=C157(CAP_0805)
Add component (AddParameter): Name = "Dielectric"; Value = ""; VariantName = "[No Variations]"
Add component (AddParameter): Name = "Distributor Link"; Value = ""; VariantName = "[No Variations]"
Add component (AddParameter): Name = "LCSC"; Value = ""; VariantName = "[No Variations]"
Add component (AddParameter): Name = "Manufacturer"; Value = ""; VariantName = "[No Variations]"
Add component (AddParameter): Name = "Manufacturer Part Number"; Value = ""; VariantName = "[No Variations]"
Add component (AddParameter): Name = "Rating"; Value = ""; VariantName = "[No Variations]"
Added Component: Designator=C158(CAP_0805)
Add component (AddParameter): Name = "Dielectric"; Value = ""; VariantName = "[No Variations]"
Add component (AddParameter): Name = "Distributor Link"; Value = ""; VariantName = "[No Variations]"
Add component (AddParameter): Name = "LCSC"; Value = ""; VariantName = "[No Variations]"
Add component (AddParameter): Name = "Manufacturer"; Value = ""; VariantName = "[No Variations]"
Add component (AddParameter): Name = "Manufacturer Part Number"; Value = ""; VariantName = "[No Variations]"
Add component (AddParameter): Name = "Rating"; Value = ""; VariantName = "[No Variations]"
Added Component: Designator=C159(CAP_0805)
Add component (AddParameter): Name = "Dielectric"; Value = ""; VariantName = "[No Variations]"
Add component (AddParameter): Name = "Distributor Link"; Value = ""; VariantName = "[No Variations]"
Add component (AddParameter): Name = "LCSC"; Value = ""; VariantName = "[No Variations]"
Add component (AddParameter): Name = "Manufacturer"; Value = ""; VariantName = "[No Variations]"
Add component (AddParameter): Name = "Manufacturer Part Number"; Value = ""; VariantName = "[No Variations]"
Add component (AddParameter): Name = "Rating"; Value = ""; VariantName = "[No Variations]"
Added Component: Designator=C160(CAP_0805)
Add component (AddParameter): Name = "Dielectric"; Value = ""; VariantName = "[No Variations]"
Add component (AddParameter): Name = "Distributor Link"; Value = ""; VariantName = "[No Variations]"
Add component (AddParameter): Name = "LCSC"; Value = ""; VariantName = "[No Variations]"
Add component (AddParameter): Name = "Manufacturer"; Value = ""; VariantName = "[No Variations]"
Add component (AddParameter): Name = "Manufacturer Part Number"; Value = ""; VariantName = "[No Variations]"
Add component (AddParameter): Name = "Rating"; Value = ""; VariantName = "[No Variations]"
Added Component: Designator=C161(CAP_0805)
Add component (AddParameter): Name = "Dielectric"; Value = ""; VariantName = "[No Variations]"
Add component (AddParameter): Name = "Distributor Link"; Value = ""; VariantName = "[No Variations]"
Add component (AddParameter): Name = "LCSC"; Value = ""; VariantName = "[No Variations]"
Add component (AddParameter): Name = "Manufacturer"; Value = ""; VariantName = "[No Variations]"
Add component (AddParameter): Name = "Manufacturer Part Number"; Value = ""; VariantName = "[No Variations]"
Add component (AddParameter): Name = "Rating"; Value = ""; VariantName = "[No Variations]"
Added Component: Designator=C162(CAP_0805)
Add component (AddParameter): Name = "Dielectric"; Value = ""; VariantName = "[No Variations]"
Add component (AddParameter): Name = "Distributor Link"; Value = ""; VariantName = "[No Variations]"
Add component (AddParameter): Name = "LCSC"; Value = ""; VariantName = "[No Variations]"
Add component (AddParameter): Name = "Manufacturer"; Value = ""; VariantName = "[No Variations]"
Add component (AddParameter): Name = "Manufacturer Part Number"; Value = ""; VariantName = "[No Variations]"
Add component (AddParameter): Name = "Rating"; Value = ""; VariantName = "[No Variations]"
Added Component: Designator=C163(CAP_0805)
Add component (AddParameter): Name = "Dielectric"; Value = ""; VariantName = "[No Variations]"
Add component (AddParameter): Name = "Distributor Link"; Value = ""; VariantName = "[No Variations]"
Add component (AddParameter): Name = "LCSC"; Value = ""; VariantName = "[No Variations]"
Add component (AddParameter): Name = "Manufacturer"; Value = ""; VariantName = "[No Variations]"
Add component (AddParameter): Name = "Manufacturer Part Number"; Value = ""; VariantName = "[No Variations]"
Add component (AddParameter): Name = "Rating"; Value = ""; VariantName = "[No Variations]"
Added Component: Designator=C164(CAP_0805)
Add component (AddParameter): Name = "Dielectric"; Value = ""; VariantName = "[No Variations]"
Add component (AddParameter): Name = "Distributor Link"; Value = ""; VariantName = "[No Variations]"
Add component (AddParameter): Name = "LCSC"; Value = ""; VariantName = "[No Variations]"
Add component (AddParameter): Name = "Manufacturer"; Value = ""; VariantName = "[No Variations]"
Add component (AddParameter): Name = "Manufacturer Part Number"; Value = ""; VariantName = "[No Variations]"
Add component (AddParameter): Name = "Rating"; Value = ""; VariantName = "[No Variations]"
Added Component: Designator=C165(CAP_0805)
Add component (AddParameter): Name = "Dielectric"; Value = ""; VariantName = "[No Variations]"
Add component (AddParameter): Name = "Distributor Link"; Value = ""; VariantName = "[No Variations]"
Add component (AddParameter): Name = "LCSC"; Value = ""; VariantName = "[No Variations]"
Add component (AddParameter): Name = "Manufacturer"; Value = ""; VariantName = "[No Variations]"
Add component (AddParameter): Name = "Manufacturer Part Number"; Value = ""; VariantName = "[No Variations]"
Add component (AddParameter): Name = "Rating"; Value = ""; VariantName = "[No Variations]"
Added Component: Designator=C166(CAP_0805)
Add component (AddParameter): Name = "Dielectric"; Value = ""; VariantName = "[No Variations]"
Add component (AddParameter): Name = "Distributor Link"; Value = ""; VariantName = "[No Variations]"
Add component (AddParameter): Name = "LCSC"; Value = ""; VariantName = "[No Variations]"
Add component (AddParameter): Name = "Manufacturer"; Value = ""; VariantName = "[No Variations]"
Add component (AddParameter): Name = "Manufacturer Part Number"; Value = ""; VariantName = "[No Variations]"
Add component (AddParameter): Name = "Rating"; Value = ""; VariantName = "[No Variations]"
Added Component: Designator=C167(CAP_0805)
Add component (AddParameter): Name = "Dielectric"; Value = ""; VariantName = "[No Variations]"
Add component (AddParameter): Name = "Distributor Link"; Value = ""; VariantName = "[No Variations]"
Add component (AddParameter): Name = "LCSC"; Value = ""; VariantName = "[No Variations]"
Add component (AddParameter): Name = "Manufacturer"; Value = ""; VariantName = "[No Variations]"
Add component (AddParameter): Name = "Manufacturer Part Number"; Value = ""; VariantName = "[No Variations]"
Add component (AddParameter): Name = "Rating"; Value = ""; VariantName = "[No Variations]"
Added Component: Designator=C168(CAP_0805)
Add component (AddParameter): Name = "Dielectric"; Value = ""; VariantName = "[No Variations]"
Add component (AddParameter): Name = "Distributor Link"; Value = ""; VariantName = "[No Variations]"
Add component (AddParameter): Name = "LCSC"; Value = ""; VariantName = "[No Variations]"
Add component (AddParameter): Name = "Manufacturer"; Value = ""; VariantName = "[No Variations]"
Add component (AddParameter): Name = "Manufacturer Part Number"; Value = ""; VariantName = "[No Variations]"
Add component (AddParameter): Name = "Rating"; Value = ""; VariantName = "[No Variations]"
Added Component: Designator=C169(CAP_0805)
Add component (AddParameter): Name = "Dielectric"; Value = ""; VariantName = "[No Variations]"
Add component (AddParameter): Name = "Distributor Link"; Value = ""; VariantName = "[No Variations]"
Add component (AddParameter): Name = "LCSC"; Value = ""; VariantName = "[No Variations]"
Add component (AddParameter): Name = "Manufacturer"; Value = ""; VariantName = "[No Variations]"
Add component (AddParameter): Name = "Manufacturer Part Number"; Value = ""; VariantName = "[No Variations]"
Add component (AddParameter): Name = "Rating"; Value = ""; VariantName = "[No Variations]"
Added Component: Designator=C170(CAP_0805)
Add component (AddParameter): Name = "Dielectric"; Value = ""; VariantName = "[No Variations]"
Add component (AddParameter): Name = "Distributor Link"; Value = ""; VariantName = "[No Variations]"
Add component (AddParameter): Name = "LCSC"; Value = ""; VariantName = "[No Variations]"
Add component (AddParameter): Name = "Manufacturer"; Value = ""; VariantName = "[No Variations]"
Add component (AddParameter): Name = "Manufacturer Part Number"; Value = ""; VariantName = "[No Variations]"
Add component (AddParameter): Name = "Rating"; Value = ""; VariantName = "[No Variations]"
Added Component: Designator=C171(CAP_0805)
Add component (AddParameter): Name = "Dielectric"; Value = ""; VariantName = "[No Variations]"
Add component (AddParameter): Name = "Distributor Link"; Value = ""; VariantName = "[No Variations]"
Add component (AddParameter): Name = "LCSC"; Value = ""; VariantName = "[No Variations]"
Add component (AddParameter): Name = "Manufacturer"; Value = ""; VariantName = "[No Variations]"
Add component (AddParameter): Name = "Manufacturer Part Number"; Value = ""; VariantName = "[No Variations]"
Add component (AddParameter): Name = "Rating"; Value = ""; VariantName = "[No Variations]"
Added Component: Designator=C172(CAP_0805)
Add component (AddParameter): Name = "Dielectric"; Value = ""; VariantName = "[No Variations]"
Add component (AddParameter): Name = "Distributor Link"; Value = ""; VariantName = "[No Variations]"
Add component (AddParameter): Name = "LCSC"; Value = ""; VariantName = "[No Variations]"
Add component (AddParameter): Name = "Manufacturer"; Value = ""; VariantName = "[No Variations]"
Add component (AddParameter): Name = "Manufacturer Part Number"; Value = ""; VariantName = "[No Variations]"
Add component (AddParameter): Name = "Rating"; Value = ""; VariantName = "[No Variations]"
Added Component: Designator=C173(CAP_0805)
Add component (AddParameter): Name = "Dielectric"; Value = ""; VariantName = "[No Variations]"
Add component (AddParameter): Name = "Distributor Link"; Value = ""; VariantName = "[No Variations]"
Add component (AddParameter): Name = "LCSC"; Value = ""; VariantName = "[No Variations]"
Add component (AddParameter): Name = "Manufacturer"; Value = ""; VariantName = "[No Variations]"
Add component (AddParameter): Name = "Manufacturer Part Number"; Value = ""; VariantName = "[No Variations]"
Add component (AddParameter): Name = "Rating"; Value = ""; VariantName = "[No Variations]"
Added Component: Designator=C174(CAP_0805)
Add component (AddParameter): Name = "Dielectric"; Value = ""; VariantName = "[No Variations]"
Add component (AddParameter): Name = "Distributor Link"; Value = ""; VariantName = "[No Variations]"
Add component (AddParameter): Name = "LCSC"; Value = ""; VariantName = "[No Variations]"
Add component (AddParameter): Name = "Manufacturer"; Value = ""; VariantName = "[No Variations]"
Add component (AddParameter): Name = "Manufacturer Part Number"; Value = ""; VariantName = "[No Variations]"
Add component (AddParameter): Name = "Rating"; Value = ""; VariantName = "[No Variations]"
Added Component: Designator=C175(CAP_0805)
Add component (AddParameter): Name = "Dielectric"; Value = ""; VariantName = "[No Variations]"
Add component (AddParameter): Name = "Distributor Link"; Value = ""; VariantName = "[No Variations]"
Add component (AddParameter): Name = "LCSC"; Value = ""; VariantName = "[No Variations]"
Add component (AddParameter): Name = "Manufacturer"; Value = ""; VariantName = "[No Variations]"
Add component (AddParameter): Name = "Manufacturer Part Number"; Value = ""; VariantName = "[No Variations]"
Add component (AddParameter): Name = "Rating"; Value = ""; VariantName = "[No Variations]"
Added Component: Designator=C176(CAP_0805)
Add component (AddParameter): Name = "Dielectric"; Value = ""; VariantName = "[No Variations]"
Add component (AddParameter): Name = "Distributor Link"; Value = ""; VariantName = "[No Variations]"
Add component (AddParameter): Name = "LCSC"; Value = ""; VariantName = "[No Variations]"
Add component (AddParameter): Name = "Manufacturer"; Value = ""; VariantName = "[No Variations]"
Add component (AddParameter): Name = "Manufacturer Part Number"; Value = ""; VariantName = "[No Variations]"
Add component (AddParameter): Name = "Rating"; Value = ""; VariantName = "[No Variations]"
Added Component: Designator=C177(CAP_0805)
Add component (AddParameter): Name = "Dielectric"; Value = ""; VariantName = "[No Variations]"
Add component (AddParameter): Name = "Distributor Link"; Value = ""; VariantName = "[No Variations]"
Add component (AddParameter): Name = "LCSC"; Value = ""; VariantName = "[No Variations]"
Add component (AddParameter): Name = "Manufacturer"; Value = ""; VariantName = "[No Variations]"
Add component (AddParameter): Name = "Manufacturer Part Number"; Value = ""; VariantName = "[No Variations]"
Add component (AddParameter): Name = "Rating"; Value = ""; VariantName = "[No Variations]"
Added Component: Designator=C178(CAP_0805)
Add component (AddParameter): Name = "Dielectric"; Value = ""; VariantName = "[No Variations]"
Add component (AddParameter): Name = "Distributor Link"; Value = ""; VariantName = "[No Variations]"
Add component (AddParameter): Name = "LCSC"; Value = ""; VariantName = "[No Variations]"
Add component (AddParameter): Name = "Manufacturer"; Value = ""; VariantName = "[No Variations]"
Add component (AddParameter): Name = "Manufacturer Part Number"; Value = ""; VariantName = "[No Variations]"
Add component (AddParameter): Name = "Rating"; Value = ""; VariantName = "[No Variations]"
Added Component: Designator=D1(SODFL1006X40N)
Add component (AddParameter): Name = "Datasheet Link"; Value = "https://www.onsemi.com/pub/Collateral/ESD9B-D.PDF"; VariantName = "[No Variations]"
Add component (AddParameter): Name = "Geometry.Height"; Value = "0.4mm"; VariantName = "[No Variations]"
Add component (AddParameter): Name = "Manufacturer_Name"; Value = "onsemi"; VariantName = "[No Variations]"
Add component (AddParameter): Name = "Manufacturer_Part_Number"; Value = "ESD9B3.3ST5G"; VariantName = "[No Variations]"
Add component (AddParameter): Name = "Mouser Part Number"; Value = "863-ESD9B3.3ST5G"; VariantName = "[No Variations]"
Add component (AddParameter): Name = "Mouser Price/Stock"; Value = "https://www.mouser.co.uk/ProductDetail/onsemi/ESD9B3.3ST5G?qs=yU2N9dt%252BrfmXrPf3vhgUEA%3D%3D"; VariantName = "[No Variations]"
Added Component: Designator=D2(ONSC-SOD-123FL-2-498_V)
Add component (AddParameter): Name = "ComponentLink1Description"; Value = "Manufacturer URL"; VariantName = "[No Variations]"
Add component (AddParameter): Name = "ComponentLink1URL"; Value = "http://www.onsemi.com/"; VariantName = "[No Variations]"
Add component (AddParameter): Name = "ComponentLink2Description"; Value = "Datasheet"; VariantName = "[No Variations]"
Add component (AddParameter): Name = "ComponentLink2URL"; Value = "http://www.onsemi.com/pub_link/Collateral/SMF5.0AT1-D.PDF"; VariantName = "[No Variations]"
Add component (AddParameter): Name = "ComponentLink3Description"; Value = "Package Specification"; VariantName = "[No Variations]"
Add component (AddParameter): Name = "ComponentLink3URL"; Value = "http://www.onsemi.com/pub_link/Collateral/498-01.PDF"; VariantName = "[No Variations]"
Add component (AddParameter): Name = "DatasheetVersion"; Value = "Rev. 7"; VariantName = "[No Variations]"
Add component (AddParameter): Name = "Direction"; Value = "Unidirectional"; VariantName = "[No Variations]"
Add component (AddParameter): Name = "IR Max (uA)"; Value = "400"; VariantName = "[No Variations]"
Add component (AddParameter): Name = "Manufacturer"; Value = "On Semiconductor"; VariantName = "[No Variations]"
Add component (AddParameter): Name = "Mounting Technology"; Value = "Surface Mount"; VariantName = "[No Variations]"
Add component (AddParameter): Name = "PackageDescription"; Value = "2-Pin SOD, Body 1.65 x 2.7 mm"; VariantName = "[No Variations]"
Add component (AddParameter): Name = "PackageReference"; Value = "SOD-123FL-2-498"; VariantName = "[No Variations]"
Add component (AddParameter): Name = "PackageVersion"; Value = "Rev. D, 05/2013"; VariantName = "[No Variations]"
Add component (AddParameter): Name = "Packing"; Value = "Tape and Reel"; VariantName = "[No Variations]"
Add component (AddParameter): Name = "PartNumber"; Value = "SMF5.0AT1G"; VariantName = "[No Variations]"
Add component (AddParameter): Name = "RoHS"; Value = "Pb-Free"; VariantName = "[No Variations]"
Add component (AddParameter): Name = "V(BR) Typ (V)"; Value = "6.7"; VariantName = "[No Variations]"
Added Component: Designator=D3(ONSC-SOD-123FL-2-498_V)
Add component (AddParameter): Name = "ComponentLink1Description"; Value = "Manufacturer URL"; VariantName = "[No Variations]"
Add component (AddParameter): Name = "ComponentLink1URL"; Value = "http://www.onsemi.com/"; VariantName = "[No Variations]"
Add component (AddParameter): Name = "ComponentLink2Description"; Value = "Datasheet"; VariantName = "[No Variations]"
Add component (AddParameter): Name = "ComponentLink2URL"; Value = "http://www.onsemi.com/pub_link/Collateral/SMF5.0AT1-D.PDF"; VariantName = "[No Variations]"
Add component (AddParameter): Name = "ComponentLink3Description"; Value = "Package Specification"; VariantName = "[No Variations]"
Add component (AddParameter): Name = "ComponentLink3URL"; Value = "http://www.onsemi.com/pub_link/Collateral/498-01.PDF"; VariantName = "[No Variations]"
Add component (AddParameter): Name = "DatasheetVersion"; Value = "Rev. 7"; VariantName = "[No Variations]"
Add component (AddParameter): Name = "Direction"; Value = "Unidirectional"; VariantName = "[No Variations]"
Add component (AddParameter): Name = "IR Max (uA)"; Value = "400"; VariantName = "[No Variations]"
Add component (AddParameter): Name = "Manufacturer"; Value = "On Semiconductor"; VariantName = "[No Variations]"
Add component (AddParameter): Name = "Mounting Technology"; Value = "Surface Mount"; VariantName = "[No Variations]"
Add component (AddParameter): Name = "PackageDescription"; Value = "2-Pin SOD, Body 1.65 x 2.7 mm"; VariantName = "[No Variations]"
Add component (AddParameter): Name = "PackageReference"; Value = "SOD-123FL-2-498"; VariantName = "[No Variations]"
Add component (AddParameter): Name = "PackageVersion"; Value = "Rev. D, 05/2013"; VariantName = "[No Variations]"
Add component (AddParameter): Name = "Packing"; Value = "Tape and Reel"; VariantName = "[No Variations]"
Add component (AddParameter): Name = "PartNumber"; Value = "SMF5.0AT1G"; VariantName = "[No Variations]"
Add component (AddParameter): Name = "RoHS"; Value = "Pb-Free"; VariantName = "[No Variations]"
Add component (AddParameter): Name = "V(BR) Typ (V)"; Value = "6.7"; VariantName = "[No Variations]"
Added Component: Designator=D4(FP-SMBJ-MFG)
Add component (AddParameter): Name = "Breakdown Voltage"; Value = "19.2V"; VariantName = "[No Variations]"
Add component (AddParameter): Name = "Case/Package"; Value = "DO-214AA"; VariantName = "[No Variations]"
Add component (AddParameter): Name = "Clamping Voltage"; Value = "24.4V"; VariantName = "[No Variations]"
Add component (AddParameter): Name = "Diode Type"; Value = "ZENER"; VariantName = "[No Variations]"
Add component (AddParameter): Name = "Direction"; Value = "Unidirectional"; VariantName = "[No Variations]"
Add component (AddParameter): Name = "Element Configuration"; Value = "Single"; VariantName = "[No Variations]"
Add component (AddParameter): Name = "ESD Protection"; Value = "Yes"; VariantName = "[No Variations]"
Add component (AddParameter): Name = "Height"; Value = "2.42mm"; VariantName = "[No Variations]"
Add component (AddParameter): Name = "Leakage Current"; Value = "5uA"; VariantName = "[No Variations]"
Add component (AddParameter): Name = "Length"; Value = "4.57mm"; VariantName = "[No Variations]"
Add component (AddParameter): Name = "Max Breakdown Voltage"; Value = "19.2V"; VariantName = "[No Variations]"
Add component (AddParameter): Name = "Max Operating Temperature"; Value = "150°C"; VariantName = "[No Variations]"
Add component (AddParameter): Name = "Max Power Dissipation"; Value = "600W"; VariantName = "[No Variations]"
Add component (AddParameter): Name = "Max Reverse Leakage Current"; Value = "5uA"; VariantName = "[No Variations]"
Add component (AddParameter): Name = "Max Surge Current"; Value = "100A"; VariantName = "[No Variations]"
Add component (AddParameter): Name = "Min Breakdown Voltage"; Value = "16.7V"; VariantName = "[No Variations]"
Add component (AddParameter): Name = "Min Operating Temperature"; Value = "-55°C"; VariantName = "[No Variations]"
Add component (AddParameter): Name = "Mount"; Value = "Surface Mount"; VariantName = "[No Variations]"
Add component (AddParameter): Name = "Number of Channels"; Value = "1"; VariantName = "[No Variations]"
Add component (AddParameter): Name = "Number of Elements"; Value = "1"; VariantName = "[No Variations]"
Add component (AddParameter): Name = "Number of Pins"; Value = "2"; VariantName = "[No Variations]"
Add component (AddParameter): Name = "Number of Unidirectional Channels"; Value = "1"; VariantName = "[No Variations]"
Add component (AddParameter): Name = "Operating Supply Voltage"; Value = "3.5V"; VariantName = "[No Variations]"
Add component (AddParameter): Name = "Package Quantity"; Value = "1"; VariantName = "[No Variations]"
Add component (AddParameter): Name = "Packaging"; Value = "Tape and Reel"; VariantName = "[No Variations]"
Add component (AddParameter): Name = "Peak Pulse Current"; Value = "24A"; VariantName = "[No Variations]"
Add component (AddParameter): Name = "Peak Pulse Power"; Value = "600W"; VariantName = "[No Variations]"
Add component (AddParameter): Name = "Polarity"; Value = "Unidirectional"; VariantName = "[No Variations]"
Add component (AddParameter): Name = "Power Line Protection"; Value = "No"; VariantName = "[No Variations]"
Add component (AddParameter): Name = "Radiation Hardening"; Value = "No"; VariantName = "[No Variations]"
Add component (AddParameter): Name = "REACH SVHC"; Value = "No SVHC"; VariantName = "[No Variations]"
Add component (AddParameter): Name = "Resistor Type"; Value = "Zener"; VariantName = "[No Variations]"
Add component (AddParameter): Name = "Reverse Breakdown Voltage"; Value = "16.7V"; VariantName = "[No Variations]"
Add component (AddParameter): Name = "Reverse Standoff Voltage"; Value = "15V"; VariantName = "[No Variations]"
Add component (AddParameter): Name = "RoHS Compliant"; Value = "Yes"; VariantName = "[No Variations]"
Add component (AddParameter): Name = "Series"; Value = "SMBJ"; VariantName = "[No Variations]"
Add component (AddParameter): Name = "Termination"; Value = "SMD/SMT"; VariantName = "[No Variations]"
Add component (AddParameter): Name = "Test Current"; Value = "1mA"; VariantName = "[No Variations]"
Add component (AddParameter): Name = "Width"; Value = "3.94mm"; VariantName = "[No Variations]"
Added Component: Designator=D5(LED_0805_GREEN)
Add component (AddParameter): Name = "Distributor Link"; Value = ""; VariantName = "[No Variations]"
Add component (AddParameter): Name = "LCSC"; Value = ""; VariantName = "[No Variations]"
Add component (AddParameter): Name = "Manufacturer"; Value = ""; VariantName = "[No Variations]"
Add component (AddParameter): Name = "Manufacturer Part Number"; Value = ""; VariantName = "[No Variations]"
Added Component: Designator=D6(LED_0805_GREEN)
Add component (AddParameter): Name = "Distributor Link"; Value = ""; VariantName = "[No Variations]"
Add component (AddParameter): Name = "LCSC"; Value = ""; VariantName = "[No Variations]"
Add component (AddParameter): Name = "Manufacturer"; Value = ""; VariantName = "[No Variations]"
Add component (AddParameter): Name = "Manufacturer Part Number"; Value = ""; VariantName = "[No Variations]"
Added Component: Designator=D7(LED_0805_GREEN)
Add component (AddParameter): Name = "Distributor Link"; Value = ""; VariantName = "[No Variations]"
Add component (AddParameter): Name = "LCSC"; Value = ""; VariantName = "[No Variations]"
Add component (AddParameter): Name = "Manufacturer"; Value = ""; VariantName = "[No Variations]"
Add component (AddParameter): Name = "Manufacturer Part Number"; Value = ""; VariantName = "[No Variations]"
Added Component: Designator=D8(LED_0805_GREEN)
Add component (AddParameter): Name = "Distributor Link"; Value = ""; VariantName = "[No Variations]"
Add component (AddParameter): Name = "LCSC"; Value = ""; VariantName = "[No Variations]"
Add component (AddParameter): Name = "Manufacturer"; Value = ""; VariantName = "[No Variations]"
Add component (AddParameter): Name = "Manufacturer Part Number"; Value = ""; VariantName = "[No Variations]"
Added Component: Designator=D9(LED_0805_GREEN)
Add component (AddParameter): Name = "Distributor Link"; Value = ""; VariantName = "[No Variations]"
Add component (AddParameter): Name = "LCSC"; Value = ""; VariantName = "[No Variations]"
Add component (AddParameter): Name = "Manufacturer"; Value = ""; VariantName = "[No Variations]"
Add component (AddParameter): Name = "Manufacturer Part Number"; Value = ""; VariantName = "[No Variations]"
Added Component: Designator=D10(FP-SMBJ-MFG)
Add component (AddParameter): Name = "Breakdown Voltage"; Value = "19.2V"; VariantName = "[No Variations]"
Add component (AddParameter): Name = "Case/Package"; Value = "DO-214AA"; VariantName = "[No Variations]"
Add component (AddParameter): Name = "Clamping Voltage"; Value = "24.4V"; VariantName = "[No Variations]"
Add component (AddParameter): Name = "Diode Type"; Value = "ZENER"; VariantName = "[No Variations]"
Add component (AddParameter): Name = "Direction"; Value = "Unidirectional"; VariantName = "[No Variations]"
Add component (AddParameter): Name = "Element Configuration"; Value = "Single"; VariantName = "[No Variations]"
Add component (AddParameter): Name = "ESD Protection"; Value = "Yes"; VariantName = "[No Variations]"
Add component (AddParameter): Name = "Height"; Value = "2.42mm"; VariantName = "[No Variations]"
Add component (AddParameter): Name = "Leakage Current"; Value = "5uA"; VariantName = "[No Variations]"
Add component (AddParameter): Name = "Length"; Value = "4.57mm"; VariantName = "[No Variations]"
Add component (AddParameter): Name = "Max Breakdown Voltage"; Value = "19.2V"; VariantName = "[No Variations]"
Add component (AddParameter): Name = "Max Operating Temperature"; Value = "150°C"; VariantName = "[No Variations]"
Add component (AddParameter): Name = "Max Power Dissipation"; Value = "600W"; VariantName = "[No Variations]"
Add component (AddParameter): Name = "Max Reverse Leakage Current"; Value = "5uA"; VariantName = "[No Variations]"
Add component (AddParameter): Name = "Max Surge Current"; Value = "100A"; VariantName = "[No Variations]"
Add component (AddParameter): Name = "Min Breakdown Voltage"; Value = "16.7V"; VariantName = "[No Variations]"
Add component (AddParameter): Name = "Min Operating Temperature"; Value = "-55°C"; VariantName = "[No Variations]"
Add component (AddParameter): Name = "Mount"; Value = "Surface Mount"; VariantName = "[No Variations]"
Add component (AddParameter): Name = "Number of Channels"; Value = "1"; VariantName = "[No Variations]"
Add component (AddParameter): Name = "Number of Elements"; Value = "1"; VariantName = "[No Variations]"
Add component (AddParameter): Name = "Number of Pins"; Value = "2"; VariantName = "[No Variations]"
Add component (AddParameter): Name = "Number of Unidirectional Channels"; Value = "1"; VariantName = "[No Variations]"
Add component (AddParameter): Name = "Operating Supply Voltage"; Value = "3.5V"; VariantName = "[No Variations]"
Add component (AddParameter): Name = "Package Quantity"; Value = "1"; VariantName = "[No Variations]"
Add component (AddParameter): Name = "Packaging"; Value = "Tape and Reel"; VariantName = "[No Variations]"
Add component (AddParameter): Name = "Peak Pulse Current"; Value = "24A"; VariantName = "[No Variations]"
Add component (AddParameter): Name = "Peak Pulse Power"; Value = "600W"; VariantName = "[No Variations]"
Add component (AddParameter): Name = "Polarity"; Value = "Unidirectional"; VariantName = "[No Variations]"
Add component (AddParameter): Name = "Power Line Protection"; Value = "No"; VariantName = "[No Variations]"
Add component (AddParameter): Name = "Radiation Hardening"; Value = "No"; VariantName = "[No Variations]"
Add component (AddParameter): Name = "REACH SVHC"; Value = "No SVHC"; VariantName = "[No Variations]"
Add component (AddParameter): Name = "Resistor Type"; Value = "Zener"; VariantName = "[No Variations]"
Add component (AddParameter): Name = "Reverse Breakdown Voltage"; Value = "16.7V"; VariantName = "[No Variations]"
Add component (AddParameter): Name = "Reverse Standoff Voltage"; Value = "15V"; VariantName = "[No Variations]"
Add component (AddParameter): Name = "RoHS Compliant"; Value = "Yes"; VariantName = "[No Variations]"
Add component (AddParameter): Name = "Series"; Value = "SMBJ"; VariantName = "[No Variations]"
Add component (AddParameter): Name = "Termination"; Value = "SMD/SMT"; VariantName = "[No Variations]"
Add component (AddParameter): Name = "Test Current"; Value = "1mA"; VariantName = "[No Variations]"
Add component (AddParameter): Name = "Width"; Value = "3.94mm"; VariantName = "[No Variations]"
Added Component: Designator=D11(LED_0805_BLUE)
Add component (AddParameter): Name = "Distributor Link"; Value = ""; VariantName = "[No Variations]"
Add component (AddParameter): Name = "LCSC"; Value = ""; VariantName = "[No Variations]"
Add component (AddParameter): Name = "Manufacturer"; Value = ""; VariantName = "[No Variations]"
Add component (AddParameter): Name = "Manufacturer Part Number"; Value = ""; VariantName = "[No Variations]"
Added Component: Designator=D12(LED_0805_GREEN)
Add component (AddParameter): Name = "Distributor Link"; Value = ""; VariantName = "[No Variations]"
Add component (AddParameter): Name = "LCSC"; Value = ""; VariantName = "[No Variations]"
Add component (AddParameter): Name = "Manufacturer"; Value = ""; VariantName = "[No Variations]"
Add component (AddParameter): Name = "Manufacturer Part Number"; Value = ""; VariantName = "[No Variations]"
Added Component: Designator=D13(SODFL3616X98N)
Add component (AddParameter): Name = "Datasheet Link"; Value = "https://www.onsemi.com/pub/Collateral/MBR120VLSFT1-D.PDF"; VariantName = "[No Variations]"
Add component (AddParameter): Name = "Geometry.Height"; Value = "0.98mm"; VariantName = "[No Variations]"
Add component (AddParameter): Name = "Manufacturer_Name"; Value = "onsemi"; VariantName = "[No Variations]"
Add component (AddParameter): Name = "Manufacturer_Part_Number"; Value = "MBR120VLSFT1G"; VariantName = "[No Variations]"
Add component (AddParameter): Name = "Mouser Part Number"; Value = "863-MBR120VLSFT1G"; VariantName = "[No Variations]"
Add component (AddParameter): Name = "Mouser Price/Stock"; Value = "https://www.mouser.co.uk/ProductDetail/onsemi/MBR120VLSFT1G?qs=3JMERSakebpX%252BkItPpFCkg%3D%3D"; VariantName = "[No Variations]"
Added Component: Designator=D14(SODFL3616X98N)
Add component (AddParameter): Name = "Datasheet Link"; Value = "https://www.onsemi.com/pub/Collateral/MBR120VLSFT1-D.PDF"; VariantName = "[No Variations]"
Add component (AddParameter): Name = "Geometry.Height"; Value = "0.98mm"; VariantName = "[No Variations]"
Add component (AddParameter): Name = "Manufacturer_Name"; Value = "onsemi"; VariantName = "[No Variations]"
Add component (AddParameter): Name = "Manufacturer_Part_Number"; Value = "MBR120VLSFT1G"; VariantName = "[No Variations]"
Add component (AddParameter): Name = "Mouser Part Number"; Value = "863-MBR120VLSFT1G"; VariantName = "[No Variations]"
Add component (AddParameter): Name = "Mouser Price/Stock"; Value = "https://www.mouser.co.uk/ProductDetail/onsemi/MBR120VLSFT1G?qs=3JMERSakebpX%252BkItPpFCkg%3D%3D"; VariantName = "[No Variations]"
Added Component: Designator=D15(SODFL3616X98N)
Add component (AddParameter): Name = "Datasheet Link"; Value = "https://www.onsemi.com/pub/Collateral/MBR120VLSFT1-D.PDF"; VariantName = "[No Variations]"
Add component (AddParameter): Name = "Geometry.Height"; Value = "0.98mm"; VariantName = "[No Variations]"
Add component (AddParameter): Name = "Manufacturer_Name"; Value = "onsemi"; VariantName = "[No Variations]"
Add component (AddParameter): Name = "Manufacturer_Part_Number"; Value = "MBR120VLSFT1G"; VariantName = "[No Variations]"
Add component (AddParameter): Name = "Mouser Part Number"; Value = "863-MBR120VLSFT1G"; VariantName = "[No Variations]"
Add component (AddParameter): Name = "Mouser Price/Stock"; Value = "https://www.mouser.co.uk/ProductDetail/onsemi/MBR120VLSFT1G?qs=3JMERSakebpX%252BkItPpFCkg%3D%3D"; VariantName = "[No Variations]"
Added Component: Designator=D16(SODFL3616X98N)
Add component (AddParameter): Name = "Datasheet Link"; Value = "https://www.onsemi.com/pub/Collateral/MBR120VLSFT1-D.PDF"; VariantName = "[No Variations]"
Add component (AddParameter): Name = "Geometry.Height"; Value = "0.98mm"; VariantName = "[No Variations]"
Add component (AddParameter): Name = "Manufacturer_Name"; Value = "onsemi"; VariantName = "[No Variations]"
Add component (AddParameter): Name = "Manufacturer_Part_Number"; Value = "MBR120VLSFT1G"; VariantName = "[No Variations]"
Add component (AddParameter): Name = "Mouser Part Number"; Value = "863-MBR120VLSFT1G"; VariantName = "[No Variations]"
Add component (AddParameter): Name = "Mouser Price/Stock"; Value = "https://www.mouser.co.uk/ProductDetail/onsemi/MBR120VLSFT1G?qs=3JMERSakebpX%252BkItPpFCkg%3D%3D"; VariantName = "[No Variations]"
Added Component: Designator=FB1(FB_0805)
Add component (AddParameter): Name = "Distributor Link"; Value = ""; VariantName = "[No Variations]"
Add component (AddParameter): Name = "LCSC"; Value = ""; VariantName = "[No Variations]"
Add component (AddParameter): Name = "Manufacturer"; Value = ""; VariantName = "[No Variations]"
Add component (AddParameter): Name = "Manufacturer Part Number"; Value = ""; VariantName = "[No Variations]"
Added Component: Designator=FB2(FB_0805)
Add component (AddParameter): Name = "Distributor Link"; Value = ""; VariantName = "[No Variations]"
Add component (AddParameter): Name = "LCSC"; Value = ""; VariantName = "[No Variations]"
Add component (AddParameter): Name = "Manufacturer"; Value = ""; VariantName = "[No Variations]"
Add component (AddParameter): Name = "Manufacturer Part Number"; Value = ""; VariantName = "[No Variations]"
Added Component: Designator=FB3(FB_0805)
Add component (AddParameter): Name = "Distributor Link"; Value = ""; VariantName = "[No Variations]"
Add component (AddParameter): Name = "LCSC"; Value = ""; VariantName = "[No Variations]"
Add component (AddParameter): Name = "Manufacturer"; Value = ""; VariantName = "[No Variations]"
Add component (AddParameter): Name = "Manufacturer Part Number"; Value = ""; VariantName = "[No Variations]"
Added Component: Designator=FB4(FB_0805)
Add component (AddParameter): Name = "Distributor Link"; Value = ""; VariantName = "[No Variations]"
Add component (AddParameter): Name = "LCSC"; Value = ""; VariantName = "[No Variations]"
Add component (AddParameter): Name = "Manufacturer"; Value = ""; VariantName = "[No Variations]"
Add component (AddParameter): Name = "Manufacturer Part Number"; Value = ""; VariantName = "[No Variations]"
Added Component: Designator=FB5(FB_0805)
Add component (AddParameter): Name = "Distributor Link"; Value = ""; VariantName = "[No Variations]"
Add component (AddParameter): Name = "LCSC"; Value = ""; VariantName = "[No Variations]"
Add component (AddParameter): Name = "Manufacturer"; Value = ""; VariantName = "[No Variations]"
Add component (AddParameter): Name = "Manufacturer Part Number"; Value = ""; VariantName = "[No Variations]"
Added Component: Designator=FB6(FP-MPZ1608-0_8-IPC_C)
Add component (AddParameter): Name = "Case Code (Imperial)"; Value = "0603"; VariantName = "[No Variations]"
Add component (AddParameter): Name = "Case Code (Metric)"; Value = "1608"; VariantName = "[No Variations]"
Add component (AddParameter): Name = "Case/Package"; Value = "0603"; VariantName = "[No Variations]"
Add component (AddParameter): Name = "Core Material"; Value = "Ferrite"; VariantName = "[No Variations]"
Add component (AddParameter): Name = "Current Rating"; Value = "1.7A"; VariantName = "[No Variations]"
Add component (AddParameter): Name = "DC Resistance (DCR)"; Value = "80mR"; VariantName = "[No Variations]"
Add component (AddParameter): Name = "Height"; Value = "0.037inch"; VariantName = "[No Variations]"
Add component (AddParameter): Name = "Impedance"; Value = "330R"; VariantName = "[No Variations]"
Add component (AddParameter): Name = "Lead Free"; Value = "Lead Free"; VariantName = "[No Variations]"
Add component (AddParameter): Name = "Length"; Value = "0.063inch"; VariantName = "[No Variations]"
Add component (AddParameter): Name = "Max DC Current"; Value = "1.7A"; VariantName = "[No Variations]"
Add component (AddParameter): Name = "Mount"; Value = "Surface Mount"; VariantName = "[No Variations]"
Add component (AddParameter): Name = "Package Quantity"; Value = "1"; VariantName = "[No Variations]"
Add component (AddParameter): Name = "Packaging"; Value = "Tape and Reel"; VariantName = "[No Variations]"
Add component (AddParameter): Name = "REACH SVHC"; Value = "No SVHC"; VariantName = "[No Variations]"
Add component (AddParameter): Name = "RoHS Compliant"; Value = "Yes"; VariantName = "[No Variations]"
Add component (AddParameter): Name = "Tolerance"; Value = "25%"; VariantName = "[No Variations]"
Add component (AddParameter): Name = "Width"; Value = "0.031inch"; VariantName = "[No Variations]"
Added Component: Designator=J1(FP-SBH11-PBPC-D08-ST-BK-MFG)
Add component (AddParameter): Name = "Automotive"; Value = "No"; VariantName = "[No Variations]"
Add component (AddParameter): Name = "Category"; Value = "Conn"; VariantName = "[No Variations]"
Add component (AddParameter): Name = "ComponentLink2Description"; Value = "Datasheet"; VariantName = "[No Variations]"
Add component (AddParameter): Name = "ComponentLink2URL"; Value = "https://drawings-pdf.s3.amazonaws.com/11091.pdf"; VariantName = "[No Variations]"
Add component (AddParameter): Name = "Conn Gender"; Value = "Male"; VariantName = "[No Variations]"
Add component (AddParameter): Name = "Conn Orientation"; Value = "Straight"; VariantName = "[No Variations]"
Add component (AddParameter): Name = "Contact Material"; Value = "Gold,Nickel"; VariantName = "[No Variations]"
Add component (AddParameter): Name = "Current Rating"; Value = "3A"; VariantName = "[No Variations]"
Add component (AddParameter): Name = "Device Class L1"; Value = "Connectors"; VariantName = "[No Variations]"
Add component (AddParameter): Name = "Device Class L2"; Value = "Headers and Wire Housings"; VariantName = "[No Variations]"
Add component (AddParameter): Name = "Device Class L3"; Value = "unset"; VariantName = "[No Variations]"
Add component (AddParameter): Name = "Digikey Description"; Value = "CONN HEADER VERT 16POS 2.54MM"; VariantName = "[No Variations]"
Add component (AddParameter): Name = "Height"; Value = "9.3mm"; VariantName = "[No Variations]"
Add component (AddParameter): Name = "Lead Free"; Value = "Yes"; VariantName = "[No Variations]"
Add component (AddParameter): Name = "Manufacturer"; Value = "Sullins"; VariantName = "[No Variations]"
Add component (AddParameter): Name = "Manufacturer Part Number"; Value = "SBH11-PBPC-D08-ST-BK"; VariantName = "[No Variations]"
Add component (AddParameter): Name = "Number Of Contacts"; Value = "16"; VariantName = "[No Variations]"
Add component (AddParameter): Name = "Number Of Rows"; Value = "2"; VariantName = "[No Variations]"
Add component (AddParameter): Name = "Octopart"; Value = "https://octopart.com/sbh11-pbpc-d08-st-bk-sullins-12270491"; VariantName = "[No Variations]"
Add component (AddParameter): Name = "Package"; Value = "0"; VariantName = "[No Variations]"
Add component (AddParameter): Name = "Pitch"; Value = "2.54mm"; VariantName = "[No Variations]"
Add component (AddParameter): Name = "RoHS"; Value = "TRUE"; VariantName = "[No Variations]"
Add component (AddParameter): Name = "Standoff Height"; Value = "0.3mm"; VariantName = "[No Variations]"
Add component (AddParameter): Name = "Temperature"; Value = "-40°C to +105°C"; VariantName = "[No Variations]"
Add component (AddParameter): Name = "Temperature Range High"; Value = "+105°C"; VariantName = "[No Variations]"
Add component (AddParameter): Name = "Temperature Range Low"; Value = "-40°C"; VariantName = "[No Variations]"
Added Component: Designator=J2(54138792)
Add component (AddParameter): Name = "Datasheet Link"; Value = "https://www.te.com/commerce/DocumentDelivery/DDEController?Action=srchrtrv&DocNm=5413879&DocType=Customer%20Drawing&DocLang=English&PartCntxt=5413879-2&DocFormat=pdf"; VariantName = "[No Variations]"
Add component (AddParameter): Name = "Geometry.Height"; Value = "12.95mm"; VariantName = "[No Variations]"
Add component (AddParameter): Name = "Manufacturer_Name"; Value = "TE Connectivity"; VariantName = "[No Variations]"
Add component (AddParameter): Name = "Manufacturer_Part_Number"; Value = "5413879-2"; VariantName = "[No Variations]"
Add component (AddParameter): Name = "Mouser Part Number"; Value = "571-5413879-2"; VariantName = "[No Variations]"
Add component (AddParameter): Name = "Mouser Price/Stock"; Value = "https://www.mouser.co.uk/ProductDetail/TE-Connectivity/5413879-2?qs=dJbzCyn%252BCFbDLsMjA0NFtQ%3D%3D"; VariantName = "[No Variations]"
Added Component: Designator=J3(54138792)
Add component (AddParameter): Name = "Datasheet Link"; Value = "https://www.te.com/commerce/DocumentDelivery/DDEController?Action=srchrtrv&DocNm=5413879&DocType=Customer%20Drawing&DocLang=English&PartCntxt=5413879-2&DocFormat=pdf"; VariantName = "[No Variations]"
Add component (AddParameter): Name = "Geometry.Height"; Value = "12.95mm"; VariantName = "[No Variations]"
Add component (AddParameter): Name = "Manufacturer_Name"; Value = "TE Connectivity"; VariantName = "[No Variations]"
Add component (AddParameter): Name = "Manufacturer_Part_Number"; Value = "5413879-2"; VariantName = "[No Variations]"
Add component (AddParameter): Name = "Mouser Part Number"; Value = "571-5413879-2"; VariantName = "[No Variations]"
Add component (AddParameter): Name = "Mouser Price/Stock"; Value = "https://www.mouser.co.uk/ProductDetail/TE-Connectivity/5413879-2?qs=dJbzCyn%252BCFbDLsMjA0NFtQ%3D%3D"; VariantName = "[No Variations]"
Added Component: Designator=J4(FP-SBH11-PBPC-D08-ST-BK-MFG)
Add component (AddParameter): Name = "Automotive"; Value = "No"; VariantName = "[No Variations]"
Add component (AddParameter): Name = "Category"; Value = "Conn"; VariantName = "[No Variations]"
Add component (AddParameter): Name = "ComponentLink2Description"; Value = "Datasheet"; VariantName = "[No Variations]"
Add component (AddParameter): Name = "ComponentLink2URL"; Value = "https://drawings-pdf.s3.amazonaws.com/11091.pdf"; VariantName = "[No Variations]"
Add component (AddParameter): Name = "Conn Gender"; Value = "Male"; VariantName = "[No Variations]"
Add component (AddParameter): Name = "Conn Orientation"; Value = "Straight"; VariantName = "[No Variations]"
Add component (AddParameter): Name = "Contact Material"; Value = "Gold,Nickel"; VariantName = "[No Variations]"
Add component (AddParameter): Name = "Current Rating"; Value = "3A"; VariantName = "[No Variations]"
Add component (AddParameter): Name = "Device Class L1"; Value = "Connectors"; VariantName = "[No Variations]"
Add component (AddParameter): Name = "Device Class L2"; Value = "Headers and Wire Housings"; VariantName = "[No Variations]"
Add component (AddParameter): Name = "Device Class L3"; Value = "unset"; VariantName = "[No Variations]"
Add component (AddParameter): Name = "Digikey Description"; Value = "CONN HEADER VERT 16POS 2.54MM"; VariantName = "[No Variations]"
Add component (AddParameter): Name = "Height"; Value = "9.3mm"; VariantName = "[No Variations]"
Add component (AddParameter): Name = "Lead Free"; Value = "Yes"; VariantName = "[No Variations]"
Add component (AddParameter): Name = "Manufacturer"; Value = "Sullins"; VariantName = "[No Variations]"
Add component (AddParameter): Name = "Manufacturer Part Number"; Value = "SBH11-PBPC-D08-ST-BK"; VariantName = "[No Variations]"
Add component (AddParameter): Name = "Number Of Contacts"; Value = "16"; VariantName = "[No Variations]"
Add component (AddParameter): Name = "Number Of Rows"; Value = "2"; VariantName = "[No Variations]"
Add component (AddParameter): Name = "Octopart"; Value = "https://octopart.com/sbh11-pbpc-d08-st-bk-sullins-12270491"; VariantName = "[No Variations]"
Add component (AddParameter): Name = "Package"; Value = "0"; VariantName = "[No Variations]"
Add component (AddParameter): Name = "Pitch"; Value = "2.54mm"; VariantName = "[No Variations]"
Add component (AddParameter): Name = "RoHS"; Value = "TRUE"; VariantName = "[No Variations]"
Add component (AddParameter): Name = "Standoff Height"; Value = "0.3mm"; VariantName = "[No Variations]"
Add component (AddParameter): Name = "Temperature"; Value = "-40°C to +105°C"; VariantName = "[No Variations]"
Add component (AddParameter): Name = "Temperature Range High"; Value = "+105°C"; VariantName = "[No Variations]"
Add component (AddParameter): Name = "Temperature Range Low"; Value = "-40°C"; VariantName = "[No Variations]"
Added Component: Designator=J5(SMTC-SSQ-107-01-X-S)
Add component (AddParameter): Name = "ComponentLink1Description"; Value = "Manufacturer URL"; VariantName = "[No Variations]"
Add component (AddParameter): Name = "ComponentLink1URL"; Value = "http://www.samtec.com"; VariantName = "[No Variations]"
Add component (AddParameter): Name = "ComponentLink2Description"; Value = "Datasheet"; VariantName = "[No Variations]"
Add component (AddParameter): Name = "ComponentLink2URL"; Value = "http://www.samtec.com/documents/webfiles/pdf/SSQ_TH.PDF"; VariantName = "[No Variations]"
Add component (AddParameter): Name = "ComponentLink3Description"; Value = "Package Specification"; VariantName = "[No Variations]"
Add component (AddParameter): Name = "ComponentLink3URL"; Value = "http://www.samtec.com/documents/webfiles/cpdf/SSQ-1XX-XX-XXX-X-XX-XXX-XX-X-MKT.pdf"; VariantName = "[No Variations]"
Add component (AddParameter): Name = "DatasheetVersion"; Value = "F-214"; VariantName = "[No Variations]"
Add component (AddParameter): Name = "Manufacturer"; Value = "Samtec"; VariantName = "[No Variations]"
Add component (AddParameter): Name = "Mounting Technology"; Value = "Through-hole"; VariantName = "[No Variations]"
Add component (AddParameter): Name = "Orientation"; Value = "Vertical"; VariantName = "[No Variations]"
Add component (AddParameter): Name = "PackageDescription"; Value = "Assembly, Socket Strip .025[0.64] SQ Tail"; VariantName = "[No Variations]"
Add component (AddParameter): Name = "PackageReference"; Value = "SSQ-107-01-X-S"; VariantName = "[No Variations]"
Add component (AddParameter): Name = "PackageVersion"; Value = "BD, 6/1987"; VariantName = "[No Variations]"
Add component (AddParameter): Name = "PartNumber"; Value = "SSQ-107-01-T-S"; VariantName = "[No Variations]"
Add component (AddParameter): Name = "Pitch"; Value = "2.54 mm"; VariantName = "[No Variations]"
Add component (AddParameter): Name = "RoHS"; Value = "True"; VariantName = "[No Variations]"
Add component (AddParameter): Name = "Temperature Range"; Value = "-55 to 105 degC"; VariantName = "[No Variations]"
Added Component: Designator=J6(SMTC-SLW-104-01-X-S)
Add component (AddParameter): Name = "ComponentLink1Description"; Value = "Manufacturer URL"; VariantName = "[No Variations]"
Add component (AddParameter): Name = "ComponentLink1URL"; Value = "http://www.samtec.com"; VariantName = "[No Variations]"
Add component (AddParameter): Name = "ComponentLink2Description"; Value = "Datasheet"; VariantName = "[No Variations]"
Add component (AddParameter): Name = "ComponentLink2URL"; Value = "http://www.samtec.com/documents/webfiles/pdf/SLW.PDF"; VariantName = "[No Variations]"
Add component (AddParameter): Name = "ComponentLink3Description"; Value = "Package Specification"; VariantName = "[No Variations]"
Add component (AddParameter): Name = "ComponentLink3URL"; Value = "http://www.samtec.com/documents/webfiles/cpdf/SLW-1XX-01-X-X-MKT.pdf"; VariantName = "[No Variations]"
Add component (AddParameter): Name = "DatasheetVersion"; Value = "F-214"; VariantName = "[No Variations]"
Add component (AddParameter): Name = "Manufacturer"; Value = "Samtec"; VariantName = "[No Variations]"
Add component (AddParameter): Name = "Mounting Technology"; Value = "Through-hole"; VariantName = "[No Variations]"
Add component (AddParameter): Name = "Orientation"; Value = "Vertical"; VariantName = "[No Variations]"
Add component (AddParameter): Name = "PackageDescription"; Value = "Low Profile Socket Strip"; VariantName = "[No Variations]"
Add component (AddParameter): Name = "PackageReference"; Value = "SLW-104-01-X-S"; VariantName = "[No Variations]"
Add component (AddParameter): Name = "PackageVersion"; Value = "X, 9/1987"; VariantName = "[No Variations]"
Add component (AddParameter): Name = "PartNumber"; Value = "SLW-104-01-L-S"; VariantName = "[No Variations]"
Add component (AddParameter): Name = "Pitch"; Value = "2.54 mm"; VariantName = "[No Variations]"
Add component (AddParameter): Name = "RoHS"; Value = "True"; VariantName = "[No Variations]"
Add component (AddParameter): Name = "Temperature Range"; Value = "-55 to 125 degC"; VariantName = "[No Variations]"
Added Component: Designator=J7(FP-SBH11-PBPC-D08-ST-BK-MFG)
Add component (AddParameter): Name = "Automotive"; Value = "No"; VariantName = "[No Variations]"
Add component (AddParameter): Name = "Category"; Value = "Conn"; VariantName = "[No Variations]"
Add component (AddParameter): Name = "ComponentLink2Description"; Value = "Datasheet"; VariantName = "[No Variations]"
Add component (AddParameter): Name = "ComponentLink2URL"; Value = "https://drawings-pdf.s3.amazonaws.com/11091.pdf"; VariantName = "[No Variations]"
Add component (AddParameter): Name = "Conn Gender"; Value = "Male"; VariantName = "[No Variations]"
Add component (AddParameter): Name = "Conn Orientation"; Value = "Straight"; VariantName = "[No Variations]"
Add component (AddParameter): Name = "Contact Material"; Value = "Gold,Nickel"; VariantName = "[No Variations]"
Add component (AddParameter): Name = "Current Rating"; Value = "3A"; VariantName = "[No Variations]"
Add component (AddParameter): Name = "Device Class L1"; Value = "Connectors"; VariantName = "[No Variations]"
Add component (AddParameter): Name = "Device Class L2"; Value = "Headers and Wire Housings"; VariantName = "[No Variations]"
Add component (AddParameter): Name = "Device Class L3"; Value = "unset"; VariantName = "[No Variations]"
Add component (AddParameter): Name = "Digikey Description"; Value = "CONN HEADER VERT 16POS 2.54MM"; VariantName = "[No Variations]"
Add component (AddParameter): Name = "Height"; Value = "9.3mm"; VariantName = "[No Variations]"
Add component (AddParameter): Name = "Lead Free"; Value = "Yes"; VariantName = "[No Variations]"
Add component (AddParameter): Name = "Manufacturer"; Value = "Sullins"; VariantName = "[No Variations]"
Add component (AddParameter): Name = "Manufacturer Part Number"; Value = "SBH11-PBPC-D08-ST-BK"; VariantName = "[No Variations]"
Add component (AddParameter): Name = "Number Of Contacts"; Value = "16"; VariantName = "[No Variations]"
Add component (AddParameter): Name = "Number Of Rows"; Value = "2"; VariantName = "[No Variations]"
Add component (AddParameter): Name = "Octopart"; Value = "https://octopart.com/sbh11-pbpc-d08-st-bk-sullins-12270491"; VariantName = "[No Variations]"
Add component (AddParameter): Name = "Package"; Value = "0"; VariantName = "[No Variations]"
Add component (AddParameter): Name = "Pitch"; Value = "2.54mm"; VariantName = "[No Variations]"
Add component (AddParameter): Name = "RoHS"; Value = "TRUE"; VariantName = "[No Variations]"
Add component (AddParameter): Name = "Standoff Height"; Value = "0.3mm"; VariantName = "[No Variations]"
Add component (AddParameter): Name = "Temperature"; Value = "-40°C to +105°C"; VariantName = "[No Variations]"
Add component (AddParameter): Name = "Temperature Range High"; Value = "+105°C"; VariantName = "[No Variations]"
Add component (AddParameter): Name = "Temperature Range Low"; Value = "-40°C"; VariantName = "[No Variations]"
Added Component: Designator=J8(FP-USB4105-GF-A-MFG)
Add component (AddParameter): Name = "Automotive"; Value = "No"; VariantName = "[No Variations]"
Add component (AddParameter): Name = "Category"; Value = "Conn"; VariantName = "[No Variations]"
Add component (AddParameter): Name = "ComponentLink2Description"; Value = "Datasheet"; VariantName = "[No Variations]"
Add component (AddParameter): Name = "ComponentLink2URL"; Value = "https://gct.co/files/drawings/usb4105.pdf"; VariantName = "[No Variations]"
Add component (AddParameter): Name = "Conn Orientation"; Value = "Right Angle"; VariantName = "[No Variations]"
Add component (AddParameter): Name = "Contact Material"; Value = "Gold,Nickel"; VariantName = "[No Variations]"
Add component (AddParameter): Name = "Current Rating"; Value = "5/6.25/1.25/0.25A"; VariantName = "[No Variations]"
Add component (AddParameter): Name = "Device Class L1"; Value = "Connectors"; VariantName = "[No Variations]"
Add component (AddParameter): Name = "Device Class L2"; Value = "USB Connectors"; VariantName = "[No Variations]"
Add component (AddParameter): Name = "Device Class L3"; Value = "unset"; VariantName = "[No Variations]"
Add component (AddParameter): Name = "Digikey Description"; Value = "CONN RCPT USB2.0 TYPEC 5A"; VariantName = "[No Variations]"
Add component (AddParameter): Name = "Height"; Value = "3.46mm"; VariantName = "[No Variations]"
Add component (AddParameter): Name = "Is Female"; Value = "yes"; VariantName = "[No Variations]"
Add component (AddParameter): Name = "Lead Free"; Value = "Yes"; VariantName = "[No Variations]"
Add component (AddParameter): Name = "Manufacturer"; Value = "GCT"; VariantName = "[No Variations]"
Add component (AddParameter): Name = "Manufacturer Part Number"; Value = "USB4105-GF-A"; VariantName = "[No Variations]"
Add component (AddParameter): Name = "Number Of Contacts"; Value = "16"; VariantName = "[No Variations]"
Add component (AddParameter): Name = "Octopart"; Value = "https://octopart.com/usb4105-gf-a-gct-106627878"; VariantName = "[No Variations]"
Add component (AddParameter): Name = "Package"; Value = "0"; VariantName = "[No Variations]"
Add component (AddParameter): Name = "RoHS"; Value = "TRUE"; VariantName = "[No Variations]"
Add component (AddParameter): Name = "Temperature"; Value = "-40°C to +85°C"; VariantName = "[No Variations]"
Add component (AddParameter): Name = "Temperature Range High"; Value = "+85°C"; VariantName = "[No Variations]"
Add component (AddParameter): Name = "Temperature Range Low"; Value = "-40°C"; VariantName = "[No Variations]"
Add component (AddParameter): Name = "Usb Standard"; Value = "USB 2.0"; VariantName = "[No Variations]"
Add component (AddParameter): Name = "Voltage Rating"; Value = "20V"; VariantName = "[No Variations]"
Added Component: Designator=J9(SMTC-MTSW-103-08-X-S-229-RA)
Add component (AddParameter): Name = "ComponentLink1Description"; Value = "Manufacturer URL"; VariantName = "[No Variations]"
Add component (AddParameter): Name = "ComponentLink1URL"; Value = "http://www.samtec.com"; VariantName = "[No Variations]"
Add component (AddParameter): Name = "ComponentLink2Description"; Value = "Datasheet"; VariantName = "[No Variations]"
Add component (AddParameter): Name = "ComponentLink2URL"; Value = "http://www.samtec.com/documents/webfiles/pdf/MTSW.PDF"; VariantName = "[No Variations]"
Add component (AddParameter): Name = "ComponentLink3Description"; Value = "Package Specification"; VariantName = "[No Variations]"
Add component (AddParameter): Name = "ComponentLink3URL"; Value = "http://www.samtec.com/documents/webfiles/cpdf/MTSW-XXX-XX-X-X-XXXX-XX-XXX-MKT1.pdf"; VariantName = "[No Variations]"
Add component (AddParameter): Name = "DatasheetVersion"; Value = "F-214"; VariantName = "[No Variations]"
Add component (AddParameter): Name = "Manufacturer"; Value = "Samtec"; VariantName = "[No Variations]"
Add component (AddParameter): Name = "Mounting Technology"; Value = "Through-hole"; VariantName = "[No Variations]"
Add component (AddParameter): Name = "Orientation"; Value = "Right Angle"; VariantName = "[No Variations]"
Add component (AddParameter): Name = "PackageDescription"; Value = "Assembly .025" [.64] SQ Post Terminal Strip"; VariantName = "[No Variations]"
Add component (AddParameter): Name = "PackageReference"; Value = "MTSW-103-08-X-S-229-RA"; VariantName = "[No Variations]"
Add component (AddParameter): Name = "PackageVersion"; Value = "BI, 2/1987"; VariantName = "[No Variations]"
Add component (AddParameter): Name = "PartNumber"; Value = "MTSW-103-08-G-S-229-RA"; VariantName = "[No Variations]"
Add component (AddParameter): Name = "Pitch"; Value = "2.54 mm"; VariantName = "[No Variations]"
Add component (AddParameter): Name = "RoHS"; Value = "True"; VariantName = "[No Variations]"
Add component (AddParameter): Name = "Temperature Range"; Value = "-55 to 125 degC"; VariantName = "[No Variations]"
Added Component: Designator=J10(FP-SSQ-103-01-T-S-MFG)
Add component (AddParameter): Name = "Color"; Value = "Black"; VariantName = "[No Variations]"
Add component (AddParameter): Name = "Connector Type"; Value = "Receptacle"; VariantName = "[No Variations]"
Add component (AddParameter): Name = "Contact Material"; Value = "Bronze"; VariantName = "[No Variations]"
Add component (AddParameter): Name = "Contact Plating"; Value = "Tin"; VariantName = "[No Variations]"
Add component (AddParameter): Name = "Contact Resistance"; Value = "10mR"; VariantName = "[No Variations]"
Add component (AddParameter): Name = "Contact Type"; Value = "Female Socket"; VariantName = "[No Variations]"
Add component (AddParameter): Name = "Gender"; Value = "Female"; VariantName = "[No Variations]"
Add component (AddParameter): Name = "Height"; Value = "8.51mm"; VariantName = "[No Variations]"
Add component (AddParameter): Name = "Housing Color"; Value = "Black"; VariantName = "[No Variations]"
Add component (AddParameter): Name = "Housing Material"; Value = "Plastic"; VariantName = "[No Variations]"
Add component (AddParameter): Name = "Lead Free"; Value = "Lead Free"; VariantName = "[No Variations]"
Add component (AddParameter): Name = "Length"; Value = "8.13mm"; VariantName = "[No Variations]"
Add component (AddParameter): Name = "Max Current Rating"; Value = "7.6A"; VariantName = "[No Variations]"
Add component (AddParameter): Name = "Max Operating Temperature"; Value = "105°C"; VariantName = "[No Variations]"
Add component (AddParameter): Name = "Max Voltage Rating (AC)"; Value = "550V"; VariantName = "[No Variations]"
Add component (AddParameter): Name = "Min Operating Temperature"; Value = "-55°C"; VariantName = "[No Variations]"
Add component (AddParameter): Name = "Mount"; Value = "Through Hole"; VariantName = "[No Variations]"
Add component (AddParameter): Name = "Number of Contacts"; Value = "3"; VariantName = "[No Variations]"
Add component (AddParameter): Name = "Number of Positions"; Value = "3"; VariantName = "[No Variations]"
Add component (AddParameter): Name = "Number of Rows"; Value = "1"; VariantName = "[No Variations]"
Add component (AddParameter): Name = "Orientation"; Value = "Straight"; VariantName = "[No Variations]"
Add component (AddParameter): Name = "Packaging"; Value = "Bulk"; VariantName = "[No Variations]"
Add component (AddParameter): Name = "Pitch"; Value = "2.54mm"; VariantName = "[No Variations]"
Add component (AddParameter): Name = "Radiation Hardening"; Value = "No"; VariantName = "[No Variations]"
Add component (AddParameter): Name = "RoHS Compliant"; Value = "Yes"; VariantName = "[No Variations]"
Add component (AddParameter): Name = "Series"; Value = "SSQ"; VariantName = "[No Variations]"
Add component (AddParameter): Name = "Termination"; Value = "Solder"; VariantName = "[No Variations]"
Add component (AddParameter): Name = "Width"; Value = "2.41mm"; VariantName = "[No Variations]"
Added Component: Designator=NT1(NETTIE_SMD)
Added Component: Designator=Q1(DIOD-SOT323-3_V)
Add component (AddParameter): Name = "Brand"; Value = "DiodesIncorporated"; VariantName = "[No Variations]"
Add component (AddParameter): Name = "Collector- Base Voltage VCBO"; Value = "50V"; VariantName = "[No Variations]"
Add component (AddParameter): Name = "Collector- Emitter Voltage VCEO Max"; Value = "45V"; VariantName = "[No Variations]"
Add component (AddParameter): Name = "Collector-Emitter Saturation Voltage"; Value = "0.7V"; VariantName = "[No Variations]"
Add component (AddParameter): Name = "Configuration"; Value = "Single"; VariantName = "[No Variations]"
Add component (AddParameter): Name = "Datasheet URL"; Value = "http://www.diodes.com/_files/datasheets/ds30575.pdf"; VariantName = "[No Variations]"
Add component (AddParameter): Name = "Datasheet Version"; Value = "Rev. 5-2, 01/2014"; VariantName = "[No Variations]"
Add component (AddParameter): Name = "DC Collector/Base Gain hfe Min"; Value = "250"; VariantName = "[No Variations]"
Add component (AddParameter): Name = "Emitter- Base Voltage VEBO"; Value = "5V"; VariantName = "[No Variations]"
Add component (AddParameter): Name = "Factory Pack Quantity"; Value = "3000"; VariantName = "[No Variations]"
Add component (AddParameter): Name = "Gain Bandwidth Product fT"; Value = "100MHz"; VariantName = "[No Variations]"
Add component (AddParameter): Name = "Height"; Value = "1mm"; VariantName = "[No Variations]"
Add component (AddParameter): Name = "Length"; Value = "2.2mm"; VariantName = "[No Variations]"
Add component (AddParameter): Name = "Manufacturer"; Value = "DiodesIncorporated"; VariantName = "[No Variations]"
Add component (AddParameter): Name = "Manufacturer URL"; Value = "http://www.diodes.com/"; VariantName = "[No Variations]"
Add component (AddParameter): Name = "Maximum DC Collector Current"; Value = "1A"; VariantName = "[No Variations]"
Add component (AddParameter): Name = "Maximum Operating Temperature"; Value = "+150C"; VariantName = "[No Variations]"
Add component (AddParameter): Name = "Minimum Operating Temperature"; Value = "-65C"; VariantName = "[No Variations]"
Add component (AddParameter): Name = "Mounting Style"; Value = "SMD/SMT"; VariantName = "[No Variations]"
Add component (AddParameter): Name = "Mounting Technology"; Value = "SurfaceMount"; VariantName = "[No Variations]"
Add component (AddParameter): Name = "Package / Case"; Value = "SOT-23"; VariantName = "[No Variations]"
Add component (AddParameter): Name = "Package Description"; Value = "3-Pin Small Outline Transistor, Body 2 x 1.25 mm, Pitch 0.65 mm"; VariantName = "[No Variations]"
Add component (AddParameter): Name = "Package Reference"; Value = "SOT323"; VariantName = "[No Variations]"
Add component (AddParameter): Name = "Packaging"; Value = "Reel"; VariantName = "[No Variations]"
Add component (AddParameter): Name = "Pd - Power Dissipation"; Value = "200mW"; VariantName = "[No Variations]"
Add component (AddParameter): Name = "Product Category"; Value = "BipolarTransistors-BJT"; VariantName = "[No Variations]"
Add component (AddParameter): Name = "RoHS"; Value = "True"; VariantName = "[No Variations]"
Add component (AddParameter): Name = "Series"; Value = "BC817"; VariantName = "[No Variations]"
Add component (AddParameter): Name = "Transistor Polarity"; Value = "NPN"; VariantName = "[No Variations]"
Add component (AddParameter): Name = "Unit Weight"; Value = "0.000282oz"; VariantName = "[No Variations]"
Add component (AddParameter): Name = "Width"; Value = "1.35mm"; VariantName = "[No Variations]"
Added Component: Designator=Q2(DIOD-SOT323-3_V)
Add component (AddParameter): Name = "Brand"; Value = "DiodesIncorporated"; VariantName = "[No Variations]"
Add component (AddParameter): Name = "Collector- Base Voltage VCBO"; Value = "50V"; VariantName = "[No Variations]"
Add component (AddParameter): Name = "Collector- Emitter Voltage VCEO Max"; Value = "45V"; VariantName = "[No Variations]"
Add component (AddParameter): Name = "Collector-Emitter Saturation Voltage"; Value = "0.7V"; VariantName = "[No Variations]"
Add component (AddParameter): Name = "Configuration"; Value = "Single"; VariantName = "[No Variations]"
Add component (AddParameter): Name = "Datasheet URL"; Value = "http://www.diodes.com/_files/datasheets/ds30575.pdf"; VariantName = "[No Variations]"
Add component (AddParameter): Name = "Datasheet Version"; Value = "Rev. 5-2, 01/2014"; VariantName = "[No Variations]"
Add component (AddParameter): Name = "DC Collector/Base Gain hfe Min"; Value = "250"; VariantName = "[No Variations]"
Add component (AddParameter): Name = "Emitter- Base Voltage VEBO"; Value = "5V"; VariantName = "[No Variations]"
Add component (AddParameter): Name = "Factory Pack Quantity"; Value = "3000"; VariantName = "[No Variations]"
Add component (AddParameter): Name = "Gain Bandwidth Product fT"; Value = "100MHz"; VariantName = "[No Variations]"
Add component (AddParameter): Name = "Height"; Value = "1mm"; VariantName = "[No Variations]"
Add component (AddParameter): Name = "Length"; Value = "2.2mm"; VariantName = "[No Variations]"
Add component (AddParameter): Name = "Manufacturer"; Value = "DiodesIncorporated"; VariantName = "[No Variations]"
Add component (AddParameter): Name = "Manufacturer URL"; Value = "http://www.diodes.com/"; VariantName = "[No Variations]"
Add component (AddParameter): Name = "Maximum DC Collector Current"; Value = "1A"; VariantName = "[No Variations]"
Add component (AddParameter): Name = "Maximum Operating Temperature"; Value = "+150C"; VariantName = "[No Variations]"
Add component (AddParameter): Name = "Minimum Operating Temperature"; Value = "-65C"; VariantName = "[No Variations]"
Add component (AddParameter): Name = "Mounting Style"; Value = "SMD/SMT"; VariantName = "[No Variations]"
Add component (AddParameter): Name = "Mounting Technology"; Value = "SurfaceMount"; VariantName = "[No Variations]"
Add component (AddParameter): Name = "Package / Case"; Value = "SOT-23"; VariantName = "[No Variations]"
Add component (AddParameter): Name = "Package Description"; Value = "3-Pin Small Outline Transistor, Body 2 x 1.25 mm, Pitch 0.65 mm"; VariantName = "[No Variations]"
Add component (AddParameter): Name = "Package Reference"; Value = "SOT323"; VariantName = "[No Variations]"
Add component (AddParameter): Name = "Packaging"; Value = "Reel"; VariantName = "[No Variations]"
Add component (AddParameter): Name = "Pd - Power Dissipation"; Value = "200mW"; VariantName = "[No Variations]"
Add component (AddParameter): Name = "Product Category"; Value = "BipolarTransistors-BJT"; VariantName = "[No Variations]"
Add component (AddParameter): Name = "RoHS"; Value = "True"; VariantName = "[No Variations]"
Add component (AddParameter): Name = "Series"; Value = "BC817"; VariantName = "[No Variations]"
Add component (AddParameter): Name = "Transistor Polarity"; Value = "NPN"; VariantName = "[No Variations]"
Add component (AddParameter): Name = "Unit Weight"; Value = "0.000282oz"; VariantName = "[No Variations]"
Add component (AddParameter): Name = "Width"; Value = "1.35mm"; VariantName = "[No Variations]"
Added Component: Designator=R1(RES_0805)
Add component (AddParameter): Name = "Distributor Link"; Value = ""; VariantName = "[No Variations]"
Add component (AddParameter): Name = "LCSC"; Value = ""; VariantName = "[No Variations]"
Add component (AddParameter): Name = "Manufacturer"; Value = ""; VariantName = "[No Variations]"
Add component (AddParameter): Name = "Manufacturer Part Number"; Value = ""; VariantName = "[No Variations]"
Added Component: Designator=R2(RES_0805)
Add component (AddParameter): Name = "Distributor Link"; Value = ""; VariantName = "[No Variations]"
Add component (AddParameter): Name = "LCSC"; Value = ""; VariantName = "[No Variations]"
Add component (AddParameter): Name = "Manufacturer"; Value = ""; VariantName = "[No Variations]"
Add component (AddParameter): Name = "Manufacturer Part Number"; Value = ""; VariantName = "[No Variations]"
Added Component: Designator=R3(RES_0805)
Add component (AddParameter): Name = "Distributor Link"; Value = ""; VariantName = "[No Variations]"
Add component (AddParameter): Name = "LCSC"; Value = ""; VariantName = "[No Variations]"
Add component (AddParameter): Name = "Manufacturer"; Value = ""; VariantName = "[No Variations]"
Add component (AddParameter): Name = "Manufacturer Part Number"; Value = ""; VariantName = "[No Variations]"
Added Component: Designator=R4(RES_0805)
Add component (AddParameter): Name = "Distributor Link"; Value = ""; VariantName = "[No Variations]"
Add component (AddParameter): Name = "LCSC"; Value = ""; VariantName = "[No Variations]"
Add component (AddParameter): Name = "Manufacturer"; Value = ""; VariantName = "[No Variations]"
Add component (AddParameter): Name = "Manufacturer Part Number"; Value = ""; VariantName = "[No Variations]"
Added Component: Designator=R5(RES_0805)
Add component (AddParameter): Name = "Distributor Link"; Value = ""; VariantName = "[No Variations]"
Add component (AddParameter): Name = "LCSC"; Value = ""; VariantName = "[No Variations]"
Add component (AddParameter): Name = "Manufacturer"; Value = ""; VariantName = "[No Variations]"
Add component (AddParameter): Name = "Manufacturer Part Number"; Value = ""; VariantName = "[No Variations]"
Added Component: Designator=R6(RES_0805)
Add component (AddParameter): Name = "Distributor Link"; Value = ""; VariantName = "[No Variations]"
Add component (AddParameter): Name = "LCSC"; Value = ""; VariantName = "[No Variations]"
Add component (AddParameter): Name = "Manufacturer"; Value = ""; VariantName = "[No Variations]"
Add component (AddParameter): Name = "Manufacturer Part Number"; Value = ""; VariantName = "[No Variations]"
Added Component: Designator=R7(RES_0805)
Add component (AddParameter): Name = "Distributor Link"; Value = ""; VariantName = "[No Variations]"
Add component (AddParameter): Name = "LCSC"; Value = ""; VariantName = "[No Variations]"
Add component (AddParameter): Name = "Manufacturer"; Value = ""; VariantName = "[No Variations]"
Add component (AddParameter): Name = "Manufacturer Part Number"; Value = ""; VariantName = "[No Variations]"
Added Component: Designator=R8(RES_0805)
Add component (AddParameter): Name = "Distributor Link"; Value = ""; VariantName = "[No Variations]"
Add component (AddParameter): Name = "LCSC"; Value = ""; VariantName = "[No Variations]"
Add component (AddParameter): Name = "Manufacturer"; Value = ""; VariantName = "[No Variations]"
Add component (AddParameter): Name = "Manufacturer Part Number"; Value = ""; VariantName = "[No Variations]"
Added Component: Designator=R9(RES_0805)
Add component (AddParameter): Name = "Distributor Link"; Value = ""; VariantName = "[No Variations]"
Add component (AddParameter): Name = "LCSC"; Value = ""; VariantName = "[No Variations]"
Add component (AddParameter): Name = "Manufacturer"; Value = ""; VariantName = "[No Variations]"
Add component (AddParameter): Name = "Manufacturer Part Number"; Value = ""; VariantName = "[No Variations]"
Added Component: Designator=R10(RES_0805)
Add component (AddParameter): Name = "Distributor Link"; Value = ""; VariantName = "[No Variations]"
Add component (AddParameter): Name = "LCSC"; Value = ""; VariantName = "[No Variations]"
Add component (AddParameter): Name = "Manufacturer"; Value = ""; VariantName = "[No Variations]"
Add component (AddParameter): Name = "Manufacturer Part Number"; Value = ""; VariantName = "[No Variations]"
Added Component: Designator=R11(RES_0805)
Add component (AddParameter): Name = "Distributor Link"; Value = ""; VariantName = "[No Variations]"
Add component (AddParameter): Name = "LCSC"; Value = ""; VariantName = "[No Variations]"
Add component (AddParameter): Name = "Manufacturer"; Value = ""; VariantName = "[No Variations]"
Add component (AddParameter): Name = "Manufacturer Part Number"; Value = ""; VariantName = "[No Variations]"
Added Component: Designator=R12(RES_0805)
Add component (AddParameter): Name = "Distributor Link"; Value = ""; VariantName = "[No Variations]"
Add component (AddParameter): Name = "LCSC"; Value = ""; VariantName = "[No Variations]"
Add component (AddParameter): Name = "Manufacturer"; Value = ""; VariantName = "[No Variations]"
Add component (AddParameter): Name = "Manufacturer Part Number"; Value = ""; VariantName = "[No Variations]"
Added Component: Designator=R13(RES_0805)
Add component (AddParameter): Name = "Distributor Link"; Value = ""; VariantName = "[No Variations]"
Add component (AddParameter): Name = "LCSC"; Value = ""; VariantName = "[No Variations]"
Add component (AddParameter): Name = "Manufacturer"; Value = ""; VariantName = "[No Variations]"
Add component (AddParameter): Name = "Manufacturer Part Number"; Value = ""; VariantName = "[No Variations]"
Added Component: Designator=R14(RES_0805)
Add component (AddParameter): Name = "Distributor Link"; Value = ""; VariantName = "[No Variations]"
Add component (AddParameter): Name = "LCSC"; Value = ""; VariantName = "[No Variations]"
Add component (AddParameter): Name = "Manufacturer"; Value = ""; VariantName = "[No Variations]"
Add component (AddParameter): Name = "Manufacturer Part Number"; Value = ""; VariantName = "[No Variations]"
Added Component: Designator=R15(RES_0805)
Add component (AddParameter): Name = "Distributor Link"; Value = ""; VariantName = "[No Variations]"
Add component (AddParameter): Name = "LCSC"; Value = ""; VariantName = "[No Variations]"
Add component (AddParameter): Name = "Manufacturer"; Value = ""; VariantName = "[No Variations]"
Add component (AddParameter): Name = "Manufacturer Part Number"; Value = ""; VariantName = "[No Variations]"
Added Component: Designator=R16(RES_0805)
Add component (AddParameter): Name = "Distributor Link"; Value = ""; VariantName = "[No Variations]"
Add component (AddParameter): Name = "LCSC"; Value = ""; VariantName = "[No Variations]"
Add component (AddParameter): Name = "Manufacturer"; Value = ""; VariantName = "[No Variations]"
Add component (AddParameter): Name = "Manufacturer Part Number"; Value = ""; VariantName = "[No Variations]"
Added Component: Designator=R17(RES_0805)
Add component (AddParameter): Name = "Distributor Link"; Value = ""; VariantName = "[No Variations]"
Add component (AddParameter): Name = "LCSC"; Value = ""; VariantName = "[No Variations]"
Add component (AddParameter): Name = "Manufacturer"; Value = ""; VariantName = "[No Variations]"
Add component (AddParameter): Name = "Manufacturer Part Number"; Value = ""; VariantName = "[No Variations]"
Added Component: Designator=R18(RES_0805)
Add component (AddParameter): Name = "Distributor Link"; Value = ""; VariantName = "[No Variations]"
Add component (AddParameter): Name = "LCSC"; Value = ""; VariantName = "[No Variations]"
Add component (AddParameter): Name = "Manufacturer"; Value = ""; VariantName = "[No Variations]"
Add component (AddParameter): Name = "Manufacturer Part Number"; Value = ""; VariantName = "[No Variations]"
Added Component: Designator=R19(RES_0805)
Add component (AddParameter): Name = "Distributor Link"; Value = ""; VariantName = "[No Variations]"
Add component (AddParameter): Name = "LCSC"; Value = ""; VariantName = "[No Variations]"
Add component (AddParameter): Name = "Manufacturer"; Value = ""; VariantName = "[No Variations]"
Add component (AddParameter): Name = "Manufacturer Part Number"; Value = ""; VariantName = "[No Variations]"
Added Component: Designator=R20(RES_0805)
Add component (AddParameter): Name = "Distributor Link"; Value = ""; VariantName = "[No Variations]"
Add component (AddParameter): Name = "LCSC"; Value = ""; VariantName = "[No Variations]"
Add component (AddParameter): Name = "Manufacturer"; Value = ""; VariantName = "[No Variations]"
Add component (AddParameter): Name = "Manufacturer Part Number"; Value = ""; VariantName = "[No Variations]"
Added Component: Designator=R21(RES_0805)
Add component (AddParameter): Name = "Distributor Link"; Value = ""; VariantName = "[No Variations]"
Add component (AddParameter): Name = "LCSC"; Value = ""; VariantName = "[No Variations]"
Add component (AddParameter): Name = "Manufacturer"; Value = ""; VariantName = "[No Variations]"
Add component (AddParameter): Name = "Manufacturer Part Number"; Value = ""; VariantName = "[No Variations]"
Added Component: Designator=R22(RES_0805)
Add component (AddParameter): Name = "Distributor Link"; Value = ""; VariantName = "[No Variations]"
Add component (AddParameter): Name = "LCSC"; Value = ""; VariantName = "[No Variations]"
Add component (AddParameter): Name = "Manufacturer"; Value = ""; VariantName = "[No Variations]"
Add component (AddParameter): Name = "Manufacturer Part Number"; Value = ""; VariantName = "[No Variations]"
Added Component: Designator=R23(RES_0805)
Add component (AddParameter): Name = "Distributor Link"; Value = ""; VariantName = "[No Variations]"
Add component (AddParameter): Name = "LCSC"; Value = ""; VariantName = "[No Variations]"
Add component (AddParameter): Name = "Manufacturer"; Value = ""; VariantName = "[No Variations]"
Add component (AddParameter): Name = "Manufacturer Part Number"; Value = ""; VariantName = "[No Variations]"
Added Component: Designator=R24(RES_0805)
Add component (AddParameter): Name = "Distributor Link"; Value = ""; VariantName = "[No Variations]"
Add component (AddParameter): Name = "LCSC"; Value = ""; VariantName = "[No Variations]"
Add component (AddParameter): Name = "Manufacturer"; Value = ""; VariantName = "[No Variations]"
Add component (AddParameter): Name = "Manufacturer Part Number"; Value = ""; VariantName = "[No Variations]"
Added Component: Designator=R25(RES_0805)
Add component (AddParameter): Name = "Distributor Link"; Value = ""; VariantName = "[No Variations]"
Add component (AddParameter): Name = "LCSC"; Value = ""; VariantName = "[No Variations]"
Add component (AddParameter): Name = "Manufacturer"; Value = ""; VariantName = "[No Variations]"
Add component (AddParameter): Name = "Manufacturer Part Number"; Value = ""; VariantName = "[No Variations]"
Added Component: Designator=R26(RES_0805)
Add component (AddParameter): Name = "Distributor Link"; Value = ""; VariantName = "[No Variations]"
Add component (AddParameter): Name = "LCSC"; Value = ""; VariantName = "[No Variations]"
Add component (AddParameter): Name = "Manufacturer"; Value = ""; VariantName = "[No Variations]"
Add component (AddParameter): Name = "Manufacturer Part Number"; Value = ""; VariantName = "[No Variations]"
Added Component: Designator=R27(RES_0805)
Add component (AddParameter): Name = "Distributor Link"; Value = ""; VariantName = "[No Variations]"
Add component (AddParameter): Name = "LCSC"; Value = ""; VariantName = "[No Variations]"
Add component (AddParameter): Name = "Manufacturer"; Value = ""; VariantName = "[No Variations]"
Add component (AddParameter): Name = "Manufacturer Part Number"; Value = ""; VariantName = "[No Variations]"
Added Component: Designator=R28(RES_0805)
Add component (AddParameter): Name = "Distributor Link"; Value = ""; VariantName = "[No Variations]"
Add component (AddParameter): Name = "LCSC"; Value = ""; VariantName = "[No Variations]"
Add component (AddParameter): Name = "Manufacturer"; Value = ""; VariantName = "[No Variations]"
Add component (AddParameter): Name = "Manufacturer Part Number"; Value = ""; VariantName = "[No Variations]"
Added Component: Designator=R29(RES_0805)
Add component (AddParameter): Name = "Distributor Link"; Value = ""; VariantName = "[No Variations]"
Add component (AddParameter): Name = "LCSC"; Value = ""; VariantName = "[No Variations]"
Add component (AddParameter): Name = "Manufacturer"; Value = ""; VariantName = "[No Variations]"
Add component (AddParameter): Name = "Manufacturer Part Number"; Value = ""; VariantName = "[No Variations]"
Added Component: Designator=R30(RES_0805)
Add component (AddParameter): Name = "Distributor Link"; Value = ""; VariantName = "[No Variations]"
Add component (AddParameter): Name = "LCSC"; Value = ""; VariantName = "[No Variations]"
Add component (AddParameter): Name = "Manufacturer"; Value = ""; VariantName = "[No Variations]"
Add component (AddParameter): Name = "Manufacturer Part Number"; Value = ""; VariantName = "[No Variations]"
Added Component: Designator=R31(RES_0805)
Add component (AddParameter): Name = "Distributor Link"; Value = ""; VariantName = "[No Variations]"
Add component (AddParameter): Name = "LCSC"; Value = ""; VariantName = "[No Variations]"
Add component (AddParameter): Name = "Manufacturer"; Value = ""; VariantName = "[No Variations]"
Add component (AddParameter): Name = "Manufacturer Part Number"; Value = ""; VariantName = "[No Variations]"
Added Component: Designator=R32(RES_0805)
Add component (AddParameter): Name = "Distributor Link"; Value = ""; VariantName = "[No Variations]"
Add component (AddParameter): Name = "LCSC"; Value = ""; VariantName = "[No Variations]"
Add component (AddParameter): Name = "Manufacturer"; Value = ""; VariantName = "[No Variations]"
Add component (AddParameter): Name = "Manufacturer Part Number"; Value = ""; VariantName = "[No Variations]"
Added Component: Designator=R33(RES_0805)
Add component (AddParameter): Name = "Distributor Link"; Value = ""; VariantName = "[No Variations]"
Add component (AddParameter): Name = "LCSC"; Value = ""; VariantName = "[No Variations]"
Add component (AddParameter): Name = "Manufacturer"; Value = ""; VariantName = "[No Variations]"
Add component (AddParameter): Name = "Manufacturer Part Number"; Value = ""; VariantName = "[No Variations]"
Added Component: Designator=R34(RES_0805)
Add component (AddParameter): Name = "Distributor Link"; Value = ""; VariantName = "[No Variations]"
Add component (AddParameter): Name = "LCSC"; Value = ""; VariantName = "[No Variations]"
Add component (AddParameter): Name = "Manufacturer"; Value = ""; VariantName = "[No Variations]"
Add component (AddParameter): Name = "Manufacturer Part Number"; Value = ""; VariantName = "[No Variations]"
Added Component: Designator=R35(RES_0805)
Add component (AddParameter): Name = "Distributor Link"; Value = ""; VariantName = "[No Variations]"
Add component (AddParameter): Name = "LCSC"; Value = ""; VariantName = "[No Variations]"
Add component (AddParameter): Name = "Manufacturer"; Value = ""; VariantName = "[No Variations]"
Add component (AddParameter): Name = "Manufacturer Part Number"; Value = ""; VariantName = "[No Variations]"
Added Component: Designator=R36(RES_0805)
Add component (AddParameter): Name = "Distributor Link"; Value = ""; VariantName = "[No Variations]"
Add component (AddParameter): Name = "LCSC"; Value = ""; VariantName = "[No Variations]"
Add component (AddParameter): Name = "Manufacturer"; Value = ""; VariantName = "[No Variations]"
Add component (AddParameter): Name = "Manufacturer Part Number"; Value = ""; VariantName = "[No Variations]"
Added Component: Designator=R37(RES_0805)
Add component (AddParameter): Name = "Distributor Link"; Value = ""; VariantName = "[No Variations]"
Add component (AddParameter): Name = "LCSC"; Value = ""; VariantName = "[No Variations]"
Add component (AddParameter): Name = "Manufacturer"; Value = ""; VariantName = "[No Variations]"
Add component (AddParameter): Name = "Manufacturer Part Number"; Value = ""; VariantName = "[No Variations]"
Added Component: Designator=R38(RES_0805)
Add component (AddParameter): Name = "Distributor Link"; Value = ""; VariantName = "[No Variations]"
Add component (AddParameter): Name = "LCSC"; Value = ""; VariantName = "[No Variations]"
Add component (AddParameter): Name = "Manufacturer"; Value = ""; VariantName = "[No Variations]"
Add component (AddParameter): Name = "Manufacturer Part Number"; Value = ""; VariantName = "[No Variations]"
Added Component: Designator=R39(RES_0805)
Add component (AddParameter): Name = "Distributor Link"; Value = ""; VariantName = "[No Variations]"
Add component (AddParameter): Name = "LCSC"; Value = ""; VariantName = "[No Variations]"
Add component (AddParameter): Name = "Manufacturer"; Value = ""; VariantName = "[No Variations]"
Add component (AddParameter): Name = "Manufacturer Part Number"; Value = ""; VariantName = "[No Variations]"
Added Component: Designator=R40(RES_0805)
Add component (AddParameter): Name = "Distributor Link"; Value = ""; VariantName = "[No Variations]"
Add component (AddParameter): Name = "LCSC"; Value = ""; VariantName = "[No Variations]"
Add component (AddParameter): Name = "Manufacturer"; Value = ""; VariantName = "[No Variations]"
Add component (AddParameter): Name = "Manufacturer Part Number"; Value = ""; VariantName = "[No Variations]"
Added Component: Designator=R41(RES_0805)
Add component (AddParameter): Name = "Distributor Link"; Value = ""; VariantName = "[No Variations]"
Add component (AddParameter): Name = "LCSC"; Value = ""; VariantName = "[No Variations]"
Add component (AddParameter): Name = "Manufacturer"; Value = ""; VariantName = "[No Variations]"
Add component (AddParameter): Name = "Manufacturer Part Number"; Value = ""; VariantName = "[No Variations]"
Added Component: Designator=R42(RES_0805)
Add component (AddParameter): Name = "Distributor Link"; Value = ""; VariantName = "[No Variations]"
Add component (AddParameter): Name = "LCSC"; Value = ""; VariantName = "[No Variations]"
Add component (AddParameter): Name = "Manufacturer"; Value = ""; VariantName = "[No Variations]"
Add component (AddParameter): Name = "Manufacturer Part Number"; Value = ""; VariantName = "[No Variations]"
Added Component: Designator=R43(RES_0805)
Add component (AddParameter): Name = "Distributor Link"; Value = ""; VariantName = "[No Variations]"
Add component (AddParameter): Name = "LCSC"; Value = ""; VariantName = "[No Variations]"
Add component (AddParameter): Name = "Manufacturer"; Value = ""; VariantName = "[No Variations]"
Add component (AddParameter): Name = "Manufacturer Part Number"; Value = ""; VariantName = "[No Variations]"
Added Component: Designator=R44(RES_0805)
Add component (AddParameter): Name = "Distributor Link"; Value = ""; VariantName = "[No Variations]"
Add component (AddParameter): Name = "LCSC"; Value = ""; VariantName = "[No Variations]"
Add component (AddParameter): Name = "Manufacturer"; Value = ""; VariantName = "[No Variations]"
Add component (AddParameter): Name = "Manufacturer Part Number"; Value = ""; VariantName = "[No Variations]"
Added Component: Designator=R45(RES_0805)
Add component (AddParameter): Name = "Distributor Link"; Value = ""; VariantName = "[No Variations]"
Add component (AddParameter): Name = "LCSC"; Value = ""; VariantName = "[No Variations]"
Add component (AddParameter): Name = "Manufacturer"; Value = ""; VariantName = "[No Variations]"
Add component (AddParameter): Name = "Manufacturer Part Number"; Value = ""; VariantName = "[No Variations]"
Added Component: Designator=R46(RES_0805)
Add component (AddParameter): Name = "Distributor Link"; Value = ""; VariantName = "[No Variations]"
Add component (AddParameter): Name = "LCSC"; Value = ""; VariantName = "[No Variations]"
Add component (AddParameter): Name = "Manufacturer"; Value = ""; VariantName = "[No Variations]"
Add component (AddParameter): Name = "Manufacturer Part Number"; Value = ""; VariantName = "[No Variations]"
Added Component: Designator=R47(RES_0805)
Add component (AddParameter): Name = "Distributor Link"; Value = ""; VariantName = "[No Variations]"
Add component (AddParameter): Name = "LCSC"; Value = ""; VariantName = "[No Variations]"
Add component (AddParameter): Name = "Manufacturer"; Value = ""; VariantName = "[No Variations]"
Add component (AddParameter): Name = "Manufacturer Part Number"; Value = ""; VariantName = "[No Variations]"
Added Component: Designator=R48(RES_0805)
Add component (AddParameter): Name = "Distributor Link"; Value = ""; VariantName = "[No Variations]"
Add component (AddParameter): Name = "LCSC"; Value = ""; VariantName = "[No Variations]"
Add component (AddParameter): Name = "Manufacturer"; Value = ""; VariantName = "[No Variations]"
Add component (AddParameter): Name = "Manufacturer Part Number"; Value = ""; VariantName = "[No Variations]"
Added Component: Designator=R49(RES_0805)
Add component (AddParameter): Name = "Distributor Link"; Value = ""; VariantName = "[No Variations]"
Add component (AddParameter): Name = "LCSC"; Value = ""; VariantName = "[No Variations]"
Add component (AddParameter): Name = "Manufacturer"; Value = ""; VariantName = "[No Variations]"
Add component (AddParameter): Name = "Manufacturer Part Number"; Value = ""; VariantName = "[No Variations]"
Added Component: Designator=R50(RES_0805)
Add component (AddParameter): Name = "Distributor Link"; Value = ""; VariantName = "[No Variations]"
Add component (AddParameter): Name = "LCSC"; Value = ""; VariantName = "[No Variations]"
Add component (AddParameter): Name = "Manufacturer"; Value = ""; VariantName = "[No Variations]"
Add component (AddParameter): Name = "Manufacturer Part Number"; Value = ""; VariantName = "[No Variations]"
Added Component: Designator=R51(RES_0805)
Add component (AddParameter): Name = "Distributor Link"; Value = ""; VariantName = "[No Variations]"
Add component (AddParameter): Name = "LCSC"; Value = ""; VariantName = "[No Variations]"
Add component (AddParameter): Name = "Manufacturer"; Value = ""; VariantName = "[No Variations]"
Add component (AddParameter): Name = "Manufacturer Part Number"; Value = ""; VariantName = "[No Variations]"
Added Component: Designator=R52(RES_0805)
Add component (AddParameter): Name = "Distributor Link"; Value = ""; VariantName = "[No Variations]"
Add component (AddParameter): Name = "LCSC"; Value = ""; VariantName = "[No Variations]"
Add component (AddParameter): Name = "Manufacturer"; Value = ""; VariantName = "[No Variations]"
Add component (AddParameter): Name = "Manufacturer Part Number"; Value = ""; VariantName = "[No Variations]"
Added Component: Designator=R53(RES_0805)
Add component (AddParameter): Name = "Distributor Link"; Value = ""; VariantName = "[No Variations]"
Add component (AddParameter): Name = "LCSC"; Value = ""; VariantName = "[No Variations]"
Add component (AddParameter): Name = "Manufacturer"; Value = ""; VariantName = "[No Variations]"
Add component (AddParameter): Name = "Manufacturer Part Number"; Value = ""; VariantName = "[No Variations]"
Added Component: Designator=R54(RES_0805)
Add component (AddParameter): Name = "Distributor Link"; Value = ""; VariantName = "[No Variations]"
Add component (AddParameter): Name = "LCSC"; Value = ""; VariantName = "[No Variations]"
Add component (AddParameter): Name = "Manufacturer"; Value = ""; VariantName = "[No Variations]"
Add component (AddParameter): Name = "Manufacturer Part Number"; Value = ""; VariantName = "[No Variations]"
Added Component: Designator=R55(RES_0805)
Add component (AddParameter): Name = "Distributor Link"; Value = ""; VariantName = "[No Variations]"
Add component (AddParameter): Name = "LCSC"; Value = ""; VariantName = "[No Variations]"
Add component (AddParameter): Name = "Manufacturer"; Value = ""; VariantName = "[No Variations]"
Add component (AddParameter): Name = "Manufacturer Part Number"; Value = ""; VariantName = "[No Variations]"
Added Component: Designator=R56(RES_0805)
Add component (AddParameter): Name = "Distributor Link"; Value = ""; VariantName = "[No Variations]"
Add component (AddParameter): Name = "LCSC"; Value = ""; VariantName = "[No Variations]"
Add component (AddParameter): Name = "Manufacturer"; Value = ""; VariantName = "[No Variations]"
Add component (AddParameter): Name = "Manufacturer Part Number"; Value = ""; VariantName = "[No Variations]"
Added Component: Designator=R57(RES_0805)
Add component (AddParameter): Name = "Distributor Link"; Value = ""; VariantName = "[No Variations]"
Add component (AddParameter): Name = "LCSC"; Value = ""; VariantName = "[No Variations]"
Add component (AddParameter): Name = "Manufacturer"; Value = ""; VariantName = "[No Variations]"
Add component (AddParameter): Name = "Manufacturer Part Number"; Value = ""; VariantName = "[No Variations]"
Added Component: Designator=R58(RES_0805)
Add component (AddParameter): Name = "Distributor Link"; Value = ""; VariantName = "[No Variations]"
Add component (AddParameter): Name = "LCSC"; Value = ""; VariantName = "[No Variations]"
Add component (AddParameter): Name = "Manufacturer"; Value = ""; VariantName = "[No Variations]"
Add component (AddParameter): Name = "Manufacturer Part Number"; Value = ""; VariantName = "[No Variations]"
Added Component: Designator=R59(RES_0805)
Add component (AddParameter): Name = "Distributor Link"; Value = ""; VariantName = "[No Variations]"
Add component (AddParameter): Name = "LCSC"; Value = ""; VariantName = "[No Variations]"
Add component (AddParameter): Name = "Manufacturer"; Value = ""; VariantName = "[No Variations]"
Add component (AddParameter): Name = "Manufacturer Part Number"; Value = ""; VariantName = "[No Variations]"
Added Component: Designator=R60(RES_0805)
Add component (AddParameter): Name = "Distributor Link"; Value = ""; VariantName = "[No Variations]"
Add component (AddParameter): Name = "LCSC"; Value = ""; VariantName = "[No Variations]"
Add component (AddParameter): Name = "Manufacturer"; Value = ""; VariantName = "[No Variations]"
Add component (AddParameter): Name = "Manufacturer Part Number"; Value = ""; VariantName = "[No Variations]"
Added Component: Designator=R61(RES_0805)
Add component (AddParameter): Name = "Distributor Link"; Value = ""; VariantName = "[No Variations]"
Add component (AddParameter): Name = "LCSC"; Value = ""; VariantName = "[No Variations]"
Add component (AddParameter): Name = "Manufacturer"; Value = ""; VariantName = "[No Variations]"
Add component (AddParameter): Name = "Manufacturer Part Number"; Value = ""; VariantName = "[No Variations]"
Added Component: Designator=R62(RES_0805)
Add component (AddParameter): Name = "Distributor Link"; Value = ""; VariantName = "[No Variations]"
Add component (AddParameter): Name = "LCSC"; Value = ""; VariantName = "[No Variations]"
Add component (AddParameter): Name = "Manufacturer"; Value = ""; VariantName = "[No Variations]"
Add component (AddParameter): Name = "Manufacturer Part Number"; Value = ""; VariantName = "[No Variations]"
Added Component: Designator=R63(RES_0805)
Add component (AddParameter): Name = "Distributor Link"; Value = ""; VariantName = "[No Variations]"
Add component (AddParameter): Name = "LCSC"; Value = ""; VariantName = "[No Variations]"
Add component (AddParameter): Name = "Manufacturer"; Value = ""; VariantName = "[No Variations]"
Add component (AddParameter): Name = "Manufacturer Part Number"; Value = ""; VariantName = "[No Variations]"
Added Component: Designator=R64(RES_0805)
Add component (AddParameter): Name = "Distributor Link"; Value = ""; VariantName = "[No Variations]"
Add component (AddParameter): Name = "LCSC"; Value = ""; VariantName = "[No Variations]"
Add component (AddParameter): Name = "Manufacturer"; Value = ""; VariantName = "[No Variations]"
Add component (AddParameter): Name = "Manufacturer Part Number"; Value = ""; VariantName = "[No Variations]"
Added Component: Designator=R65(RES_0805)
Add component (AddParameter): Name = "Distributor Link"; Value = ""; VariantName = "[No Variations]"
Add component (AddParameter): Name = "LCSC"; Value = ""; VariantName = "[No Variations]"
Add component (AddParameter): Name = "Manufacturer"; Value = ""; VariantName = "[No Variations]"
Add component (AddParameter): Name = "Manufacturer Part Number"; Value = ""; VariantName = "[No Variations]"
Added Component: Designator=R66(RES_0805)
Add component (AddParameter): Name = "Distributor Link"; Value = ""; VariantName = "[No Variations]"
Add component (AddParameter): Name = "LCSC"; Value = ""; VariantName = "[No Variations]"
Add component (AddParameter): Name = "Manufacturer"; Value = ""; VariantName = "[No Variations]"
Add component (AddParameter): Name = "Manufacturer Part Number"; Value = ""; VariantName = "[No Variations]"
Added Component: Designator=R67(RES_0805)
Add component (AddParameter): Name = "Distributor Link"; Value = ""; VariantName = "[No Variations]"
Add component (AddParameter): Name = "LCSC"; Value = ""; VariantName = "[No Variations]"
Add component (AddParameter): Name = "Manufacturer"; Value = ""; VariantName = "[No Variations]"
Add component (AddParameter): Name = "Manufacturer Part Number"; Value = ""; VariantName = "[No Variations]"
Added Component: Designator=R68(RES_0805)
Add component (AddParameter): Name = "Distributor Link"; Value = ""; VariantName = "[No Variations]"
Add component (AddParameter): Name = "LCSC"; Value = ""; VariantName = "[No Variations]"
Add component (AddParameter): Name = "Manufacturer"; Value = ""; VariantName = "[No Variations]"
Add component (AddParameter): Name = "Manufacturer Part Number"; Value = ""; VariantName = "[No Variations]"
Added Component: Designator=R69(RES_0805)
Add component (AddParameter): Name = "Distributor Link"; Value = ""; VariantName = "[No Variations]"
Add component (AddParameter): Name = "LCSC"; Value = ""; VariantName = "[No Variations]"
Add component (AddParameter): Name = "Manufacturer"; Value = ""; VariantName = "[No Variations]"
Add component (AddParameter): Name = "Manufacturer Part Number"; Value = ""; VariantName = "[No Variations]"
Added Component: Designator=R70(RES_0805)
Add component (AddParameter): Name = "Distributor Link"; Value = ""; VariantName = "[No Variations]"
Add component (AddParameter): Name = "LCSC"; Value = ""; VariantName = "[No Variations]"
Add component (AddParameter): Name = "Manufacturer"; Value = ""; VariantName = "[No Variations]"
Add component (AddParameter): Name = "Manufacturer Part Number"; Value = ""; VariantName = "[No Variations]"
Added Component: Designator=R71(RES_0805)
Add component (AddParameter): Name = "Distributor Link"; Value = ""; VariantName = "[No Variations]"
Add component (AddParameter): Name = "LCSC"; Value = ""; VariantName = "[No Variations]"
Add component (AddParameter): Name = "Manufacturer"; Value = ""; VariantName = "[No Variations]"
Add component (AddParameter): Name = "Manufacturer Part Number"; Value = ""; VariantName = "[No Variations]"
Added Component: Designator=R72(RES_0805)
Add component (AddParameter): Name = "Distributor Link"; Value = ""; VariantName = "[No Variations]"
Add component (AddParameter): Name = "LCSC"; Value = ""; VariantName = "[No Variations]"
Add component (AddParameter): Name = "Manufacturer"; Value = ""; VariantName = "[No Variations]"
Add component (AddParameter): Name = "Manufacturer Part Number"; Value = ""; VariantName = "[No Variations]"
Added Component: Designator=R73(RES_0805)
Add component (AddParameter): Name = "Distributor Link"; Value = ""; VariantName = "[No Variations]"
Add component (AddParameter): Name = "LCSC"; Value = ""; VariantName = "[No Variations]"
Add component (AddParameter): Name = "Manufacturer"; Value = ""; VariantName = "[No Variations]"
Add component (AddParameter): Name = "Manufacturer Part Number"; Value = ""; VariantName = "[No Variations]"
Added Component: Designator=R74(RES_0805)
Add component (AddParameter): Name = "Distributor Link"; Value = ""; VariantName = "[No Variations]"
Add component (AddParameter): Name = "LCSC"; Value = ""; VariantName = "[No Variations]"
Add component (AddParameter): Name = "Manufacturer"; Value = ""; VariantName = "[No Variations]"
Add component (AddParameter): Name = "Manufacturer Part Number"; Value = ""; VariantName = "[No Variations]"
Added Component: Designator=R75(RES_0805)
Add component (AddParameter): Name = "Distributor Link"; Value = ""; VariantName = "[No Variations]"
Add component (AddParameter): Name = "LCSC"; Value = ""; VariantName = "[No Variations]"
Add component (AddParameter): Name = "Manufacturer"; Value = ""; VariantName = "[No Variations]"
Add component (AddParameter): Name = "Manufacturer Part Number"; Value = ""; VariantName = "[No Variations]"
Added Component: Designator=R76(RES_0805)
Add component (AddParameter): Name = "Distributor Link"; Value = ""; VariantName = "[No Variations]"
Add component (AddParameter): Name = "LCSC"; Value = ""; VariantName = "[No Variations]"
Add component (AddParameter): Name = "Manufacturer"; Value = ""; VariantName = "[No Variations]"
Add component (AddParameter): Name = "Manufacturer Part Number"; Value = ""; VariantName = "[No Variations]"
Added Component: Designator=R77(RES_0805)
Add component (AddParameter): Name = "Distributor Link"; Value = ""; VariantName = "[No Variations]"
Add component (AddParameter): Name = "LCSC"; Value = ""; VariantName = "[No Variations]"
Add component (AddParameter): Name = "Manufacturer"; Value = ""; VariantName = "[No Variations]"
Add component (AddParameter): Name = "Manufacturer Part Number"; Value = ""; VariantName = "[No Variations]"
Added Component: Designator=R78(RES_0805)
Add component (AddParameter): Name = "Distributor Link"; Value = ""; VariantName = "[No Variations]"
Add component (AddParameter): Name = "LCSC"; Value = ""; VariantName = "[No Variations]"
Add component (AddParameter): Name = "Manufacturer"; Value = ""; VariantName = "[No Variations]"
Add component (AddParameter): Name = "Manufacturer Part Number"; Value = ""; VariantName = "[No Variations]"
Added Component: Designator=R79(RES_0805)
Add component (AddParameter): Name = "Distributor Link"; Value = ""; VariantName = "[No Variations]"
Add component (AddParameter): Name = "LCSC"; Value = ""; VariantName = "[No Variations]"
Add component (AddParameter): Name = "Manufacturer"; Value = ""; VariantName = "[No Variations]"
Add component (AddParameter): Name = "Manufacturer Part Number"; Value = ""; VariantName = "[No Variations]"
Added Component: Designator=R80(RES_0805)
Add component (AddParameter): Name = "Distributor Link"; Value = ""; VariantName = "[No Variations]"
Add component (AddParameter): Name = "LCSC"; Value = ""; VariantName = "[No Variations]"
Add component (AddParameter): Name = "Manufacturer"; Value = ""; VariantName = "[No Variations]"
Add component (AddParameter): Name = "Manufacturer Part Number"; Value = ""; VariantName = "[No Variations]"
Added Component: Designator=R81(RES_0805)
Add component (AddParameter): Name = "Distributor Link"; Value = ""; VariantName = "[No Variations]"
Add component (AddParameter): Name = "LCSC"; Value = ""; VariantName = "[No Variations]"
Add component (AddParameter): Name = "Manufacturer"; Value = ""; VariantName = "[No Variations]"
Add component (AddParameter): Name = "Manufacturer Part Number"; Value = ""; VariantName = "[No Variations]"
Added Component: Designator=R82(RES_0805)
Add component (AddParameter): Name = "Distributor Link"; Value = ""; VariantName = "[No Variations]"
Add component (AddParameter): Name = "LCSC"; Value = ""; VariantName = "[No Variations]"
Add component (AddParameter): Name = "Manufacturer"; Value = ""; VariantName = "[No Variations]"
Add component (AddParameter): Name = "Manufacturer Part Number"; Value = ""; VariantName = "[No Variations]"
Added Component: Designator=R83(RES_0805)
Add component (AddParameter): Name = "Distributor Link"; Value = ""; VariantName = "[No Variations]"
Add component (AddParameter): Name = "LCSC"; Value = ""; VariantName = "[No Variations]"
Add component (AddParameter): Name = "Manufacturer"; Value = ""; VariantName = "[No Variations]"
Add component (AddParameter): Name = "Manufacturer Part Number"; Value = ""; VariantName = "[No Variations]"
Added Component: Designator=R84(RES_0805)
Add component (AddParameter): Name = "Distributor Link"; Value = ""; VariantName = "[No Variations]"
Add component (AddParameter): Name = "LCSC"; Value = ""; VariantName = "[No Variations]"
Add component (AddParameter): Name = "Manufacturer"; Value = ""; VariantName = "[No Variations]"
Add component (AddParameter): Name = "Manufacturer Part Number"; Value = ""; VariantName = "[No Variations]"
Added Component: Designator=R85(RES_0805)
Add component (AddParameter): Name = "Distributor Link"; Value = ""; VariantName = "[No Variations]"
Add component (AddParameter): Name = "LCSC"; Value = ""; VariantName = "[No Variations]"
Add component (AddParameter): Name = "Manufacturer"; Value = ""; VariantName = "[No Variations]"
Add component (AddParameter): Name = "Manufacturer Part Number"; Value = ""; VariantName = "[No Variations]"
Added Component: Designator=R86(RES_0805)
Add component (AddParameter): Name = "Distributor Link"; Value = ""; VariantName = "[No Variations]"
Add component (AddParameter): Name = "LCSC"; Value = ""; VariantName = "[No Variations]"
Add component (AddParameter): Name = "Manufacturer"; Value = ""; VariantName = "[No Variations]"
Add component (AddParameter): Name = "Manufacturer Part Number"; Value = ""; VariantName = "[No Variations]"
Added Component: Designator=R87(RES_0805)
Add component (AddParameter): Name = "Distributor Link"; Value = ""; VariantName = "[No Variations]"
Add component (AddParameter): Name = "LCSC"; Value = ""; VariantName = "[No Variations]"
Add component (AddParameter): Name = "Manufacturer"; Value = ""; VariantName = "[No Variations]"
Add component (AddParameter): Name = "Manufacturer Part Number"; Value = ""; VariantName = "[No Variations]"
Added Component: Designator=R88(RES_0805)
Add component (AddParameter): Name = "Distributor Link"; Value = ""; VariantName = "[No Variations]"
Add component (AddParameter): Name = "LCSC"; Value = ""; VariantName = "[No Variations]"
Add component (AddParameter): Name = "Manufacturer"; Value = ""; VariantName = "[No Variations]"
Add component (AddParameter): Name = "Manufacturer Part Number"; Value = ""; VariantName = "[No Variations]"
Added Component: Designator=R89(RES_0805)
Add component (AddParameter): Name = "Distributor Link"; Value = ""; VariantName = "[No Variations]"
Add component (AddParameter): Name = "LCSC"; Value = ""; VariantName = "[No Variations]"
Add component (AddParameter): Name = "Manufacturer"; Value = ""; VariantName = "[No Variations]"
Add component (AddParameter): Name = "Manufacturer Part Number"; Value = ""; VariantName = "[No Variations]"
Added Component: Designator=R90(RES_0805)
Add component (AddParameter): Name = "Distributor Link"; Value = ""; VariantName = "[No Variations]"
Add component (AddParameter): Name = "LCSC"; Value = ""; VariantName = "[No Variations]"
Add component (AddParameter): Name = "Manufacturer"; Value = ""; VariantName = "[No Variations]"
Add component (AddParameter): Name = "Manufacturer Part Number"; Value = ""; VariantName = "[No Variations]"
Added Component: Designator=R91(RES_0805)
Add component (AddParameter): Name = "Distributor Link"; Value = ""; VariantName = "[No Variations]"
Add component (AddParameter): Name = "LCSC"; Value = ""; VariantName = "[No Variations]"
Add component (AddParameter): Name = "Manufacturer"; Value = ""; VariantName = "[No Variations]"
Add component (AddParameter): Name = "Manufacturer Part Number"; Value = ""; VariantName = "[No Variations]"
Added Component: Designator=R92(RES_0805)
Add component (AddParameter): Name = "Distributor Link"; Value = ""; VariantName = "[No Variations]"
Add component (AddParameter): Name = "LCSC"; Value = ""; VariantName = "[No Variations]"
Add component (AddParameter): Name = "Manufacturer"; Value = ""; VariantName = "[No Variations]"
Add component (AddParameter): Name = "Manufacturer Part Number"; Value = ""; VariantName = "[No Variations]"
Added Component: Designator=R93(RES_0805)
Add component (AddParameter): Name = "Distributor Link"; Value = ""; VariantName = "[No Variations]"
Add component (AddParameter): Name = "LCSC"; Value = ""; VariantName = "[No Variations]"
Add component (AddParameter): Name = "Manufacturer"; Value = ""; VariantName = "[No Variations]"
Add component (AddParameter): Name = "Manufacturer Part Number"; Value = ""; VariantName = "[No Variations]"
Added Component: Designator=R94(RES_0805)
Add component (AddParameter): Name = "Distributor Link"; Value = ""; VariantName = "[No Variations]"
Add component (AddParameter): Name = "LCSC"; Value = ""; VariantName = "[No Variations]"
Add component (AddParameter): Name = "Manufacturer"; Value = ""; VariantName = "[No Variations]"
Add component (AddParameter): Name = "Manufacturer Part Number"; Value = ""; VariantName = "[No Variations]"
Added Component: Designator=R95(RES_0805)
Add component (AddParameter): Name = "Distributor Link"; Value = ""; VariantName = "[No Variations]"
Add component (AddParameter): Name = "LCSC"; Value = ""; VariantName = "[No Variations]"
Add component (AddParameter): Name = "Manufacturer"; Value = ""; VariantName = "[No Variations]"
Add component (AddParameter): Name = "Manufacturer Part Number"; Value = ""; VariantName = "[No Variations]"
Added Component: Designator=R96(RES_0805)
Add component (AddParameter): Name = "Distributor Link"; Value = ""; VariantName = "[No Variations]"
Add component (AddParameter): Name = "LCSC"; Value = ""; VariantName = "[No Variations]"
Add component (AddParameter): Name = "Manufacturer"; Value = ""; VariantName = "[No Variations]"
Add component (AddParameter): Name = "Manufacturer Part Number"; Value = ""; VariantName = "[No Variations]"
Added Component: Designator=R97(RES_0805)
Add component (AddParameter): Name = "Distributor Link"; Value = ""; VariantName = "[No Variations]"
Add component (AddParameter): Name = "LCSC"; Value = ""; VariantName = "[No Variations]"
Add component (AddParameter): Name = "Manufacturer"; Value = ""; VariantName = "[No Variations]"
Add component (AddParameter): Name = "Manufacturer Part Number"; Value = ""; VariantName = "[No Variations]"
Added Component: Designator=R98(RES_0805)
Add component (AddParameter): Name = "Distributor Link"; Value = ""; VariantName = "[No Variations]"
Add component (AddParameter): Name = "LCSC"; Value = ""; VariantName = "[No Variations]"
Add component (AddParameter): Name = "Manufacturer"; Value = ""; VariantName = "[No Variations]"
Add component (AddParameter): Name = "Manufacturer Part Number"; Value = ""; VariantName = "[No Variations]"
Added Component: Designator=R99(RES_0805)
Add component (AddParameter): Name = "Distributor Link"; Value = ""; VariantName = "[No Variations]"
Add component (AddParameter): Name = "LCSC"; Value = ""; VariantName = "[No Variations]"
Add component (AddParameter): Name = "Manufacturer"; Value = ""; VariantName = "[No Variations]"
Add component (AddParameter): Name = "Manufacturer Part Number"; Value = ""; VariantName = "[No Variations]"
Added Component: Designator=R100(RES_0805)
Add component (AddParameter): Name = "Distributor Link"; Value = ""; VariantName = "[No Variations]"
Add component (AddParameter): Name = "LCSC"; Value = ""; VariantName = "[No Variations]"
Add component (AddParameter): Name = "Manufacturer"; Value = ""; VariantName = "[No Variations]"
Add component (AddParameter): Name = "Manufacturer Part Number"; Value = ""; VariantName = "[No Variations]"
Added Component: Designator=R101(RES_0805)
Add component (AddParameter): Name = "Distributor Link"; Value = ""; VariantName = "[No Variations]"
Add component (AddParameter): Name = "LCSC"; Value = ""; VariantName = "[No Variations]"
Add component (AddParameter): Name = "Manufacturer"; Value = ""; VariantName = "[No Variations]"
Add component (AddParameter): Name = "Manufacturer Part Number"; Value = ""; VariantName = "[No Variations]"
Added Component: Designator=R102(RES_0805)
Add component (AddParameter): Name = "Distributor Link"; Value = ""; VariantName = "[No Variations]"
Add component (AddParameter): Name = "LCSC"; Value = ""; VariantName = "[No Variations]"
Add component (AddParameter): Name = "Manufacturer"; Value = ""; VariantName = "[No Variations]"
Add component (AddParameter): Name = "Manufacturer Part Number"; Value = ""; VariantName = "[No Variations]"
Added Component: Designator=R103(RES_0805)
Add component (AddParameter): Name = "Distributor Link"; Value = ""; VariantName = "[No Variations]"
Add component (AddParameter): Name = "LCSC"; Value = ""; VariantName = "[No Variations]"
Add component (AddParameter): Name = "Manufacturer"; Value = ""; VariantName = "[No Variations]"
Add component (AddParameter): Name = "Manufacturer Part Number"; Value = ""; VariantName = "[No Variations]"
Added Component: Designator=R104(RES_0805)
Add component (AddParameter): Name = "Distributor Link"; Value = ""; VariantName = "[No Variations]"
Add component (AddParameter): Name = "LCSC"; Value = ""; VariantName = "[No Variations]"
Add component (AddParameter): Name = "Manufacturer"; Value = ""; VariantName = "[No Variations]"
Add component (AddParameter): Name = "Manufacturer Part Number"; Value = ""; VariantName = "[No Variations]"
Added Component: Designator=R105(RES_0805)
Add component (AddParameter): Name = "Distributor Link"; Value = ""; VariantName = "[No Variations]"
Add component (AddParameter): Name = "LCSC"; Value = ""; VariantName = "[No Variations]"
Add component (AddParameter): Name = "Manufacturer"; Value = ""; VariantName = "[No Variations]"
Add component (AddParameter): Name = "Manufacturer Part Number"; Value = ""; VariantName = "[No Variations]"
Added Component: Designator=R106(RES_0805)
Add component (AddParameter): Name = "Distributor Link"; Value = ""; VariantName = "[No Variations]"
Add component (AddParameter): Name = "LCSC"; Value = ""; VariantName = "[No Variations]"
Add component (AddParameter): Name = "Manufacturer"; Value = ""; VariantName = "[No Variations]"
Add component (AddParameter): Name = "Manufacturer Part Number"; Value = ""; VariantName = "[No Variations]"
Added Component: Designator=R107(RES_0805)
Add component (AddParameter): Name = "Distributor Link"; Value = ""; VariantName = "[No Variations]"
Add component (AddParameter): Name = "LCSC"; Value = ""; VariantName = "[No Variations]"
Add component (AddParameter): Name = "Manufacturer"; Value = ""; VariantName = "[No Variations]"
Add component (AddParameter): Name = "Manufacturer Part Number"; Value = ""; VariantName = "[No Variations]"
Added Component: Designator=R108(RES_0805)
Add component (AddParameter): Name = "Distributor Link"; Value = ""; VariantName = "[No Variations]"
Add component (AddParameter): Name = "LCSC"; Value = ""; VariantName = "[No Variations]"
Add component (AddParameter): Name = "Manufacturer"; Value = ""; VariantName = "[No Variations]"
Add component (AddParameter): Name = "Manufacturer Part Number"; Value = ""; VariantName = "[No Variations]"
Added Component: Designator=R109(RES_0805)
Add component (AddParameter): Name = "Distributor Link"; Value = ""; VariantName = "[No Variations]"
Add component (AddParameter): Name = "LCSC"; Value = ""; VariantName = "[No Variations]"
Add component (AddParameter): Name = "Manufacturer"; Value = ""; VariantName = "[No Variations]"
Add component (AddParameter): Name = "Manufacturer Part Number"; Value = ""; VariantName = "[No Variations]"
Added Component: Designator=R110(RES_0805)
Add component (AddParameter): Name = "Distributor Link"; Value = ""; VariantName = "[No Variations]"
Add component (AddParameter): Name = "LCSC"; Value = ""; VariantName = "[No Variations]"
Add component (AddParameter): Name = "Manufacturer"; Value = ""; VariantName = "[No Variations]"
Add component (AddParameter): Name = "Manufacturer Part Number"; Value = ""; VariantName = "[No Variations]"
Added Component: Designator=R111(RES_0805)
Add component (AddParameter): Name = "Distributor Link"; Value = ""; VariantName = "[No Variations]"
Add component (AddParameter): Name = "LCSC"; Value = ""; VariantName = "[No Variations]"
Add component (AddParameter): Name = "Manufacturer"; Value = ""; VariantName = "[No Variations]"
Add component (AddParameter): Name = "Manufacturer Part Number"; Value = ""; VariantName = "[No Variations]"
Added Component: Designator=R112(RES_0805)
Add component (AddParameter): Name = "Distributor Link"; Value = ""; VariantName = "[No Variations]"
Add component (AddParameter): Name = "LCSC"; Value = ""; VariantName = "[No Variations]"
Add component (AddParameter): Name = "Manufacturer"; Value = ""; VariantName = "[No Variations]"
Add component (AddParameter): Name = "Manufacturer Part Number"; Value = ""; VariantName = "[No Variations]"
Added Component: Designator=R113(RES_0805)
Add component (AddParameter): Name = "Distributor Link"; Value = ""; VariantName = "[No Variations]"
Add component (AddParameter): Name = "LCSC"; Value = ""; VariantName = "[No Variations]"
Add component (AddParameter): Name = "Manufacturer"; Value = ""; VariantName = "[No Variations]"
Add component (AddParameter): Name = "Manufacturer Part Number"; Value = ""; VariantName = "[No Variations]"
Added Component: Designator=R114(RES_0805)
Add component (AddParameter): Name = "Distributor Link"; Value = ""; VariantName = "[No Variations]"
Add component (AddParameter): Name = "LCSC"; Value = ""; VariantName = "[No Variations]"
Add component (AddParameter): Name = "Manufacturer"; Value = ""; VariantName = "[No Variations]"
Add component (AddParameter): Name = "Manufacturer Part Number"; Value = ""; VariantName = "[No Variations]"
Added Component: Designator=R115(RES_0805)
Add component (AddParameter): Name = "Distributor Link"; Value = ""; VariantName = "[No Variations]"
Add component (AddParameter): Name = "LCSC"; Value = ""; VariantName = "[No Variations]"
Add component (AddParameter): Name = "Manufacturer"; Value = ""; VariantName = "[No Variations]"
Add component (AddParameter): Name = "Manufacturer Part Number"; Value = ""; VariantName = "[No Variations]"
Added Component: Designator=R116(RES_0805)
Add component (AddParameter): Name = "Distributor Link"; Value = ""; VariantName = "[No Variations]"
Add component (AddParameter): Name = "LCSC"; Value = ""; VariantName = "[No Variations]"
Add component (AddParameter): Name = "Manufacturer"; Value = ""; VariantName = "[No Variations]"
Add component (AddParameter): Name = "Manufacturer Part Number"; Value = ""; VariantName = "[No Variations]"
Added Component: Designator=R117(RES_0805)
Add component (AddParameter): Name = "Distributor Link"; Value = ""; VariantName = "[No Variations]"
Add component (AddParameter): Name = "LCSC"; Value = ""; VariantName = "[No Variations]"
Add component (AddParameter): Name = "Manufacturer"; Value = ""; VariantName = "[No Variations]"
Add component (AddParameter): Name = "Manufacturer Part Number"; Value = ""; VariantName = "[No Variations]"
Added Component: Designator=R118(RES_0805)
Add component (AddParameter): Name = "Distributor Link"; Value = ""; VariantName = "[No Variations]"
Add component (AddParameter): Name = "LCSC"; Value = ""; VariantName = "[No Variations]"
Add component (AddParameter): Name = "Manufacturer"; Value = ""; VariantName = "[No Variations]"
Add component (AddParameter): Name = "Manufacturer Part Number"; Value = ""; VariantName = "[No Variations]"
Added Component: Designator=R119(RES_0805)
Add component (AddParameter): Name = "Distributor Link"; Value = ""; VariantName = "[No Variations]"
Add component (AddParameter): Name = "LCSC"; Value = ""; VariantName = "[No Variations]"
Add component (AddParameter): Name = "Manufacturer"; Value = ""; VariantName = "[No Variations]"
Add component (AddParameter): Name = "Manufacturer Part Number"; Value = ""; VariantName = "[No Variations]"
Added Component: Designator=R120(RES_0805)
Add component (AddParameter): Name = "Distributor Link"; Value = ""; VariantName = "[No Variations]"
Add component (AddParameter): Name = "LCSC"; Value = ""; VariantName = "[No Variations]"
Add component (AddParameter): Name = "Manufacturer"; Value = ""; VariantName = "[No Variations]"
Add component (AddParameter): Name = "Manufacturer Part Number"; Value = ""; VariantName = "[No Variations]"
Added Component: Designator=R121(RES_0805)
Add component (AddParameter): Name = "Distributor Link"; Value = ""; VariantName = "[No Variations]"
Add component (AddParameter): Name = "LCSC"; Value = ""; VariantName = "[No Variations]"
Add component (AddParameter): Name = "Manufacturer"; Value = ""; VariantName = "[No Variations]"
Add component (AddParameter): Name = "Manufacturer Part Number"; Value = ""; VariantName = "[No Variations]"
Added Component: Designator=R122(RES_0805)
Add component (AddParameter): Name = "Distributor Link"; Value = ""; VariantName = "[No Variations]"
Add component (AddParameter): Name = "LCSC"; Value = ""; VariantName = "[No Variations]"
Add component (AddParameter): Name = "Manufacturer"; Value = ""; VariantName = "[No Variations]"
Add component (AddParameter): Name = "Manufacturer Part Number"; Value = ""; VariantName = "[No Variations]"
Added Component: Designator=R123(RES_0805)
Add component (AddParameter): Name = "Distributor Link"; Value = ""; VariantName = "[No Variations]"
Add component (AddParameter): Name = "LCSC"; Value = ""; VariantName = "[No Variations]"
Add component (AddParameter): Name = "Manufacturer"; Value = ""; VariantName = "[No Variations]"
Add component (AddParameter): Name = "Manufacturer Part Number"; Value = ""; VariantName = "[No Variations]"
Added Component: Designator=R124(RES_0805)
Add component (AddParameter): Name = "Distributor Link"; Value = ""; VariantName = "[No Variations]"
Add component (AddParameter): Name = "LCSC"; Value = ""; VariantName = "[No Variations]"
Add component (AddParameter): Name = "Manufacturer"; Value = ""; VariantName = "[No Variations]"
Add component (AddParameter): Name = "Manufacturer Part Number"; Value = ""; VariantName = "[No Variations]"
Added Component: Designator=R125(RES_0805)
Add component (AddParameter): Name = "Distributor Link"; Value = ""; VariantName = "[No Variations]"
Add component (AddParameter): Name = "LCSC"; Value = ""; VariantName = "[No Variations]"
Add component (AddParameter): Name = "Manufacturer"; Value = ""; VariantName = "[No Variations]"
Add component (AddParameter): Name = "Manufacturer Part Number"; Value = ""; VariantName = "[No Variations]"
Added Component: Designator=R126(RES_0805)
Add component (AddParameter): Name = "Distributor Link"; Value = ""; VariantName = "[No Variations]"
Add component (AddParameter): Name = "LCSC"; Value = ""; VariantName = "[No Variations]"
Add component (AddParameter): Name = "Manufacturer"; Value = ""; VariantName = "[No Variations]"
Add component (AddParameter): Name = "Manufacturer Part Number"; Value = ""; VariantName = "[No Variations]"
Added Component: Designator=R127(RES_0805)
Add component (AddParameter): Name = "Distributor Link"; Value = ""; VariantName = "[No Variations]"
Add component (AddParameter): Name = "LCSC"; Value = ""; VariantName = "[No Variations]"
Add component (AddParameter): Name = "Manufacturer"; Value = ""; VariantName = "[No Variations]"
Add component (AddParameter): Name = "Manufacturer Part Number"; Value = ""; VariantName = "[No Variations]"
Added Component: Designator=R128(RES_0805)
Add component (AddParameter): Name = "Distributor Link"; Value = ""; VariantName = "[No Variations]"
Add component (AddParameter): Name = "LCSC"; Value = ""; VariantName = "[No Variations]"
Add component (AddParameter): Name = "Manufacturer"; Value = ""; VariantName = "[No Variations]"
Add component (AddParameter): Name = "Manufacturer Part Number"; Value = ""; VariantName = "[No Variations]"
Added Component: Designator=R129(RES_0805)
Add component (AddParameter): Name = "Distributor Link"; Value = ""; VariantName = "[No Variations]"
Add component (AddParameter): Name = "LCSC"; Value = ""; VariantName = "[No Variations]"
Add component (AddParameter): Name = "Manufacturer"; Value = ""; VariantName = "[No Variations]"
Add component (AddParameter): Name = "Manufacturer Part Number"; Value = ""; VariantName = "[No Variations]"
Added Component: Designator=R130(RES_0805)
Add component (AddParameter): Name = "Distributor Link"; Value = ""; VariantName = "[No Variations]"
Add component (AddParameter): Name = "LCSC"; Value = ""; VariantName = "[No Variations]"
Add component (AddParameter): Name = "Manufacturer"; Value = ""; VariantName = "[No Variations]"
Add component (AddParameter): Name = "Manufacturer Part Number"; Value = ""; VariantName = "[No Variations]"
Added Component: Designator=R131(RES_0805)
Add component (AddParameter): Name = "Distributor Link"; Value = ""; VariantName = "[No Variations]"
Add component (AddParameter): Name = "LCSC"; Value = ""; VariantName = "[No Variations]"
Add component (AddParameter): Name = "Manufacturer"; Value = ""; VariantName = "[No Variations]"
Add component (AddParameter): Name = "Manufacturer Part Number"; Value = ""; VariantName = "[No Variations]"
Added Component: Designator=R132(RES_0805)
Add component (AddParameter): Name = "Distributor Link"; Value = ""; VariantName = "[No Variations]"
Add component (AddParameter): Name = "LCSC"; Value = ""; VariantName = "[No Variations]"
Add component (AddParameter): Name = "Manufacturer"; Value = ""; VariantName = "[No Variations]"
Add component (AddParameter): Name = "Manufacturer Part Number"; Value = ""; VariantName = "[No Variations]"
Added Component: Designator=R133(RES_0805)
Add component (AddParameter): Name = "Distributor Link"; Value = ""; VariantName = "[No Variations]"
Add component (AddParameter): Name = "LCSC"; Value = ""; VariantName = "[No Variations]"
Add component (AddParameter): Name = "Manufacturer"; Value = ""; VariantName = "[No Variations]"
Add component (AddParameter): Name = "Manufacturer Part Number"; Value = ""; VariantName = "[No Variations]"
Added Component: Designator=R134(RES_0805)
Add component (AddParameter): Name = "Distributor Link"; Value = ""; VariantName = "[No Variations]"
Add component (AddParameter): Name = "LCSC"; Value = ""; VariantName = "[No Variations]"
Add component (AddParameter): Name = "Manufacturer"; Value = ""; VariantName = "[No Variations]"
Add component (AddParameter): Name = "Manufacturer Part Number"; Value = ""; VariantName = "[No Variations]"
Added Component: Designator=R135(RES_0805)
Add component (AddParameter): Name = "Distributor Link"; Value = ""; VariantName = "[No Variations]"
Add component (AddParameter): Name = "LCSC"; Value = ""; VariantName = "[No Variations]"
Add component (AddParameter): Name = "Manufacturer"; Value = ""; VariantName = "[No Variations]"
Add component (AddParameter): Name = "Manufacturer Part Number"; Value = ""; VariantName = "[No Variations]"
Added Component: Designator=R136(RES_0805)
Add component (AddParameter): Name = "Distributor Link"; Value = ""; VariantName = "[No Variations]"
Add component (AddParameter): Name = "LCSC"; Value = ""; VariantName = "[No Variations]"
Add component (AddParameter): Name = "Manufacturer"; Value = ""; VariantName = "[No Variations]"
Add component (AddParameter): Name = "Manufacturer Part Number"; Value = ""; VariantName = "[No Variations]"
Added Component: Designator=R137(RES_0805)
Add component (AddParameter): Name = "Distributor Link"; Value = ""; VariantName = "[No Variations]"
Add component (AddParameter): Name = "LCSC"; Value = ""; VariantName = "[No Variations]"
Add component (AddParameter): Name = "Manufacturer"; Value = ""; VariantName = "[No Variations]"
Add component (AddParameter): Name = "Manufacturer Part Number"; Value = ""; VariantName = "[No Variations]"
Added Component: Designator=R138(RES_0805)
Add component (AddParameter): Name = "Distributor Link"; Value = ""; VariantName = "[No Variations]"
Add component (AddParameter): Name = "LCSC"; Value = ""; VariantName = "[No Variations]"
Add component (AddParameter): Name = "Manufacturer"; Value = ""; VariantName = "[No Variations]"
Add component (AddParameter): Name = "Manufacturer Part Number"; Value = ""; VariantName = "[No Variations]"
Added Component: Designator=R139(RES_0805)
Add component (AddParameter): Name = "Distributor Link"; Value = ""; VariantName = "[No Variations]"
Add component (AddParameter): Name = "LCSC"; Value = ""; VariantName = "[No Variations]"
Add component (AddParameter): Name = "Manufacturer"; Value = ""; VariantName = "[No Variations]"
Add component (AddParameter): Name = "Manufacturer Part Number"; Value = ""; VariantName = "[No Variations]"
Added Component: Designator=R140(RES_0805)
Add component (AddParameter): Name = "Distributor Link"; Value = ""; VariantName = "[No Variations]"
Add component (AddParameter): Name = "LCSC"; Value = ""; VariantName = "[No Variations]"
Add component (AddParameter): Name = "Manufacturer"; Value = ""; VariantName = "[No Variations]"
Add component (AddParameter): Name = "Manufacturer Part Number"; Value = ""; VariantName = "[No Variations]"
Added Component: Designator=RLY1(TECO-IM-8G-WING)
Add component (AddParameter): Name = "Ambient Temperature"; Value = "-40 to 85 degC"; VariantName = "[No Variations]"
Add component (AddParameter): Name = "Coil-contact Capacitance"; Value = "2 pF"; VariantName = "[No Variations]"
Add component (AddParameter): Name = "ComponentLink1Description"; Value = "Manufacturer URL"; VariantName = "[No Variations]"
Add component (AddParameter): Name = "ComponentLink1URL"; Value = "http://www.te.com/"; VariantName = "[No Variations]"
Add component (AddParameter): Name = "ComponentLink2Description"; Value = "Datasheet"; VariantName = "[No Variations]"
Add component (AddParameter): Name = "ComponentLink2URL"; Value = "http://www.te.com/commerce/DocumentDelivery/DDEController?Action=showdoc&DocId=Specification+Or+Standard%7F108-98001%7FS%7Fpdf%7FEnglish%7FENG_SS_108-98001_S.pdf%7F1-1462037-4"; VariantName = "[No Variations]"
Add component (AddParameter): Name = "Contact Capacitance"; Value = "1 pF"; VariantName = "[No Variations]"
Add component (AddParameter): Name = "Contact Material"; Value = "PdRu +Au Covered"; VariantName = "[No Variations]"
Add component (AddParameter): Name = "DatasheetVersion"; Value = "Rev. 0411"; VariantName = "[No Variations]"
Add component (AddParameter): Name = "Limiting Continuous Current"; Value = "2 A"; VariantName = "[No Variations]"
Add component (AddParameter): Name = "Manufacturer"; Value = "TE Connectivity"; VariantName = "[No Variations]"
Add component (AddParameter): Name = "Mounting Technology"; Value = "Surface Mount"; VariantName = "[No Variations]"
Add component (AddParameter): Name = "PackageDescription"; Value = "8-Pin Relay, 10 x 6 mm Body, 0.95 mm Pitch"; VariantName = "[No Variations]"
Add component (AddParameter): Name = "PackageReference"; Value = "IM-8G-WING"; VariantName = "[No Variations]"
Add component (AddParameter): Name = "PartNumber"; Value = "IM03GR"; VariantName = "[No Variations]"
Add component (AddParameter): Name = "Power Consumption"; Value = "140 mW"; VariantName = "[No Variations]"
Added Component: Designator=RLY2(TECO-IM-8G-WING)
Add component (AddParameter): Name = "Ambient Temperature"; Value = "-40 to 85 degC"; VariantName = "[No Variations]"
Add component (AddParameter): Name = "Coil-contact Capacitance"; Value = "2 pF"; VariantName = "[No Variations]"
Add component (AddParameter): Name = "ComponentLink1Description"; Value = "Manufacturer URL"; VariantName = "[No Variations]"
Add component (AddParameter): Name = "ComponentLink1URL"; Value = "http://www.te.com/"; VariantName = "[No Variations]"
Add component (AddParameter): Name = "ComponentLink2Description"; Value = "Datasheet"; VariantName = "[No Variations]"
Add component (AddParameter): Name = "ComponentLink2URL"; Value = "http://www.te.com/commerce/DocumentDelivery/DDEController?Action=showdoc&DocId=Specification+Or+Standard%7F108-98001%7FS%7Fpdf%7FEnglish%7FENG_SS_108-98001_S.pdf%7F1-1462037-4"; VariantName = "[No Variations]"
Add component (AddParameter): Name = "Contact Capacitance"; Value = "1 pF"; VariantName = "[No Variations]"
Add component (AddParameter): Name = "Contact Material"; Value = "PdRu +Au Covered"; VariantName = "[No Variations]"
Add component (AddParameter): Name = "DatasheetVersion"; Value = "Rev. 0411"; VariantName = "[No Variations]"
Add component (AddParameter): Name = "Limiting Continuous Current"; Value = "2 A"; VariantName = "[No Variations]"
Add component (AddParameter): Name = "Manufacturer"; Value = "TE Connectivity"; VariantName = "[No Variations]"
Add component (AddParameter): Name = "Mounting Technology"; Value = "Surface Mount"; VariantName = "[No Variations]"
Add component (AddParameter): Name = "PackageDescription"; Value = "8-Pin Relay, 10 x 6 mm Body, 0.95 mm Pitch"; VariantName = "[No Variations]"
Add component (AddParameter): Name = "PackageReference"; Value = "IM-8G-WING"; VariantName = "[No Variations]"
Add component (AddParameter): Name = "PartNumber"; Value = "IM03GR"; VariantName = "[No Variations]"
Add component (AddParameter): Name = "Power Consumption"; Value = "140 mW"; VariantName = "[No Variations]"
Added Component: Designator=SW1(FP-2-1977223-2-MFG)
Add component (AddParameter): Name = "RoHS Compliant"; Value = "Yes"; VariantName = "[No Variations]"
Added Component: Designator=SW2(FP-2-1977223-2-MFG)
Add component (AddParameter): Name = "RoHS Compliant"; Value = "Yes"; VariantName = "[No Variations]"
Added Component: Designator=U1(TI-DDA8-1775X1775TP_M)
Add component (AddParameter): Name = "2nd Harmonic(dBc)"; Value = "66"; VariantName = "[No Variations]"
Add component (AddParameter): Name = "3rd Harmonic(dBc)"; Value = "74"; VariantName = "[No Variations]"
Add component (AddParameter): Name = "@ MHz"; Value = "10"; VariantName = "[No Variations]"
Add component (AddParameter): Name = "Acl, min stable gain(V/V)"; Value = "1"; VariantName = "[No Variations]"
Add component (AddParameter): Name = "BW @ Acl(MHz)"; Value = "235"; VariantName = "[No Variations]"
Add component (AddParameter): Name = "Code_JEDEC"; Value = "MS-012"; VariantName = "[No Variations]"
Add component (AddParameter): Name = "ComponentLink1Description"; Value = "Manufacturer URL"; VariantName = "[No Variations]"
Add component (AddParameter): Name = "ComponentLink1URL"; Value = "http://www.ti.com/"; VariantName = "[No Variations]"
Add component (AddParameter): Name = "ComponentLink2Description"; Value = "Datasheet"; VariantName = "[No Variations]"
Add component (AddParameter): Name = "ComponentLink2URL"; Value = "http://www.ti.com/general/docs/lit/getliterature.tsp?genericPartNumber=THS3091&fileType=pdf"; VariantName = "[No Variations]"
Add component (AddParameter): Name = "ComponentLink3Description"; Value = "Package Specification"; VariantName = "[No Variations]"
Add component (AddParameter): Name = "ComponentLink3URL"; Value = "http://www.ti.com/litv/pdf/mpds092e"; VariantName = "[No Variations]"
Add component (AddParameter): Name = "DatasheetVersion"; Value = "SLOS423G"; VariantName = "[No Variations]"
Add component (AddParameter): Name = "Diff Gain(%)"; Value = "0.013"; VariantName = "[No Variations]"
Add component (AddParameter): Name = "Diff Phase(deg)"; Value = "0.02"; VariantName = "[No Variations]"
Add component (AddParameter): Name = "Eco-Plan"; Value = "Green (RoHS & no Sb/Br)"; VariantName = "[No Variations]"
Add component (AddParameter): Name = "Iib(Max)(nA)"; Value = "20000"; VariantName = "[No Variations]"
Add component (AddParameter): Name = "Io(Typ)(mA)"; Value = "250"; VariantName = "[No Variations]"
Add component (AddParameter): Name = "Iq per channel(Max)(mA)"; Value = "11"; VariantName = "[No Variations]"
Add component (AddParameter): Name = "Manufacturer"; Value = "Texas Instruments"; VariantName = "[No Variations]"
Add component (AddParameter): Name = "Mounting Technology"; Value = "Surface Mount"; VariantName = "[No Variations]"
Add component (AddParameter): Name = "Number of Channels"; Value = "1"; VariantName = "[No Variations]"
Add component (AddParameter): Name = "PackageDescription"; Value = "8-Pin PowerPAD(TM) Plastic Small Outline, Body 4.9 x 3.9 mm, Pitch 1.27 mm"; VariantName = "[No Variations]"
Add component (AddParameter): Name = "PackageReference"; Value = "DDA8-1775X1775TP"; VariantName = "[No Variations]"
Add component (AddParameter): Name = "PackageVersion"; Value = "4202561/F, 12/2011"; VariantName = "[No Variations]"
Add component (AddParameter): Name = "PartNumber"; Value = "THS3091DDARG3"; VariantName = "[No Variations]"
Add component (AddParameter): Name = "Settling Time (0.1%)(Typ)(ns)"; Value = "42"; VariantName = "[No Variations]"
Add component (AddParameter): Name = "Slew Rate(Typ)(V/us)"; Value = "7300"; VariantName = "[No Variations]"
Add component (AddParameter): Name = "Sub Family"; Value = "High Output Current Amplifier (>=50mA), High Speed Amplifier (>=50MHz), High Supply Voltage Amplifier (>=30V)"; VariantName = "[No Variations]"
Add component (AddParameter): Name = "THD (Fc is 1 MHz)(Typ)(dB)"; Value = "-75"; VariantName = "[No Variations]"
Add component (AddParameter): Name = "Vio(Max)(mV)"; Value = "4"; VariantName = "[No Variations]"
Add component (AddParameter): Name = "Vn at Flatband(Typ)(nV/rtHz)"; Value = "2"; VariantName = "[No Variations]"
Add component (AddParameter): Name = "Vs(Max)(V)"; Value = "30"; VariantName = "[No Variations]"
Add component (AddParameter): Name = "Vs(Min)(V)"; Value = "10"; VariantName = "[No Variations]"
Added Component: Designator=U2(TI-DDA8-1775X1775TP_M)
Add component (AddParameter): Name = "2nd Harmonic(dBc)"; Value = "66"; VariantName = "[No Variations]"
Add component (AddParameter): Name = "3rd Harmonic(dBc)"; Value = "74"; VariantName = "[No Variations]"
Add component (AddParameter): Name = "@ MHz"; Value = "10"; VariantName = "[No Variations]"
Add component (AddParameter): Name = "Acl, min stable gain(V/V)"; Value = "1"; VariantName = "[No Variations]"
Add component (AddParameter): Name = "BW @ Acl(MHz)"; Value = "235"; VariantName = "[No Variations]"
Add component (AddParameter): Name = "Code_JEDEC"; Value = "MS-012"; VariantName = "[No Variations]"
Add component (AddParameter): Name = "ComponentLink1Description"; Value = "Manufacturer URL"; VariantName = "[No Variations]"
Add component (AddParameter): Name = "ComponentLink1URL"; Value = "http://www.ti.com/"; VariantName = "[No Variations]"
Add component (AddParameter): Name = "ComponentLink2Description"; Value = "Datasheet"; VariantName = "[No Variations]"
Add component (AddParameter): Name = "ComponentLink2URL"; Value = "http://www.ti.com/general/docs/lit/getliterature.tsp?genericPartNumber=THS3091&fileType=pdf"; VariantName = "[No Variations]"
Add component (AddParameter): Name = "ComponentLink3Description"; Value = "Package Specification"; VariantName = "[No Variations]"
Add component (AddParameter): Name = "ComponentLink3URL"; Value = "http://www.ti.com/litv/pdf/mpds092e"; VariantName = "[No Variations]"
Add component (AddParameter): Name = "DatasheetVersion"; Value = "SLOS423G"; VariantName = "[No Variations]"
Add component (AddParameter): Name = "Diff Gain(%)"; Value = "0.013"; VariantName = "[No Variations]"
Add component (AddParameter): Name = "Diff Phase(deg)"; Value = "0.02"; VariantName = "[No Variations]"
Add component (AddParameter): Name = "Eco-Plan"; Value = "Green (RoHS & no Sb/Br)"; VariantName = "[No Variations]"
Add component (AddParameter): Name = "Iib(Max)(nA)"; Value = "20000"; VariantName = "[No Variations]"
Add component (AddParameter): Name = "Io(Typ)(mA)"; Value = "250"; VariantName = "[No Variations]"
Add component (AddParameter): Name = "Iq per channel(Max)(mA)"; Value = "11"; VariantName = "[No Variations]"
Add component (AddParameter): Name = "Manufacturer"; Value = "Texas Instruments"; VariantName = "[No Variations]"
Add component (AddParameter): Name = "Mounting Technology"; Value = "Surface Mount"; VariantName = "[No Variations]"
Add component (AddParameter): Name = "Number of Channels"; Value = "1"; VariantName = "[No Variations]"
Add component (AddParameter): Name = "PackageDescription"; Value = "8-Pin PowerPAD(TM) Plastic Small Outline, Body 4.9 x 3.9 mm, Pitch 1.27 mm"; VariantName = "[No Variations]"
Add component (AddParameter): Name = "PackageReference"; Value = "DDA8-1775X1775TP"; VariantName = "[No Variations]"
Add component (AddParameter): Name = "PackageVersion"; Value = "4202561/F, 12/2011"; VariantName = "[No Variations]"
Add component (AddParameter): Name = "PartNumber"; Value = "THS3091DDARG3"; VariantName = "[No Variations]"
Add component (AddParameter): Name = "Settling Time (0.1%)(Typ)(ns)"; Value = "42"; VariantName = "[No Variations]"
Add component (AddParameter): Name = "Slew Rate(Typ)(V/us)"; Value = "7300"; VariantName = "[No Variations]"
Add component (AddParameter): Name = "Sub Family"; Value = "High Output Current Amplifier (>=50mA), High Speed Amplifier (>=50MHz), High Supply Voltage Amplifier (>=30V)"; VariantName = "[No Variations]"
Add component (AddParameter): Name = "THD (Fc is 1 MHz)(Typ)(dB)"; Value = "-75"; VariantName = "[No Variations]"
Add component (AddParameter): Name = "Vio(Max)(mV)"; Value = "4"; VariantName = "[No Variations]"
Add component (AddParameter): Name = "Vn at Flatband(Typ)(nV/rtHz)"; Value = "2"; VariantName = "[No Variations]"
Add component (AddParameter): Name = "Vs(Max)(V)"; Value = "30"; VariantName = "[No Variations]"
Add component (AddParameter): Name = "Vs(Min)(V)"; Value = "10"; VariantName = "[No Variations]"
Added Component: Designator=U3(TI-DDA8-1775X1775TP_M)
Add component (AddParameter): Name = "2nd Harmonic(dBc)"; Value = "66"; VariantName = "[No Variations]"
Add component (AddParameter): Name = "3rd Harmonic(dBc)"; Value = "74"; VariantName = "[No Variations]"
Add component (AddParameter): Name = "@ MHz"; Value = "10"; VariantName = "[No Variations]"
Add component (AddParameter): Name = "Acl, min stable gain(V/V)"; Value = "1"; VariantName = "[No Variations]"
Add component (AddParameter): Name = "BW @ Acl(MHz)"; Value = "235"; VariantName = "[No Variations]"
Add component (AddParameter): Name = "Code_JEDEC"; Value = "MS-012"; VariantName = "[No Variations]"
Add component (AddParameter): Name = "ComponentLink1Description"; Value = "Manufacturer URL"; VariantName = "[No Variations]"
Add component (AddParameter): Name = "ComponentLink1URL"; Value = "http://www.ti.com/"; VariantName = "[No Variations]"
Add component (AddParameter): Name = "ComponentLink2Description"; Value = "Datasheet"; VariantName = "[No Variations]"
Add component (AddParameter): Name = "ComponentLink2URL"; Value = "http://www.ti.com/general/docs/lit/getliterature.tsp?genericPartNumber=THS3091&fileType=pdf"; VariantName = "[No Variations]"
Add component (AddParameter): Name = "ComponentLink3Description"; Value = "Package Specification"; VariantName = "[No Variations]"
Add component (AddParameter): Name = "ComponentLink3URL"; Value = "http://www.ti.com/litv/pdf/mpds092e"; VariantName = "[No Variations]"
Add component (AddParameter): Name = "DatasheetVersion"; Value = "SLOS423G"; VariantName = "[No Variations]"
Add component (AddParameter): Name = "Diff Gain(%)"; Value = "0.013"; VariantName = "[No Variations]"
Add component (AddParameter): Name = "Diff Phase(deg)"; Value = "0.02"; VariantName = "[No Variations]"
Add component (AddParameter): Name = "Eco-Plan"; Value = "Green (RoHS & no Sb/Br)"; VariantName = "[No Variations]"
Add component (AddParameter): Name = "Iib(Max)(nA)"; Value = "20000"; VariantName = "[No Variations]"
Add component (AddParameter): Name = "Io(Typ)(mA)"; Value = "250"; VariantName = "[No Variations]"
Add component (AddParameter): Name = "Iq per channel(Max)(mA)"; Value = "11"; VariantName = "[No Variations]"
Add component (AddParameter): Name = "Manufacturer"; Value = "Texas Instruments"; VariantName = "[No Variations]"
Add component (AddParameter): Name = "Mounting Technology"; Value = "Surface Mount"; VariantName = "[No Variations]"
Add component (AddParameter): Name = "Number of Channels"; Value = "1"; VariantName = "[No Variations]"
Add component (AddParameter): Name = "PackageDescription"; Value = "8-Pin PowerPAD(TM) Plastic Small Outline, Body 4.9 x 3.9 mm, Pitch 1.27 mm"; VariantName = "[No Variations]"
Add component (AddParameter): Name = "PackageReference"; Value = "DDA8-1775X1775TP"; VariantName = "[No Variations]"
Add component (AddParameter): Name = "PackageVersion"; Value = "4202561/F, 12/2011"; VariantName = "[No Variations]"
Add component (AddParameter): Name = "PartNumber"; Value = "THS3091DDARG3"; VariantName = "[No Variations]"
Add component (AddParameter): Name = "Settling Time (0.1%)(Typ)(ns)"; Value = "42"; VariantName = "[No Variations]"
Add component (AddParameter): Name = "Slew Rate(Typ)(V/us)"; Value = "7300"; VariantName = "[No Variations]"
Add component (AddParameter): Name = "Sub Family"; Value = "High Output Current Amplifier (>=50mA), High Speed Amplifier (>=50MHz), High Supply Voltage Amplifier (>=30V)"; VariantName = "[No Variations]"
Add component (AddParameter): Name = "THD (Fc is 1 MHz)(Typ)(dB)"; Value = "-75"; VariantName = "[No Variations]"
Add component (AddParameter): Name = "Vio(Max)(mV)"; Value = "4"; VariantName = "[No Variations]"
Add component (AddParameter): Name = "Vn at Flatband(Typ)(nV/rtHz)"; Value = "2"; VariantName = "[No Variations]"
Add component (AddParameter): Name = "Vs(Max)(V)"; Value = "30"; VariantName = "[No Variations]"
Add component (AddParameter): Name = "Vs(Min)(V)"; Value = "10"; VariantName = "[No Variations]"
Added Component: Designator=U4(TI-DDA8-1775X1775TP_M)
Add component (AddParameter): Name = "2nd Harmonic(dBc)"; Value = "66"; VariantName = "[No Variations]"
Add component (AddParameter): Name = "3rd Harmonic(dBc)"; Value = "74"; VariantName = "[No Variations]"
Add component (AddParameter): Name = "@ MHz"; Value = "10"; VariantName = "[No Variations]"
Add component (AddParameter): Name = "Acl, min stable gain(V/V)"; Value = "1"; VariantName = "[No Variations]"
Add component (AddParameter): Name = "BW @ Acl(MHz)"; Value = "235"; VariantName = "[No Variations]"
Add component (AddParameter): Name = "Code_JEDEC"; Value = "MS-012"; VariantName = "[No Variations]"
Add component (AddParameter): Name = "ComponentLink1Description"; Value = "Manufacturer URL"; VariantName = "[No Variations]"
Add component (AddParameter): Name = "ComponentLink1URL"; Value = "http://www.ti.com/"; VariantName = "[No Variations]"
Add component (AddParameter): Name = "ComponentLink2Description"; Value = "Datasheet"; VariantName = "[No Variations]"
Add component (AddParameter): Name = "ComponentLink2URL"; Value = "http://www.ti.com/general/docs/lit/getliterature.tsp?genericPartNumber=THS3091&fileType=pdf"; VariantName = "[No Variations]"
Add component (AddParameter): Name = "ComponentLink3Description"; Value = "Package Specification"; VariantName = "[No Variations]"
Add component (AddParameter): Name = "ComponentLink3URL"; Value = "http://www.ti.com/litv/pdf/mpds092e"; VariantName = "[No Variations]"
Add component (AddParameter): Name = "DatasheetVersion"; Value = "SLOS423G"; VariantName = "[No Variations]"
Add component (AddParameter): Name = "Diff Gain(%)"; Value = "0.013"; VariantName = "[No Variations]"
Add component (AddParameter): Name = "Diff Phase(deg)"; Value = "0.02"; VariantName = "[No Variations]"
Add component (AddParameter): Name = "Eco-Plan"; Value = "Green (RoHS & no Sb/Br)"; VariantName = "[No Variations]"
Add component (AddParameter): Name = "Iib(Max)(nA)"; Value = "20000"; VariantName = "[No Variations]"
Add component (AddParameter): Name = "Io(Typ)(mA)"; Value = "250"; VariantName = "[No Variations]"
Add component (AddParameter): Name = "Iq per channel(Max)(mA)"; Value = "11"; VariantName = "[No Variations]"
Add component (AddParameter): Name = "Manufacturer"; Value = "Texas Instruments"; VariantName = "[No Variations]"
Add component (AddParameter): Name = "Mounting Technology"; Value = "Surface Mount"; VariantName = "[No Variations]"
Add component (AddParameter): Name = "Number of Channels"; Value = "1"; VariantName = "[No Variations]"
Add component (AddParameter): Name = "PackageDescription"; Value = "8-Pin PowerPAD(TM) Plastic Small Outline, Body 4.9 x 3.9 mm, Pitch 1.27 mm"; VariantName = "[No Variations]"
Add component (AddParameter): Name = "PackageReference"; Value = "DDA8-1775X1775TP"; VariantName = "[No Variations]"
Add component (AddParameter): Name = "PackageVersion"; Value = "4202561/F, 12/2011"; VariantName = "[No Variations]"
Add component (AddParameter): Name = "PartNumber"; Value = "THS3091DDARG3"; VariantName = "[No Variations]"
Add component (AddParameter): Name = "Settling Time (0.1%)(Typ)(ns)"; Value = "42"; VariantName = "[No Variations]"
Add component (AddParameter): Name = "Slew Rate(Typ)(V/us)"; Value = "7300"; VariantName = "[No Variations]"
Add component (AddParameter): Name = "Sub Family"; Value = "High Output Current Amplifier (>=50mA), High Speed Amplifier (>=50MHz), High Supply Voltage Amplifier (>=30V)"; VariantName = "[No Variations]"
Add component (AddParameter): Name = "THD (Fc is 1 MHz)(Typ)(dB)"; Value = "-75"; VariantName = "[No Variations]"
Add component (AddParameter): Name = "Vio(Max)(mV)"; Value = "4"; VariantName = "[No Variations]"
Add component (AddParameter): Name = "Vn at Flatband(Typ)(nV/rtHz)"; Value = "2"; VariantName = "[No Variations]"
Add component (AddParameter): Name = "Vs(Max)(V)"; Value = "30"; VariantName = "[No Variations]"
Add component (AddParameter): Name = "Vs(Min)(V)"; Value = "10"; VariantName = "[No Variations]"
Added Component: Designator=U5(SOT-23-CH6_N)
Add component (AddParameter): Name = "Code_IPC"; Value = "SOT26A-6"; VariantName = "[No Variations]"
Add component (AddParameter): Name = "ComponentLink1Description"; Value = "Manufacturer URL"; VariantName = "[No Variations]"
Add component (AddParameter): Name = "ComponentLink1URL"; Value = "http://www.microchip.com/"; VariantName = "[No Variations]"
Add component (AddParameter): Name = "ComponentLink2Description"; Value = "Datasheet"; VariantName = "[No Variations]"
Add component (AddParameter): Name = "ComponentLink2URL"; Value = "http://ww1.microchip.com/downloads/en/DeviceDoc/22039d.pdf"; VariantName = "[No Variations]"
Add component (AddParameter): Name = "ComponentLink3Description"; Value = "Package Specification"; VariantName = "[No Variations]"
Add component (AddParameter): Name = "ComponentLink3URL"; Value = "http://www.microchip.com/stellent/groups/techpub_sg/documents/packagingspec/en012702.pdf"; VariantName = "[No Variations]"
Add component (AddParameter): Name = "DatasheetVersion"; Value = "revD, Jun-2009"; VariantName = "[No Variations]"
Add component (AddParameter): Name = "PackageDescription"; Value = "6-Lead Plastic Small Outline Transistor (CH) [SOT-23]"; VariantName = "[No Variations]"
Add component (AddParameter): Name = "PackageReference"; Value = "SOT-23-CH6"; VariantName = "[No Variations]"
Add component (AddParameter): Name = "PackageVersion"; Value = "revBB, Aug-2009"; VariantName = "[No Variations]"
Add component (AddParameter): Name = "RevisionNote"; Value = "URLs added."; VariantName = "[No Variations]"
Added Component: Designator=U6(SOT-23-CH6_N)
Add component (AddParameter): Name = "Code_IPC"; Value = "SOT26A-6"; VariantName = "[No Variations]"
Add component (AddParameter): Name = "ComponentLink1Description"; Value = "Manufacturer URL"; VariantName = "[No Variations]"
Add component (AddParameter): Name = "ComponentLink1URL"; Value = "http://www.microchip.com/"; VariantName = "[No Variations]"
Add component (AddParameter): Name = "ComponentLink2Description"; Value = "Datasheet"; VariantName = "[No Variations]"
Add component (AddParameter): Name = "ComponentLink2URL"; Value = "http://ww1.microchip.com/downloads/en/DeviceDoc/22039d.pdf"; VariantName = "[No Variations]"
Add component (AddParameter): Name = "ComponentLink3Description"; Value = "Package Specification"; VariantName = "[No Variations]"
Add component (AddParameter): Name = "ComponentLink3URL"; Value = "http://www.microchip.com/stellent/groups/techpub_sg/documents/packagingspec/en012702.pdf"; VariantName = "[No Variations]"
Add component (AddParameter): Name = "DatasheetVersion"; Value = "revD, Jun-2009"; VariantName = "[No Variations]"
Add component (AddParameter): Name = "PackageDescription"; Value = "6-Lead Plastic Small Outline Transistor (CH) [SOT-23]"; VariantName = "[No Variations]"
Add component (AddParameter): Name = "PackageReference"; Value = "SOT-23-CH6"; VariantName = "[No Variations]"
Add component (AddParameter): Name = "PackageVersion"; Value = "revBB, Aug-2009"; VariantName = "[No Variations]"
Add component (AddParameter): Name = "RevisionNote"; Value = "URLs added."; VariantName = "[No Variations]"
Added Component: Designator=U7(ONSC-SOT-223-4-318H-01_A_V)
Add component (AddParameter): Name = "Case Code (Imperial)"; Value = "0603"; VariantName = "[No Variations]"
Add component (AddParameter): Name = "Case Code (Metric)"; Value = "1608"; VariantName = "[No Variations]"
Add component (AddParameter): Name = "Case\Package"; Value = "0603"; VariantName = "[No Variations]"
Add component (AddParameter): Name = "ComponentLink1Description"; Value = "Manufacturer URL"; VariantName = "[No Variations]"
Add component (AddParameter): Name = "ComponentLink1URL"; Value = "http://www.onsemi.com/"; VariantName = "[No Variations]"
Add component (AddParameter): Name = "ComponentLink2Description"; Value = "Datasheet"; VariantName = "[No Variations]"
Add component (AddParameter): Name = "ComponentLink2URL"; Value = "http://www.onsemi.com/pub_link/Collateral/NCP1117-D.PDF"; VariantName = "[No Variations]"
Add component (AddParameter): Name = "DatasheetVersion"; Value = "Rev. 27, 09/2014"; VariantName = "[No Variations]"
Add component (AddParameter): Name = "Height"; Value = "0.45 mm"; VariantName = "[No Variations]"
Add component (AddParameter): Name = "Length"; Value = "1.55 mm"; VariantName = "[No Variations]"
Add component (AddParameter): Name = "Max Operating Temperature"; Value = "155 degC"; VariantName = "[No Variations]"
Add component (AddParameter): Name = "Min Operating Temperature"; Value = "-55 degC"; VariantName = "[No Variations]"
Add component (AddParameter): Name = "Mount"; Value = "Surface Mount"; VariantName = "[No Variations]"
Add component (AddParameter): Name = "Package Quantity"; Value = "5000"; VariantName = "[No Variations]"
Add component (AddParameter): Name = "PackageDescription"; Value = "4-Pin Small Outline Transistor, Body 6.5 x 3.5 mm, Pitch 2.3 mm"; VariantName = "[No Variations]"
Add component (AddParameter): Name = "PackageReference"; Value = "SOT-223-4-318H-01_A"; VariantName = "[No Variations]"
Add component (AddParameter): Name = "Packaging"; Value = "Tape and Reel"; VariantName = "[No Variations]"
Add component (AddParameter): Name = "Power Rating"; Value = "100 mW"; VariantName = "[No Variations]"
Add component (AddParameter): Name = "Radiation Hardening"; Value = "No"; VariantName = "[No Variations]"
Add component (AddParameter): Name = "REACH SVHC"; Value = "Unknown"; VariantName = "[No Variations]"
Add component (AddParameter): Name = "Resistance"; Value = "220 kohm"; VariantName = "[No Variations]"
Add component (AddParameter): Name = "RoHSCompliant"; Value = "true"; VariantName = "[No Variations]"
Add component (AddParameter): Name = "Tolerance"; Value = "1%"; VariantName = "[No Variations]"
Add component (AddParameter): Name = "Type (Resistor)"; Value = "Thick Film"; VariantName = "[No Variations]"
Add component (AddParameter): Name = "Voltage Rating"; Value = "75 V"; VariantName = "[No Variations]"
Add component (AddParameter): Name = "Weight"; Value = "7.1E-05 oz"; VariantName = "[No Variations]"
Add component (AddParameter): Name = "Width"; Value = "0.85 mm"; VariantName = "[No Variations]"
Added Component: Designator=U8(FP-UX-MFG)
Add component (AddParameter): Name = "RoHS Compliant"; Value = "Yes"; VariantName = "[No Variations]"
Added Component: Designator=U9(QFN-56-EP)
Add component (AddParameter): Name = "Manufacturer"; Value = "Raspberry Pi"; VariantName = "[No Variations]"
Add component (AddParameter): Name = "Manufacturer Part Number"; Value = "RP2040"; VariantName = "[No Variations]"
Added Component: Designator=U10(FP-K10-1-IPC_A)
Add component (AddParameter): Name = "Ambient Temperature Range High"; Value = "85°C"; VariantName = "[No Variations]"
Add component (AddParameter): Name = "Case/Package"; Value = "MSOP"; VariantName = "[No Variations]"
Add component (AddParameter): Name = "Channel Type"; Value = "Unidirectional"; VariantName = "[No Variations]"
Add component (AddParameter): Name = "Data Rate"; Value = "2.5Gbps"; VariantName = "[No Variations]"
Add component (AddParameter): Name = "Frequency"; Value = "2.5GHz"; VariantName = "[No Variations]"
Add component (AddParameter): Name = "Height"; Value = "920µm"; VariantName = "[No Variations]"
Add component (AddParameter): Name = "High Level Output Current"; Value = "-50mA"; VariantName = "[No Variations]"
Add component (AddParameter): Name = "Lead Free"; Value = "Lead Free"; VariantName = "[No Variations]"
Add component (AddParameter): Name = "Length"; Value = "3mm"; VariantName = "[No Variations]"
Add component (AddParameter): Name = "Lifecycle Status"; Value = "Production"; VariantName = "[No Variations]"
Add component (AddParameter): Name = "Logic Function"; Value = "Translator"; VariantName = "[No Variations]"
Add component (AddParameter): Name = "Low Level Output Current"; Value = "50mA"; VariantName = "[No Variations]"
Add component (AddParameter): Name = "Max Operating Temperature"; Value = "85°C"; VariantName = "[No Variations]"
Add component (AddParameter): Name = "Max Supply Voltage"; Value = "3.6V"; VariantName = "[No Variations]"
Add component (AddParameter): Name = "Min Operating Temperature"; Value = "-40°C"; VariantName = "[No Variations]"
Add component (AddParameter): Name = "Min Supply Voltage"; Value = "3V"; VariantName = "[No Variations]"
Add component (AddParameter): Name = "Mount"; Value = "Surface Mount"; VariantName = "[No Variations]"
Add component (AddParameter): Name = "NexarPartId"; Value = "66526369"; VariantName = "[No Variations]"
Add component (AddParameter): Name = "Nominal Supply Current"; Value = "28mA"; VariantName = "[No Variations]"
Add component (AddParameter): Name = "Number of Channels"; Value = "2"; VariantName = "[No Variations]"
Add component (AddParameter): Name = "Number of Circuits"; Value = "1"; VariantName = "[No Variations]"
Add component (AddParameter): Name = "Number of Inputs"; Value = "1"; VariantName = "[No Variations]"
Add component (AddParameter): Name = "Number of Outputs"; Value = "1"; VariantName = "[No Variations]"
Add component (AddParameter): Name = "Number of Pins"; Value = "10"; VariantName = "[No Variations]"
Add component (AddParameter): Name = "Operating Supply Voltage"; Value = "3.3V"; VariantName = "[No Variations]"
Add component (AddParameter): Name = "Packaging"; Value = "Bulk"; VariantName = "[No Variations]"
Add component (AddParameter): Name = "Propagation Delay"; Value = "400ps"; VariantName = "[No Variations]"
Add component (AddParameter): Name = "Radiation Hardening"; Value = "No"; VariantName = "[No Variations]"
Add component (AddParameter): Name = "REACH SVHC"; Value = "No SVHC"; VariantName = "[No Variations]"
Add component (AddParameter): Name = "Rise Time"; Value = "200ps"; VariantName = "[No Variations]"
Add component (AddParameter): Name = "RoHS"; Value = "Compliant"; VariantName = "[No Variations]"
Add component (AddParameter): Name = "Schedule B"; Value = "8542320050"; VariantName = "[No Variations]"
Add component (AddParameter): Name = "Termination"; Value = "SMD/SMT"; VariantName = "[No Variations]"
Add component (AddParameter): Name = "Turn-On Delay Time"; Value = "400ps"; VariantName = "[No Variations]"
Add component (AddParameter): Name = "Width"; Value = "3mm"; VariantName = "[No Variations]"
Added Component: Designator=U11(FP-D0008A-MFG)
Add component (AddParameter): Name = "Ambient Temperature Range High"; Value = "+125°C"; VariantName = "[No Variations]"
Add component (AddParameter): Name = "Ambient Temperature Range Low"; Value = "-40°C"; VariantName = "[No Variations]"
Add component (AddParameter): Name = "Automotive"; Value = "No"; VariantName = "[No Variations]"
Add component (AddParameter): Name = "Category"; Value = "IC"; VariantName = "[No Variations]"
Add component (AddParameter): Name = "ComponentLink2Description"; Value = "Datasheet"; VariantName = "[No Variations]"
Add component (AddParameter): Name = "ComponentLink2URL"; Value = "http://www.ti.com/lit/ds/symlink/opa2197.pdf"; VariantName = "[No Variations]"
Add component (AddParameter): Name = "Device Class L1"; Value = "Integrated Circuits (ICs)"; VariantName = "[No Variations]"
Add component (AddParameter): Name = "Device Class L2"; Value = "Linear ICs"; VariantName = "[No Variations]"
Add component (AddParameter): Name = "Device Class L3"; Value = "Amplifiers - Op Amps"; VariantName = "[No Variations]"
Add component (AddParameter): Name = "Digikey Description"; Value = "IC OP AMP GP RR 10MHZ 8-SOIC"; VariantName = "[No Variations]"
Add component (AddParameter): Name = "Gain Bandwidth"; Value = "10MHz"; VariantName = "[No Variations]"
Add component (AddParameter): Name = "Height"; Value = "1.75mm"; VariantName = "[No Variations]"
Add component (AddParameter): Name = "Input Bias Current"; Value = "0.000005uA"; VariantName = "[No Variations]"
Add component (AddParameter): Name = "Input Offset Voltage"; Value = "0.025mV"; VariantName = "[No Variations]"
Add component (AddParameter): Name = "Ipc Land Pattern Name"; Value = "SOIC127P600X175-8"; VariantName = "[No Variations]"
Add component (AddParameter): Name = "Lead Free"; Value = "Yes"; VariantName = "[No Variations]"
Add component (AddParameter): Name = "Manufacturer"; Value = "Texas Instruments"; VariantName = "[No Variations]"
Add component (AddParameter): Name = "Manufacturer Part Number"; Value = "OPA2197IDR"; VariantName = "[No Variations]"
Add component (AddParameter): Name = "Max Dual Supply Voltage"; Value = "18V"; VariantName = "[No Variations]"
Add component (AddParameter): Name = "Max Junction Temp"; Value = "+150°C"; VariantName = "[No Variations]"
Add component (AddParameter): Name = "Max Supply Voltage"; Value = "36V"; VariantName = "[No Variations]"
Add component (AddParameter): Name = "Min Dual Supply Voltage"; Value = "2.25V"; VariantName = "[No Variations]"
Add component (AddParameter): Name = "Min Supply Voltage"; Value = "4.5V"; VariantName = "[No Variations]"
Add component (AddParameter): Name = "Nominal Supply Current"; Value = "1mA"; VariantName = "[No Variations]"
Add component (AddParameter): Name = "Number Of Channels"; Value = "2"; VariantName = "[No Variations]"
Add component (AddParameter): Name = "Octopart"; Value = "https://octopart.com/opa2197idr-texas+instruments-75179702"; VariantName = "[No Variations]"
Add component (AddParameter): Name = "Output Current Per Channel"; Value = "65mA"; VariantName = "[No Variations]"
Add component (AddParameter): Name = "Package"; Value = "D0008A"; VariantName = "[No Variations]"
Add component (AddParameter): Name = "RoHS"; Value = "TRUE"; VariantName = "[No Variations]"
Add component (AddParameter): Name = "Standoff Height"; Value = "0.11mm"; VariantName = "[No Variations]"
Add component (AddParameter): Name = "Temperature"; Value = "-40°C to +125°C"; VariantName = "[No Variations]"
Add component (AddParameter): Name = "Temperature Range High"; Value = "+125°C"; VariantName = "[No Variations]"
Add component (AddParameter): Name = "Temperature Range Low"; Value = "-40°C"; VariantName = "[No Variations]"
Add component (AddParameter): Name = "Voltage Gain"; Value = "134-143dB"; VariantName = "[No Variations]"
Added Component: Designator=U12(SOIC-SN8_M)
Add component (AddParameter): Name = "Code_IPC"; Value = "SOIC127P600-8"; VariantName = "[No Variations]"
Add component (AddParameter): Name = "Code_JEDEC"; Value = "MS-012"; VariantName = "[No Variations]"
Add component (AddParameter): Name = "DatasheetVersion"; Value = "revF, Oct-2008"; VariantName = "[No Variations]"
Add component (AddParameter): Name = "PackageDescription"; Value = "8-Lead Plastic Small Outline (SN) - Narrow, 3.90mm Body [SOIC]"; VariantName = "[No Variations]"
Add component (AddParameter): Name = "PackageReference"; Value = "SOIC-SN8"; VariantName = "[No Variations]"
Add component (AddParameter): Name = "PackageVersion"; Value = "revBB, Aug-2009"; VariantName = "[No Variations]"
Added Component: Designator=X1(ABM8272T3)
Add component (AddParameter): Name = "Datasheet Link"; Value = "https://abracon.com/datasheets/ABM8-272-T3.pdf"; VariantName = "[No Variations]"
Add component (AddParameter): Name = "Geometry.Height"; Value = "0.8mm"; VariantName = "[No Variations]"
Add component (AddParameter): Name = "Manufacturer_Name"; Value = "ABRACON"; VariantName = "[No Variations]"
Add component (AddParameter): Name = "Manufacturer_Part_Number"; Value = "ABM8-272-T3"; VariantName = "[No Variations]"
Add component (AddParameter): Name = "Mouser Part Number"; Value = "815-ABM8-272-T3"; VariantName = "[No Variations]"
Add component (AddParameter): Name = "Mouser Price/Stock"; Value = "https://www.mouser.co.uk/ProductDetail/ABRACON/ABM8-272-T3?qs=QpmGXVUTftEj6miOiJBMxQ%3D%3D"; VariantName = "[No Variations]"
Added Component: Designator=Y1(FP-ABM8G-MFG)
Add component (AddParameter): Name = "Case/Package"; Value = "SMD/SMT"; VariantName = "[No Variations]"
Add component (AddParameter): Name = "ESR (Equivalent Series Resistance)"; Value = "60R"; VariantName = "[No Variations]"
Add component (AddParameter): Name = "Frequency"; Value = "25MHz"; VariantName = "[No Variations]"
Add component (AddParameter): Name = "Frequency Stability"; Value = "30ppm"; VariantName = "[No Variations]"
Add component (AddParameter): Name = "Frequency Tolerance"; Value = "30ppm"; VariantName = "[No Variations]"
Add component (AddParameter): Name = "Height"; Value = "0.039inch"; VariantName = "[No Variations]"
Add component (AddParameter): Name = "Length"; Value = "0.126inch"; VariantName = "[No Variations]"
Add component (AddParameter): Name = "Load Capacitance"; Value = "10pF"; VariantName = "[No Variations]"
Add component (AddParameter): Name = "Max Operating Temperature"; Value = "70°C"; VariantName = "[No Variations]"
Add component (AddParameter): Name = "Min Operating Temperature"; Value = "-20°C"; VariantName = "[No Variations]"
Add component (AddParameter): Name = "Mount"; Value = "Surface Mount"; VariantName = "[No Variations]"
Add component (AddParameter): Name = "Number of Pins"; Value = "4"; VariantName = "[No Variations]"
Add component (AddParameter): Name = "Package Quantity"; Value = "3000"; VariantName = "[No Variations]"
Add component (AddParameter): Name = "Packaging"; Value = "Tape and Reel"; VariantName = "[No Variations]"
Add component (AddParameter): Name = "Series"; Value = "ABM8G"; VariantName = "[No Variations]"
Add component (AddParameter): Name = "Termination"; Value = "SMD/SMT"; VariantName = "[No Variations]"
Add component (AddParameter): Name = "Tolerance"; Value = "30ppm"; VariantName = "[No Variations]"
Add component (AddParameter): Name = "Width"; Value = "2.5mm"; VariantName = "[No Variations]"
Added Pin To Net: NetName=+1V1 Pin=C79-1
Added Pin To Net: NetName=+1V1 Pin=C80-1
Added Pin To Net: NetName=+1V1 Pin=U9-23
Added Pin To Net: NetName=+1V1 Pin=U9-45
Added Pin To Net: NetName=+1V1 Pin=U9-50
Added Net: Name=+1V1
Added Pin To Net: NetName=+3V3_CONN Pin=D14-2
Added Pin To Net: NetName=+3V3_CONN Pin=J1-11
Added Pin To Net: NetName=+3V3_CONN Pin=J1-12
Added Net: Name=+3V3_CONN
Added Pin To Net: NetName=+3V3 Pin=B1-9
Added Pin To Net: NetName=+3V3 Pin=B7-8
Added Pin To Net: NetName=+3V3 Pin=B15-1
Added Pin To Net: NetName=+3V3 Pin=B15-7
Added Pin To Net: NetName=+3V3 Pin=B16-5
Added Pin To Net: NetName=+3V3 Pin=B16-9
Added Pin To Net: NetName=+3V3 Pin=B16-23
Added Pin To Net: NetName=+3V3 Pin=B17-5
Added Pin To Net: NetName=+3V3 Pin=B17-9
Added Pin To Net: NetName=+3V3 Pin=B17-23
Added Pin To Net: NetName=+3V3 Pin=C6-1
Added Pin To Net: NetName=+3V3 Pin=C7-1
Added Pin To Net: NetName=+3V3 Pin=C42-2
Added Pin To Net: NetName=+3V3 Pin=C43-2
Added Pin To Net: NetName=+3V3 Pin=C64-1
Added Pin To Net: NetName=+3V3 Pin=C65-A
Added Pin To Net: NetName=+3V3 Pin=C66-1
Added Pin To Net: NetName=+3V3 Pin=C67-A
Added Pin To Net: NetName=+3V3 Pin=C72-1
Added Pin To Net: NetName=+3V3 Pin=C73-1
Added Pin To Net: NetName=+3V3 Pin=C74-1
Added Pin To Net: NetName=+3V3 Pin=C75-1
Added Pin To Net: NetName=+3V3 Pin=C76-1
Added Pin To Net: NetName=+3V3 Pin=C77-1
Added Pin To Net: NetName=+3V3 Pin=C78-1
Added Pin To Net: NetName=+3V3 Pin=C81-2
Added Pin To Net: NetName=+3V3 Pin=C82-1
Added Pin To Net: NetName=+3V3 Pin=C134-2
Added Pin To Net: NetName=+3V3 Pin=C135-2
Added Pin To Net: NetName=+3V3 Pin=C136-1
Added Pin To Net: NetName=+3V3 Pin=C137-1
Added Pin To Net: NetName=+3V3 Pin=C138-1
Added Pin To Net: NetName=+3V3 Pin=C150-1
Added Pin To Net: NetName=+3V3 Pin=C151-1
Added Pin To Net: NetName=+3V3 Pin=C152-1
Added Pin To Net: NetName=+3V3 Pin=C168-2
Added Pin To Net: NetName=+3V3 Pin=C169-2
Added Pin To Net: NetName=+3V3 Pin=C177-2
Added Pin To Net: NetName=+3V3 Pin=C178-2
Added Pin To Net: NetName=+3V3 Pin=D1-1
Added Pin To Net: NetName=+3V3 Pin=D14-1
Added Pin To Net: NetName=+3V3 Pin=D16-1
Added Pin To Net: NetName=+3V3 Pin=FB2-1
Added Pin To Net: NetName=+3V3 Pin=J4-5
Added Pin To Net: NetName=+3V3 Pin=J5-6
Added Pin To Net: NetName=+3V3 Pin=R1-2
Added Pin To Net: NetName=+3V3 Pin=R28-2
Added Pin To Net: NetName=+3V3 Pin=R29-2
Added Pin To Net: NetName=+3V3 Pin=R30-2
Added Pin To Net: NetName=+3V3 Pin=R34-2
Added Pin To Net: NetName=+3V3 Pin=R38-1
Added Pin To Net: NetName=+3V3 Pin=R47-1
Added Pin To Net: NetName=+3V3 Pin=R49-2
Added Pin To Net: NetName=+3V3 Pin=R50-2
Added Pin To Net: NetName=+3V3 Pin=R51-2
Added Pin To Net: NetName=+3V3 Pin=R52-2
Added Pin To Net: NetName=+3V3 Pin=R61-2
Added Pin To Net: NetName=+3V3 Pin=R63-2
Added Pin To Net: NetName=+3V3 Pin=R70-1
Added Pin To Net: NetName=+3V3 Pin=R115-2
Added Pin To Net: NetName=+3V3 Pin=R116-2
Added Pin To Net: NetName=+3V3 Pin=R117-2
Added Pin To Net: NetName=+3V3 Pin=R118-2
Added Pin To Net: NetName=+3V3 Pin=R133-2
Added Pin To Net: NetName=+3V3 Pin=R134-2
Added Pin To Net: NetName=+3V3 Pin=R135-2
Added Pin To Net: NetName=+3V3 Pin=R136-2
Added Pin To Net: NetName=+3V3 Pin=U5-3
Added Pin To Net: NetName=+3V3 Pin=U6-3
Added Pin To Net: NetName=+3V3 Pin=U8-8
Added Pin To Net: NetName=+3V3 Pin=U9-1
Added Pin To Net: NetName=+3V3 Pin=U9-10
Added Pin To Net: NetName=+3V3 Pin=U9-22
Added Pin To Net: NetName=+3V3 Pin=U9-33
Added Pin To Net: NetName=+3V3 Pin=U9-42
Added Pin To Net: NetName=+3V3 Pin=U9-43
Added Pin To Net: NetName=+3V3 Pin=U9-44
Added Pin To Net: NetName=+3V3 Pin=U9-48
Added Pin To Net: NetName=+3V3 Pin=U9-49
Added Pin To Net: NetName=+3V3 Pin=U10-10
Added Pin To Net: NetName=+3V3 Pin=U12-8
Added Net: Name=+3V3
Added Pin To Net: NetName=+5V_CONN Pin=D13-2
Added Pin To Net: NetName=+5V_CONN Pin=J1-4
Added Net: Name=+5V_CONN
Added Pin To Net: NetName=+5V Pin=C1-1
Added Pin To Net: NetName=+5V Pin=C2-1
Added Pin To Net: NetName=+5V Pin=C68-1
Added Pin To Net: NetName=+5V Pin=D2-1
Added Pin To Net: NetName=+5V Pin=D13-1
Added Pin To Net: NetName=+5V Pin=D15-1
Added Pin To Net: NetName=+5V Pin=FB1-1
Added Pin To Net: NetName=+5V Pin=J4-1
Added Pin To Net: NetName=+5V Pin=J5-7
Added Pin To Net: NetName=+5V Pin=J6-1
Added Pin To Net: NetName=+5V Pin=R2-2
Added Pin To Net: NetName=+5V Pin=U7-3
Added Net: Name=+5V
Added Pin To Net: NetName=+15V Pin=C21-1
Added Pin To Net: NetName=+15V Pin=C22-1
Added Pin To Net: NetName=+15V Pin=D10-1
Added Pin To Net: NetName=+15V Pin=FB5-1
Added Pin To Net: NetName=+15V Pin=J1-3
Added Pin To Net: NetName=+15V Pin=R3-2
Added Net: Name=+15V
Added Pin To Net: NetName=+A3V3 Pin=B16-12
Added Pin To Net: NetName=+A3V3 Pin=B16-29
Added Pin To Net: NetName=+A3V3 Pin=B17-12
Added Pin To Net: NetName=+A3V3 Pin=B17-29
Added Pin To Net: NetName=+A3V3 Pin=C8-1
Added Pin To Net: NetName=+A3V3 Pin=C9-1
Added Pin To Net: NetName=+A3V3 Pin=C10-1
Added Pin To Net: NetName=+A3V3 Pin=C139-1
Added Pin To Net: NetName=+A3V3 Pin=C140-1
Added Pin To Net: NetName=+A3V3 Pin=C141-1
Added Pin To Net: NetName=+A3V3 Pin=C153-1
Added Pin To Net: NetName=+A3V3 Pin=C154-1
Added Pin To Net: NetName=+A3V3 Pin=C155-1
Added Pin To Net: NetName=+A3V3 Pin=C173-2
Added Pin To Net: NetName=+A3V3 Pin=C174-2
Added Pin To Net: NetName=+A3V3 Pin=FB2-2
Added Pin To Net: NetName=+A3V3 Pin=R84-1
Added Pin To Net: NetName=+A3V3 Pin=R88-1
Added Net: Name=+A3V3
Added Pin To Net: NetName=+A5V Pin=B2-8
Added Pin To Net: NetName=+A5V Pin=B3-7
Added Pin To Net: NetName=+A5V Pin=B4-8
Added Pin To Net: NetName=+A5V Pin=B5-7
Added Pin To Net: NetName=+A5V Pin=B8-7
Added Pin To Net: NetName=+A5V Pin=B9-7
Added Pin To Net: NetName=+A5V Pin=B10-7
Added Pin To Net: NetName=+A5V Pin=B11-7
Added Pin To Net: NetName=+A5V Pin=B13-6
Added Pin To Net: NetName=+A5V Pin=B13-9
Added Pin To Net: NetName=+A5V Pin=B14-6
Added Pin To Net: NetName=+A5V Pin=B14-9
Added Pin To Net: NetName=+A5V Pin=B18-9
Added Pin To Net: NetName=+A5V Pin=C3-1
Added Pin To Net: NetName=+A5V Pin=C4-1
Added Pin To Net: NetName=+A5V Pin=C5-1
Added Pin To Net: NetName=+A5V Pin=C44-2
Added Pin To Net: NetName=+A5V Pin=C45-2
Added Pin To Net: NetName=+A5V Pin=C48-2
Added Pin To Net: NetName=+A5V Pin=C49-2
Added Pin To Net: NetName=+A5V Pin=C50-2
Added Pin To Net: NetName=+A5V Pin=C53-2
Added Pin To Net: NetName=+A5V Pin=C54-2
Added Pin To Net: NetName=+A5V Pin=C55-2
Added Pin To Net: NetName=+A5V Pin=C58-2
Added Pin To Net: NetName=+A5V Pin=C59-2
Added Pin To Net: NetName=+A5V Pin=C60-2
Added Pin To Net: NetName=+A5V Pin=C63-2
Added Pin To Net: NetName=+A5V Pin=C85-2
Added Pin To Net: NetName=+A5V Pin=C86-2
Added Pin To Net: NetName=+A5V Pin=C87-2
Added Pin To Net: NetName=+A5V Pin=C88-2
Added Pin To Net: NetName=+A5V Pin=C89-2
Added Pin To Net: NetName=+A5V Pin=C90-2
Added Pin To Net: NetName=+A5V Pin=C95-2
Added Pin To Net: NetName=+A5V Pin=C96-2
Added Pin To Net: NetName=+A5V Pin=C97-2
Added Pin To Net: NetName=+A5V Pin=C98-2
Added Pin To Net: NetName=+A5V Pin=C99-2
Added Pin To Net: NetName=+A5V Pin=C100-2
Added Pin To Net: NetName=+A5V Pin=C121-2
Added Pin To Net: NetName=+A5V Pin=C122-2
Added Pin To Net: NetName=+A5V Pin=C132-2
Added Pin To Net: NetName=+A5V Pin=C133-2
Added Pin To Net: NetName=+A5V Pin=C175-2
Added Pin To Net: NetName=+A5V Pin=C176-2
Added Pin To Net: NetName=+A5V Pin=FB1-2
Added Pin To Net: NetName=+A5V Pin=R91-2
Added Pin To Net: NetName=+A5V Pin=R92-2
Added Pin To Net: NetName=+A5V Pin=R98-2
Added Pin To Net: NetName=+A5V Pin=R100-2
Added Pin To Net: NetName=+A5V Pin=R101-2
Added Pin To Net: NetName=+A5V Pin=R107-2
Added Pin To Net: NetName=+A5V Pin=RLY1-8
Added Pin To Net: NetName=+A5V Pin=RLY2-8
Added Pin To Net: NetName=+A5V Pin=U11-8
Added Net: Name=+A5V
Added Pin To Net: NetName=+A15V Pin=B12-4
Added Pin To Net: NetName=+A15V Pin=C23-1
Added Pin To Net: NetName=+A15V Pin=C24-1
Added Pin To Net: NetName=+A15V Pin=C25-1
Added Pin To Net: NetName=+A15V Pin=C26-1
Added Pin To Net: NetName=+A15V Pin=C27-1
Added Pin To Net: NetName=+A15V Pin=C28-1
Added Pin To Net: NetName=+A15V Pin=C29-1
Added Pin To Net: NetName=+A15V Pin=C34-1
Added Pin To Net: NetName=+A15V Pin=C35-1
Added Pin To Net: NetName=+A15V Pin=C36-1
Added Pin To Net: NetName=+A15V Pin=C37-1
Added Pin To Net: NetName=+A15V Pin=C108-2
Added Pin To Net: NetName=+A15V Pin=C109-2
Added Pin To Net: NetName=+A15V Pin=FB5-2
Added Pin To Net: NetName=+A15V Pin=U1-7
Added Pin To Net: NetName=+A15V Pin=U2-7
Added Pin To Net: NetName=+A15V Pin=U3-7
Added Pin To Net: NetName=+A15V Pin=U4-7
Added Net: Name=+A15V
Added Pin To Net: NetName=-5V Pin=C11-1
Added Pin To Net: NetName=-5V Pin=C12-1
Added Pin To Net: NetName=-5V Pin=D3-2
Added Pin To Net: NetName=-5V Pin=FB3-1
Added Pin To Net: NetName=-5V Pin=J1-8
Added Pin To Net: NetName=-5V Pin=R4-2
Added Net: Name=-5V
Added Pin To Net: NetName=-15V Pin=C16-1
Added Pin To Net: NetName=-15V Pin=C17-1
Added Pin To Net: NetName=-15V Pin=D4-2
Added Pin To Net: NetName=-15V Pin=FB4-1
Added Pin To Net: NetName=-15V Pin=J1-7
Added Pin To Net: NetName=-15V Pin=R5-2
Added Net: Name=-15V
Added Pin To Net: NetName=-A5V Pin=B2-4
Added Pin To Net: NetName=-A5V Pin=B3-4
Added Pin To Net: NetName=-A5V Pin=B4-4
Added Pin To Net: NetName=-A5V Pin=B5-4
Added Pin To Net: NetName=-A5V Pin=B8-4
Added Pin To Net: NetName=-A5V Pin=B9-4
Added Pin To Net: NetName=-A5V Pin=B10-4
Added Pin To Net: NetName=-A5V Pin=B11-4
Added Pin To Net: NetName=-A5V Pin=C13-1
Added Pin To Net: NetName=-A5V Pin=C14-1
Added Pin To Net: NetName=-A5V Pin=C15-1
Added Pin To Net: NetName=-A5V Pin=C46-2
Added Pin To Net: NetName=-A5V Pin=C47-2
Added Pin To Net: NetName=-A5V Pin=C48-1
Added Pin To Net: NetName=-A5V Pin=C51-2
Added Pin To Net: NetName=-A5V Pin=C52-2
Added Pin To Net: NetName=-A5V Pin=C53-1
Added Pin To Net: NetName=-A5V Pin=C56-2
Added Pin To Net: NetName=-A5V Pin=C57-2
Added Pin To Net: NetName=-A5V Pin=C58-1
Added Pin To Net: NetName=-A5V Pin=C61-2
Added Pin To Net: NetName=-A5V Pin=C62-2
Added Pin To Net: NetName=-A5V Pin=C63-1
Added Pin To Net: NetName=-A5V Pin=C89-1
Added Pin To Net: NetName=-A5V Pin=C90-1
Added Pin To Net: NetName=-A5V Pin=C91-1
Added Pin To Net: NetName=-A5V Pin=C92-1
Added Pin To Net: NetName=-A5V Pin=C93-1
Added Pin To Net: NetName=-A5V Pin=C94-1
Added Pin To Net: NetName=-A5V Pin=C99-1
Added Pin To Net: NetName=-A5V Pin=C100-1
Added Pin To Net: NetName=-A5V Pin=C101-1
Added Pin To Net: NetName=-A5V Pin=C102-1
Added Pin To Net: NetName=-A5V Pin=C103-1
Added Pin To Net: NetName=-A5V Pin=C104-1
Added Pin To Net: NetName=-A5V Pin=FB3-2
Added Net: Name=-A5V
Added Pin To Net: NetName=-A15V Pin=B12-11
Added Pin To Net: NetName=-A15V Pin=C18-1
Added Pin To Net: NetName=-A15V Pin=C19-1
Added Pin To Net: NetName=-A15V Pin=C20-1
Added Pin To Net: NetName=-A15V Pin=C30-1
Added Pin To Net: NetName=-A15V Pin=C31-1
Added Pin To Net: NetName=-A15V Pin=C32-1
Added Pin To Net: NetName=-A15V Pin=C33-1
Added Pin To Net: NetName=-A15V Pin=C38-1
Added Pin To Net: NetName=-A15V Pin=C39-1
Added Pin To Net: NetName=-A15V Pin=C40-1
Added Pin To Net: NetName=-A15V Pin=C41-1
Added Pin To Net: NetName=-A15V Pin=C110-2
Added Pin To Net: NetName=-A15V Pin=C111-2
Added Pin To Net: NetName=-A15V Pin=FB4-2
Added Pin To Net: NetName=-A15V Pin=U1-4
Added Pin To Net: NetName=-A15V Pin=U2-4
Added Pin To Net: NetName=-A15V Pin=U3-4
Added Pin To Net: NetName=-A15V Pin=U4-4
Added Net: Name=-A15V
Added Pin To Net: NetName=\USB_BOOT Pin=R68-1
Added Pin To Net: NetName=\USB_BOOT Pin=SW1-3
Added Net: Name=\USB_BOOT
Added Pin To Net: NetName=AD9102_CAL_SENSE_DDS1 Pin=B16-24
Added Net: Name=AD9102_CAL_SENSE_DDS1
Added Pin To Net: NetName=AD9102_CAL_SENSE_DDS2 Pin=B17-24
Added Net: Name=AD9102_CAL_SENSE_DDS2
Added Pin To Net: NetName=AD9102_CLDO_DDS1 Pin=B16-22
Added Pin To Net: NetName=AD9102_CLDO_DDS1 Pin=C144-2
Added Pin To Net: NetName=AD9102_CLDO_DDS1 Pin=C145-2
Added Net: Name=AD9102_CLDO_DDS1
Added Pin To Net: NetName=AD9102_CLDO_DDS2 Pin=B17-22
Added Pin To Net: NetName=AD9102_CLDO_DDS2 Pin=C158-2
Added Pin To Net: NetName=AD9102_CLDO_DDS2 Pin=C159-2
Added Net: Name=AD9102_CLDO_DDS2
Added Pin To Net: NetName=AD9102_CLK_DDS1_N Pin=B16-20
Added Pin To Net: NetName=AD9102_CLK_DDS1_N Pin=C164-1
Added Net: Name=AD9102_CLK_DDS1_N
Added Pin To Net: NetName=AD9102_CLK_DDS1_P Pin=B16-21
Added Pin To Net: NetName=AD9102_CLK_DDS1_P Pin=C165-1
Added Net: Name=AD9102_CLK_DDS1_P
Added Pin To Net: NetName=AD9102_CLK_DDS2_N Pin=B17-20
Added Pin To Net: NetName=AD9102_CLK_DDS2_N Pin=C166-1
Added Net: Name=AD9102_CLK_DDS2_N
Added Pin To Net: NetName=AD9102_CLK_DDS2_P Pin=B17-21
Added Pin To Net: NetName=AD9102_CLK_DDS2_P Pin=C167-1
Added Net: Name=AD9102_CLK_DDS2_P
Added Pin To Net: NetName=AD9102_DLDO1_DDS1 Pin=B16-6
Added Pin To Net: NetName=AD9102_DLDO1_DDS1 Pin=C146-2
Added Pin To Net: NetName=AD9102_DLDO1_DDS1 Pin=C147-2
Added Net: Name=AD9102_DLDO1_DDS1
Added Pin To Net: NetName=AD9102_DLDO1_DDS2 Pin=B17-6
Added Pin To Net: NetName=AD9102_DLDO1_DDS2 Pin=C160-2
Added Pin To Net: NetName=AD9102_DLDO1_DDS2 Pin=C161-2
Added Net: Name=AD9102_DLDO1_DDS2
Added Pin To Net: NetName=AD9102_DLDO2_DDS1 Pin=B16-4
Added Pin To Net: NetName=AD9102_DLDO2_DDS1 Pin=C148-2
Added Pin To Net: NetName=AD9102_DLDO2_DDS1 Pin=C149-2
Added Net: Name=AD9102_DLDO2_DDS1
Added Pin To Net: NetName=AD9102_DLDO2_DDS2 Pin=B17-4
Added Pin To Net: NetName=AD9102_DLDO2_DDS2 Pin=C162-2
Added Pin To Net: NetName=AD9102_DLDO2_DDS2 Pin=C163-2
Added Net: Name=AD9102_DLDO2_DDS2
Added Pin To Net: NetName=AGND Pin=B9-3
Added Pin To Net: NetName=AGND Pin=B11-3
Added Pin To Net: NetName=AGND Pin=B13-10
Added Pin To Net: NetName=AGND Pin=B13-18
Added Pin To Net: NetName=AGND Pin=B13-21
Added Pin To Net: NetName=AGND Pin=B14-10
Added Pin To Net: NetName=AGND Pin=B14-18
Added Pin To Net: NetName=AGND Pin=B14-21
Added Pin To Net: NetName=AGND Pin=B16-15
Added Pin To Net: NetName=AGND Pin=B16-26
Added Pin To Net: NetName=AGND Pin=B17-15
Added Pin To Net: NetName=AGND Pin=B17-26
Added Pin To Net: NetName=AGND Pin=B18-3
Added Pin To Net: NetName=AGND Pin=B18-4
Added Pin To Net: NetName=AGND Pin=B18-5
Added Pin To Net: NetName=AGND Pin=C3-2
Added Pin To Net: NetName=AGND Pin=C4-2
Added Pin To Net: NetName=AGND Pin=C5-2
Added Pin To Net: NetName=AGND Pin=C8-2
Added Pin To Net: NetName=AGND Pin=C9-2
Added Pin To Net: NetName=AGND Pin=C10-2
Added Pin To Net: NetName=AGND Pin=C13-2
Added Pin To Net: NetName=AGND Pin=C14-2
Added Pin To Net: NetName=AGND Pin=C15-2
Added Pin To Net: NetName=AGND Pin=C18-2
Added Pin To Net: NetName=AGND Pin=C19-2
Added Pin To Net: NetName=AGND Pin=C20-2
Added Pin To Net: NetName=AGND Pin=C23-2
Added Pin To Net: NetName=AGND Pin=C24-2
Added Pin To Net: NetName=AGND Pin=C25-2
Added Pin To Net: NetName=AGND Pin=C26-2
Added Pin To Net: NetName=AGND Pin=C27-2
Added Pin To Net: NetName=AGND Pin=C28-2
Added Pin To Net: NetName=AGND Pin=C29-2
Added Pin To Net: NetName=AGND Pin=C30-2
Added Pin To Net: NetName=AGND Pin=C31-2
Added Pin To Net: NetName=AGND Pin=C32-2
Added Pin To Net: NetName=AGND Pin=C33-2
Added Pin To Net: NetName=AGND Pin=C34-2
Added Pin To Net: NetName=AGND Pin=C35-2
Added Pin To Net: NetName=AGND Pin=C36-2
Added Pin To Net: NetName=AGND Pin=C37-2
Added Pin To Net: NetName=AGND Pin=C38-2
Added Pin To Net: NetName=AGND Pin=C39-2
Added Pin To Net: NetName=AGND Pin=C40-2
Added Pin To Net: NetName=AGND Pin=C41-2
Added Pin To Net: NetName=AGND Pin=C44-1
Added Pin To Net: NetName=AGND Pin=C45-1
Added Pin To Net: NetName=AGND Pin=C46-1
Added Pin To Net: NetName=AGND Pin=C47-1
Added Pin To Net: NetName=AGND Pin=C49-1
Added Pin To Net: NetName=AGND Pin=C50-1
Added Pin To Net: NetName=AGND Pin=C51-1
Added Pin To Net: NetName=AGND Pin=C52-1
Added Pin To Net: NetName=AGND Pin=C54-1
Added Pin To Net: NetName=AGND Pin=C55-1
Added Pin To Net: NetName=AGND Pin=C56-1
Added Pin To Net: NetName=AGND Pin=C57-1
Added Pin To Net: NetName=AGND Pin=C59-1
Added Pin To Net: NetName=AGND Pin=C60-1
Added Pin To Net: NetName=AGND Pin=C61-1
Added Pin To Net: NetName=AGND Pin=C62-1
Added Pin To Net: NetName=AGND Pin=C64-2
Added Pin To Net: NetName=AGND Pin=C65-K
Added Pin To Net: NetName=AGND Pin=C66-2
Added Pin To Net: NetName=AGND Pin=C67-K
Added Pin To Net: NetName=AGND Pin=C85-1
Added Pin To Net: NetName=AGND Pin=C86-1
Added Pin To Net: NetName=AGND Pin=C87-1
Added Pin To Net: NetName=AGND Pin=C88-1
Added Pin To Net: NetName=AGND Pin=C91-2
Added Pin To Net: NetName=AGND Pin=C92-2
Added Pin To Net: NetName=AGND Pin=C93-2
Added Pin To Net: NetName=AGND Pin=C94-2
Added Pin To Net: NetName=AGND Pin=C95-1
Added Pin To Net: NetName=AGND Pin=C96-1
Added Pin To Net: NetName=AGND Pin=C97-1
Added Pin To Net: NetName=AGND Pin=C98-1
Added Pin To Net: NetName=AGND Pin=C101-2
Added Pin To Net: NetName=AGND Pin=C102-2
Added Pin To Net: NetName=AGND Pin=C103-2
Added Pin To Net: NetName=AGND Pin=C104-2
Added Pin To Net: NetName=AGND Pin=C105-2
Added Pin To Net: NetName=AGND Pin=C106-1
Added Pin To Net: NetName=AGND Pin=C107-1
Added Pin To Net: NetName=AGND Pin=C108-1
Added Pin To Net: NetName=AGND Pin=C109-1
Added Pin To Net: NetName=AGND Pin=C110-1
Added Pin To Net: NetName=AGND Pin=C111-1
Added Pin To Net: NetName=AGND Pin=C112-1
Added Pin To Net: NetName=AGND Pin=C113-1
Added Pin To Net: NetName=AGND Pin=C114-1
Added Pin To Net: NetName=AGND Pin=C115-1
Added Pin To Net: NetName=AGND Pin=C116-1
Added Pin To Net: NetName=AGND Pin=C117-1
Added Pin To Net: NetName=AGND Pin=C118-1
Added Pin To Net: NetName=AGND Pin=C119-1
Added Pin To Net: NetName=AGND Pin=C120-1
Added Pin To Net: NetName=AGND Pin=C121-1
Added Pin To Net: NetName=AGND Pin=C122-1
Added Pin To Net: NetName=AGND Pin=C123-1
Added Pin To Net: NetName=AGND Pin=C124-1
Added Pin To Net: NetName=AGND Pin=C125-1
Added Pin To Net: NetName=AGND Pin=C126-1
Added Pin To Net: NetName=AGND Pin=C127-1
Added Pin To Net: NetName=AGND Pin=C128-1
Added Pin To Net: NetName=AGND Pin=C129-1
Added Pin To Net: NetName=AGND Pin=C130-1
Added Pin To Net: NetName=AGND Pin=C131-1
Added Pin To Net: NetName=AGND Pin=C132-1
Added Pin To Net: NetName=AGND Pin=C133-1
Added Pin To Net: NetName=AGND Pin=C139-2
Added Pin To Net: NetName=AGND Pin=C140-2
Added Pin To Net: NetName=AGND Pin=C141-2
Added Pin To Net: NetName=AGND Pin=C142-2
Added Pin To Net: NetName=AGND Pin=C143-2
Added Pin To Net: NetName=AGND Pin=C153-2
Added Pin To Net: NetName=AGND Pin=C154-2
Added Pin To Net: NetName=AGND Pin=C155-2
Added Pin To Net: NetName=AGND Pin=C156-2
Added Pin To Net: NetName=AGND Pin=C157-2
Added Pin To Net: NetName=AGND Pin=C170-1
Added Pin To Net: NetName=AGND Pin=C171-2
Added Pin To Net: NetName=AGND Pin=C172-1
Added Pin To Net: NetName=AGND Pin=C173-1
Added Pin To Net: NetName=AGND Pin=C174-1
Added Pin To Net: NetName=AGND Pin=C175-1
Added Pin To Net: NetName=AGND Pin=C176-1
Added Pin To Net: NetName=AGND Pin=J2-2
Added Pin To Net: NetName=AGND Pin=J2-3
Added Pin To Net: NetName=AGND Pin=J2-G1
Added Pin To Net: NetName=AGND Pin=J3-2
Added Pin To Net: NetName=AGND Pin=J3-3
Added Pin To Net: NetName=AGND Pin=J3-G1
Added Pin To Net: NetName=AGND Pin=NT1-1
Added Pin To Net: NetName=AGND Pin=Q1-2
Added Pin To Net: NetName=AGND Pin=Q2-2
Added Pin To Net: NetName=AGND Pin=R19-1
Added Pin To Net: NetName=AGND Pin=R21-1
Added Pin To Net: NetName=AGND Pin=R56-1
Added Pin To Net: NetName=AGND Pin=R60-1
Added Pin To Net: NetName=AGND Pin=R75-1
Added Pin To Net: NetName=AGND Pin=R80-1
Added Pin To Net: NetName=AGND Pin=R86-1
Added Pin To Net: NetName=AGND Pin=R90-1
Added Pin To Net: NetName=AGND Pin=R93-1
Added Pin To Net: NetName=AGND Pin=R94-1
Added Pin To Net: NetName=AGND Pin=R97-1
Added Pin To Net: NetName=AGND Pin=R99-1
Added Pin To Net: NetName=AGND Pin=R102-1
Added Pin To Net: NetName=AGND Pin=R103-1
Added Pin To Net: NetName=AGND Pin=R106-1
Added Pin To Net: NetName=AGND Pin=R108-1
Added Pin To Net: NetName=AGND Pin=R109-2
Added Pin To Net: NetName=AGND Pin=R110-1
Added Pin To Net: NetName=AGND Pin=R111-1
Added Pin To Net: NetName=AGND Pin=R112-2
Added Pin To Net: NetName=AGND Pin=R113-1
Added Pin To Net: NetName=AGND Pin=R114-1
Added Pin To Net: NetName=AGND Pin=R128-1
Added Pin To Net: NetName=AGND Pin=R132-1
Added Pin To Net: NetName=AGND Pin=U1-3
Added Pin To Net: NetName=AGND Pin=U2-3
Added Pin To Net: NetName=AGND Pin=U3-3
Added Pin To Net: NetName=AGND Pin=U4-3
Added Pin To Net: NetName=AGND Pin=U5-2
Added Pin To Net: NetName=AGND Pin=U6-2
Added Pin To Net: NetName=AGND Pin=U11-4
Added Net: Name=AGND
Added Pin To Net: NetName=AMPL_VOUT_Amplificador1 Pin=R8-2
Added Pin To Net: NetName=AMPL_VOUT_Amplificador1 Pin=R11-2
Added Pin To Net: NetName=AMPL_VOUT_Amplificador1 Pin=RLY1-4
Added Net: Name=AMPL_VOUT_Amplificador1
Added Pin To Net: NetName=AMPL_VOUT_Amplificador2 Pin=R14-2
Added Pin To Net: NetName=AMPL_VOUT_Amplificador2 Pin=R17-2
Added Pin To Net: NetName=AMPL_VOUT_Amplificador2 Pin=RLY2-4
Added Net: Name=AMPL_VOUT_Amplificador2
Added Pin To Net: NetName=AO1_-IN_Amplificador1 Pin=R6-1
Added Pin To Net: NetName=AO1_-IN_Amplificador1 Pin=R7-2
Added Pin To Net: NetName=AO1_-IN_Amplificador1 Pin=U1-2
Added Net: Name=AO1_-IN_Amplificador1
Added Pin To Net: NetName=AO1_-IN_Amplificador2 Pin=R12-1
Added Pin To Net: NetName=AO1_-IN_Amplificador2 Pin=R13-2
Added Pin To Net: NetName=AO1_-IN_Amplificador2 Pin=U3-2
Added Net: Name=AO1_-IN_Amplificador2
Added Pin To Net: NetName=AO1_VOUT_Amplificador1 Pin=R6-2
Added Pin To Net: NetName=AO1_VOUT_Amplificador1 Pin=R8-1
Added Pin To Net: NetName=AO1_VOUT_Amplificador1 Pin=U1-6
Added Net: Name=AO1_VOUT_Amplificador1
Added Pin To Net: NetName=AO1_VOUT_Amplificador2 Pin=R12-2
Added Pin To Net: NetName=AO1_VOUT_Amplificador2 Pin=R14-1
Added Pin To Net: NetName=AO1_VOUT_Amplificador2 Pin=U3-6
Added Net: Name=AO1_VOUT_Amplificador2
Added Pin To Net: NetName=AO2_-IN_Amplificador1 Pin=R9-1
Added Pin To Net: NetName=AO2_-IN_Amplificador1 Pin=R10-2
Added Pin To Net: NetName=AO2_-IN_Amplificador1 Pin=U2-2
Added Net: Name=AO2_-IN_Amplificador1
Added Pin To Net: NetName=AO2_-IN_Amplificador2 Pin=R15-1
Added Pin To Net: NetName=AO2_-IN_Amplificador2 Pin=R16-2
Added Pin To Net: NetName=AO2_-IN_Amplificador2 Pin=U4-2
Added Net: Name=AO2_-IN_Amplificador2
Added Pin To Net: NetName=AO2_VOUT_Amplificador1 Pin=R9-2
Added Pin To Net: NetName=AO2_VOUT_Amplificador1 Pin=R11-1
Added Pin To Net: NetName=AO2_VOUT_Amplificador1 Pin=U2-6
Added Net: Name=AO2_VOUT_Amplificador1
Added Pin To Net: NetName=AO2_VOUT_Amplificador2 Pin=R15-2
Added Pin To Net: NetName=AO2_VOUT_Amplificador2 Pin=R17-1
Added Pin To Net: NetName=AO2_VOUT_Amplificador2 Pin=U4-6
Added Net: Name=AO2_VOUT_Amplificador2
Added Pin To Net: NetName=DAC8562_VOUTA Pin=B18-1
Added Pin To Net: NetName=DAC8562_VOUTA Pin=R125-2
Added Net: Name=DAC8562_VOUTA
Added Pin To Net: NetName=DAC8562_VOUTB Pin=B18-2
Added Pin To Net: NetName=DAC8562_VOUTB Pin=R129-2
Added Net: Name=DAC8562_VOUTB
Added Pin To Net: NetName=DAC_DC_VIN_Offset1 Pin=B12-13
Added Pin To Net: NetName=DAC_DC_VIN_Offset1 Pin=B12-14
Added Pin To Net: NetName=DAC_DC_VIN_Offset1 Pin=R72-1
Added Net: Name=DAC_DC_VIN_Offset1
Added Pin To Net: NetName=DAC_DC_VIN_Offset2 Pin=B12-8
Added Pin To Net: NetName=DAC_DC_VIN_Offset2 Pin=B12-9
Added Pin To Net: NetName=DAC_DC_VIN_Offset2 Pin=R77-1
Added Net: Name=DAC_DC_VIN_Offset2
Added Pin To Net: NetName=DDS_IOUT_DDS1_N Pin=B2-3
Added Pin To Net: NetName=DDS_IOUT_DDS1_N Pin=B16-28
Added Pin To Net: NetName=DDS_IOUT_DDS1_N Pin=C143-1
Added Pin To Net: NetName=DDS_IOUT_DDS1_N Pin=R111-2
Added Net: Name=DDS_IOUT_DDS1_N
Added Pin To Net: NetName=DDS_IOUT_DDS1_P Pin=B2-5
Added Pin To Net: NetName=DDS_IOUT_DDS1_P Pin=B16-27
Added Pin To Net: NetName=DDS_IOUT_DDS1_P Pin=C142-1
Added Pin To Net: NetName=DDS_IOUT_DDS1_P Pin=R110-2
Added Net: Name=DDS_IOUT_DDS1_P
Added Pin To Net: NetName=DDS_IOUT_DDS2_N Pin=B4-3
Added Pin To Net: NetName=DDS_IOUT_DDS2_N Pin=B17-28
Added Pin To Net: NetName=DDS_IOUT_DDS2_N Pin=C157-1
Added Pin To Net: NetName=DDS_IOUT_DDS2_N Pin=R114-2
Added Net: Name=DDS_IOUT_DDS2_N
Added Pin To Net: NetName=DDS_IOUT_DDS2_P Pin=B4-5
Added Pin To Net: NetName=DDS_IOUT_DDS2_P Pin=B17-27
Added Pin To Net: NetName=DDS_IOUT_DDS2_P Pin=C156-1
Added Pin To Net: NetName=DDS_IOUT_DDS2_P Pin=R113-2
Added Net: Name=DDS_IOUT_DDS2_P
Added Pin To Net: NetName=DDS_REFIO_CH1 Pin=B16-18
Added Pin To Net: NetName=DDS_REFIO_CH1 Pin=R127-2
Added Net: Name=DDS_REFIO_CH1
Added Pin To Net: NetName=DDS_REFIO_CH2 Pin=B17-18
Added Pin To Net: NetName=DDS_REFIO_CH2 Pin=R131-2
Added Net: Name=DDS_REFIO_CH2
Added Pin To Net: NetName=DDS_VOUT_Conversor_Diff_A_Simple1_N Pin=B2-6
Added Pin To Net: NetName=DDS_VOUT_Conversor_Diff_A_Simple1_N Pin=B2-7
Added Pin To Net: NetName=DDS_VOUT_Conversor_Diff_A_Simple1_N Pin=R55-1
Added Net: Name=DDS_VOUT_Conversor_Diff_A_Simple1_N
Added Pin To Net: NetName=DDS_VOUT_Conversor_Diff_A_Simple1_P Pin=B2-1
Added Pin To Net: NetName=DDS_VOUT_Conversor_Diff_A_Simple1_P Pin=B2-2
Added Pin To Net: NetName=DDS_VOUT_Conversor_Diff_A_Simple1_P Pin=R54-1
Added Net: Name=DDS_VOUT_Conversor_Diff_A_Simple1_P
Added Pin To Net: NetName=DDS_VOUT_Conversor_Diff_A_Simple1 Pin=B3-6
Added Pin To Net: NetName=DDS_VOUT_Conversor_Diff_A_Simple1 Pin=R22-1
Added Pin To Net: NetName=DDS_VOUT_Conversor_Diff_A_Simple1 Pin=R23-1
Added Pin To Net: NetName=DDS_VOUT_Conversor_Diff_A_Simple1 Pin=R24-1
Added Pin To Net: NetName=DDS_VOUT_Conversor_Diff_A_Simple1 Pin=R53-2
Added Net: Name=DDS_VOUT_Conversor_Diff_A_Simple1
Added Pin To Net: NetName=DDS_VOUT_Conversor_Diff_A_Simple2_N Pin=B4-6
Added Pin To Net: NetName=DDS_VOUT_Conversor_Diff_A_Simple2_N Pin=B4-7
Added Pin To Net: NetName=DDS_VOUT_Conversor_Diff_A_Simple2_N Pin=R59-1
Added Net: Name=DDS_VOUT_Conversor_Diff_A_Simple2_N
Added Pin To Net: NetName=DDS_VOUT_Conversor_Diff_A_Simple2_P Pin=B4-1
Added Pin To Net: NetName=DDS_VOUT_Conversor_Diff_A_Simple2_P Pin=B4-2
Added Pin To Net: NetName=DDS_VOUT_Conversor_Diff_A_Simple2_P Pin=R58-1
Added Net: Name=DDS_VOUT_Conversor_Diff_A_Simple2_P
Added Pin To Net: NetName=DDS_VOUT_Conversor_Diff_A_Simple2 Pin=B5-6
Added Pin To Net: NetName=DDS_VOUT_Conversor_Diff_A_Simple2 Pin=R25-1
Added Pin To Net: NetName=DDS_VOUT_Conversor_Diff_A_Simple2 Pin=R26-1
Added Pin To Net: NetName=DDS_VOUT_Conversor_Diff_A_Simple2 Pin=R27-1
Added Pin To Net: NetName=DDS_VOUT_Conversor_Diff_A_Simple2 Pin=R57-2
Added Net: Name=DDS_VOUT_Conversor_Diff_A_Simple2
Added Pin To Net: NetName=DSA_VOUT_ADAPTADA_Offset1 Pin=B8-2
Added Pin To Net: NetName=DSA_VOUT_ADAPTADA_Offset1 Pin=B8-6
Added Pin To Net: NetName=DSA_VOUT_ADAPTADA_Offset1 Pin=R74-1
Added Pin To Net: NetName=DSA_VOUT_ADAPTADA_Offset1 Pin=R76-2
Added Net: Name=DSA_VOUT_ADAPTADA_Offset1
Added Pin To Net: NetName=DSA_VOUT_ADAPTADA_Offset2 Pin=B10-2
Added Pin To Net: NetName=DSA_VOUT_ADAPTADA_Offset2 Pin=B10-6
Added Pin To Net: NetName=DSA_VOUT_ADAPTADA_Offset2 Pin=R79-1
Added Pin To Net: NetName=DSA_VOUT_ADAPTADA_Offset2 Pin=R81-2
Added Net: Name=DSA_VOUT_ADAPTADA_Offset2
Added Pin To Net: NetName=DSA_VOUT_Offset1 Pin=B8-3
Added Pin To Net: NetName=DSA_VOUT_Offset1 Pin=B13-14
Added Pin To Net: NetName=DSA_VOUT_Offset1 Pin=R22-2
Added Pin To Net: NetName=DSA_VOUT_Offset1 Pin=R75-2
Added Pin To Net: NetName=DSA_VOUT_Offset1 Pin=R76-1
Added Net: Name=DSA_VOUT_Offset1
Added Pin To Net: NetName=DSA_VOUT_Offset2 Pin=B10-3
Added Pin To Net: NetName=DSA_VOUT_Offset2 Pin=B14-14
Added Pin To Net: NetName=DSA_VOUT_Offset2 Pin=R25-2
Added Pin To Net: NetName=DSA_VOUT_Offset2 Pin=R80-2
Added Pin To Net: NetName=DSA_VOUT_Offset2 Pin=R81-1
Added Net: Name=DSA_VOUT_Offset2
Added Pin To Net: NetName=ETHERNET_RST Pin=J5-4
Added Pin To Net: NetName=ETHERNET_RST Pin=R45-2
Added Pin To Net: NetName=ETHERNET_RST Pin=R47-2
Added Pin To Net: NetName=ETHERNET_RST Pin=R48-2
Added Net: Name=ETHERNET_RST
Added Pin To Net: NetName=ETHERNET_RXD Pin=J5-2
Added Pin To Net: NetName=ETHERNET_RXD Pin=R40-2
Added Net: Name=ETHERNET_RXD
Added Pin To Net: NetName=ETHERNET_TXD Pin=J5-3
Added Pin To Net: NetName=ETHERNET_TXD Pin=R42-2
Added Net: Name=ETHERNET_TXD
Added Pin To Net: NetName=EXP_A0 Pin=B1-15
Added Pin To Net: NetName=EXP_A0 Pin=R28-1
Added Pin To Net: NetName=EXP_A0 Pin=R31-2
Added Net: Name=EXP_A0
Added Pin To Net: NetName=EXP_A1 Pin=B1-16
Added Pin To Net: NetName=EXP_A1 Pin=R29-1
Added Pin To Net: NetName=EXP_A1 Pin=R32-2
Added Net: Name=EXP_A1
Added Pin To Net: NetName=EXP_A2 Pin=B1-17
Added Pin To Net: NetName=EXP_A2 Pin=R30-1
Added Pin To Net: NetName=EXP_A2 Pin=R33-2
Added Net: Name=EXP_A2
Added Pin To Net: NetName=EXP_RESET Pin=B1-18
Added Pin To Net: NetName=EXP_RESET Pin=R34-1
Added Pin To Net: NetName=EXP_RESET Pin=R35-2
Added Net: Name=EXP_RESET
Added Pin To Net: NetName=GND Pin=J8-A1-B12
Added Pin To Net: NetName=GND Pin=J8-B1-A12
Added Net: Name=GND
Added Pin To Net: NetName=INTA Pin=B1-20
Added Pin To Net: NetName=INTA Pin=R36-1
Added Net: Name=INTA
Added Pin To Net: NetName=INTB Pin=B1-19
Added Pin To Net: NetName=INTB Pin=R37-1
Added Net: Name=INTB
Added Pin To Net: NetName=LCD_RESET Pin=J4-16
Added Pin To Net: NetName=LCD_RESET Pin=R38-2
Added Pin To Net: NetName=LCD_RESET Pin=R39-2
Added Net: Name=LCD_RESET
Added Pin To Net: NetName=MCP4725_A0_DAC_OFFSET_CANAL1 Pin=R61-1
Added Pin To Net: NetName=MCP4725_A0_DAC_OFFSET_CANAL1 Pin=R62-2
Added Pin To Net: NetName=MCP4725_A0_DAC_OFFSET_CANAL1 Pin=U5-6
Added Net: Name=MCP4725_A0_DAC_OFFSET_CANAL1
Added Pin To Net: NetName=MCP4725_A0_DAC_OFFSET_CANAL2 Pin=R63-1
Added Pin To Net: NetName=MCP4725_A0_DAC_OFFSET_CANAL2 Pin=R64-2
Added Pin To Net: NetName=MCP4725_A0_DAC_OFFSET_CANAL2 Pin=U6-6
Added Net: Name=MCP4725_A0_DAC_OFFSET_CANAL2
Added Pin To Net: NetName=MCP4725_VOUT_DAC_OFFSET_CANAL1 Pin=R85-1
Added Pin To Net: NetName=MCP4725_VOUT_DAC_OFFSET_CANAL1 Pin=U5-1
Added Net: Name=MCP4725_VOUT_DAC_OFFSET_CANAL1
Added Pin To Net: NetName=MCP4725_VOUT_DAC_OFFSET_CANAL2 Pin=R89-1
Added Pin To Net: NetName=MCP4725_VOUT_DAC_OFFSET_CANAL2 Pin=U6-1
Added Net: Name=MCP4725_VOUT_DAC_OFFSET_CANAL2
Added Pin To Net: NetName=MCU_GPIO0 Pin=J10-1
Added Pin To Net: NetName=MCU_GPIO0 Pin=R45-1
Added Pin To Net: NetName=MCU_GPIO0 Pin=U9-2
Added Net: Name=MCU_GPIO0
Added Pin To Net: NetName=MCU_GPIO1 Pin=J10-3
Added Pin To Net: NetName=MCU_GPIO1 Pin=U9-3
Added Net: Name=MCU_GPIO1
Added Pin To Net: NetName=MCU_GPIO2 Pin=B1-12
Added Pin To Net: NetName=MCU_GPIO2 Pin=B16-1
Added Pin To Net: NetName=MCU_GPIO2 Pin=B17-1
Added Pin To Net: NetName=MCU_GPIO2 Pin=B18-7
Added Pin To Net: NetName=MCU_GPIO2 Pin=J4-11
Added Pin To Net: NetName=MCU_GPIO2 Pin=U9-4
Added Net: Name=MCU_GPIO2
Added Pin To Net: NetName=MCU_GPIO3 Pin=B1-13
Added Pin To Net: NetName=MCU_GPIO3 Pin=B16-2
Added Pin To Net: NetName=MCU_GPIO3 Pin=B17-2
Added Pin To Net: NetName=MCU_GPIO3 Pin=B18-8
Added Pin To Net: NetName=MCU_GPIO3 Pin=J4-7
Added Pin To Net: NetName=MCU_GPIO3 Pin=U9-5
Added Net: Name=MCU_GPIO3
Added Pin To Net: NetName=MCU_GPIO4 Pin=B1-14
Added Pin To Net: NetName=MCU_GPIO4 Pin=B16-7
Added Pin To Net: NetName=MCU_GPIO4 Pin=B17-7
Added Pin To Net: NetName=MCU_GPIO4 Pin=J4-9
Added Pin To Net: NetName=MCU_GPIO4 Pin=U9-6
Added Net: Name=MCU_GPIO4
Added Pin To Net: NetName=MCU_GPIO5 Pin=B16-8
Added Pin To Net: NetName=MCU_GPIO5 Pin=U9-7
Added Net: Name=MCU_GPIO5
Added Pin To Net: NetName=MCU_GPIO6 Pin=R18-2
Added Pin To Net: NetName=MCU_GPIO6 Pin=U9-8
Added Net: Name=MCU_GPIO6
Added Pin To Net: NetName=MCU_GPIO7 Pin=R20-2
Added Pin To Net: NetName=MCU_GPIO7 Pin=U9-9
Added Net: Name=MCU_GPIO7
Added Pin To Net: NetName=MCU_GPIO8 Pin=D11-K
Added Pin To Net: NetName=MCU_GPIO8 Pin=U9-11
Added Net: Name=MCU_GPIO8
Added Pin To Net: NetName=MCU_GPIO9 Pin=B17-8
Added Pin To Net: NetName=MCU_GPIO9 Pin=U9-12
Added Net: Name=MCU_GPIO9
Added Pin To Net: NetName=MCU_GPIO10 Pin=D12-K
Added Pin To Net: NetName=MCU_GPIO10 Pin=U9-13
Added Net: Name=MCU_GPIO10
Added Pin To Net: NetName=MCU_GPIO11 Pin=C114-2
Added Pin To Net: NetName=MCU_GPIO11 Pin=C125-2
Added Pin To Net: NetName=MCU_GPIO11 Pin=R95-1
Added Pin To Net: NetName=MCU_GPIO11 Pin=R96-1
Added Pin To Net: NetName=MCU_GPIO11 Pin=R104-1
Added Pin To Net: NetName=MCU_GPIO11 Pin=R105-1
Added Pin To Net: NetName=MCU_GPIO11 Pin=U9-14
Added Net: Name=MCU_GPIO11
Added Pin To Net: NetName=MCU_GPIO12 Pin=B15-5
Added Pin To Net: NetName=MCU_GPIO12 Pin=R49-1
Added Pin To Net: NetName=MCU_GPIO12 Pin=U5-4
Added Pin To Net: NetName=MCU_GPIO12 Pin=U6-4
Added Pin To Net: NetName=MCU_GPIO12 Pin=U9-15
Added Pin To Net: NetName=MCU_GPIO12 Pin=U12-5
Added Net: Name=MCU_GPIO12
Added Pin To Net: NetName=MCU_GPIO13 Pin=B15-4
Added Pin To Net: NetName=MCU_GPIO13 Pin=R50-1
Added Pin To Net: NetName=MCU_GPIO13 Pin=U5-5
Added Pin To Net: NetName=MCU_GPIO13 Pin=U6-5
Added Pin To Net: NetName=MCU_GPIO13 Pin=U9-16
Added Pin To Net: NetName=MCU_GPIO13 Pin=U12-6
Added Net: Name=MCU_GPIO13
Added Pin To Net: NetName=MCU_GPIO14 Pin=B13-4
Added Pin To Net: NetName=MCU_GPIO14 Pin=B14-4
Added Pin To Net: NetName=MCU_GPIO14 Pin=U9-17
Added Net: Name=MCU_GPIO14
Added Pin To Net: NetName=MCU_GPIO15 Pin=B13-5
Added Pin To Net: NetName=MCU_GPIO15 Pin=U9-18
Added Net: Name=MCU_GPIO15
Added Pin To Net: NetName=MCU_GPIO16 Pin=B14-5
Added Pin To Net: NetName=MCU_GPIO16 Pin=U9-27
Added Net: Name=MCU_GPIO16
Added Pin To Net: NetName=MCU_GPIO17 Pin=J4-13
Added Pin To Net: NetName=MCU_GPIO17 Pin=U9-28
Added Net: Name=MCU_GPIO17
Added Pin To Net: NetName=MCU_GPIO18 Pin=B1-11
Added Pin To Net: NetName=MCU_GPIO18 Pin=U9-29
Added Net: Name=MCU_GPIO18
Added Pin To Net: NetName=MCU_GPIO19 Pin=J7-5
Added Pin To Net: NetName=MCU_GPIO19 Pin=U9-30
Added Net: Name=MCU_GPIO19
Added Pin To Net: NetName=MCU_GPIO20 Pin=R40-1
Added Pin To Net: NetName=MCU_GPIO20 Pin=R41-1
Added Pin To Net: NetName=MCU_GPIO20 Pin=U9-31
Added Net: Name=MCU_GPIO20
Added Pin To Net: NetName=MCU_GPIO21 Pin=R42-1
Added Pin To Net: NetName=MCU_GPIO21 Pin=R43-1
Added Pin To Net: NetName=MCU_GPIO21 Pin=U9-32
Added Net: Name=MCU_GPIO21
Added Pin To Net: NetName=MCU_GPIO22 Pin=J7-7
Added Pin To Net: NetName=MCU_GPIO22 Pin=U9-34
Added Net: Name=MCU_GPIO22
Added Pin To Net: NetName=MCU_GPIO23 Pin=J7-9
Added Pin To Net: NetName=MCU_GPIO23 Pin=U9-35
Added Net: Name=MCU_GPIO23
Added Pin To Net: NetName=MCU_GPIO24 Pin=B16-32
Added Pin To Net: NetName=MCU_GPIO24 Pin=R36-2
Added Pin To Net: NetName=MCU_GPIO24 Pin=R44-1
Added Pin To Net: NetName=MCU_GPIO24 Pin=U9-36
Added Net: Name=MCU_GPIO24
Added Pin To Net: NetName=MCU_GPIO25 Pin=R37-2
Added Pin To Net: NetName=MCU_GPIO25 Pin=R46-1
Added Pin To Net: NetName=MCU_GPIO25 Pin=U9-37
Added Net: Name=MCU_GPIO25
Added Pin To Net: NetName=MCU_GPIO26 Pin=B18-6
Added Pin To Net: NetName=MCU_GPIO26 Pin=U9-38
Added Net: Name=MCU_GPIO26
Added Pin To Net: NetName=MCU_GPIO27 Pin=J4-14
Added Pin To Net: NetName=MCU_GPIO27 Pin=U9-39
Added Net: Name=MCU_GPIO27
Added Pin To Net: NetName=MCU_GPIO28 Pin=J4-15
Added Pin To Net: NetName=MCU_GPIO28 Pin=U9-40
Added Net: Name=MCU_GPIO28
Added Pin To Net: NetName=MCU_GPIO29 Pin=J5-1
Added Pin To Net: NetName=MCU_GPIO29 Pin=U9-41
Added Net: Name=MCU_GPIO29
Added Pin To Net: NetName=MCU_QSPI_SCLK Pin=B7-6
Added Pin To Net: NetName=MCU_QSPI_SCLK Pin=U8-6
Added Pin To Net: NetName=MCU_QSPI_SCLK Pin=U9-52
Added Net: Name=MCU_QSPI_SCLK
Added Pin To Net: NetName=MCU_QSPI_SD0 Pin=B7-5
Added Pin To Net: NetName=MCU_QSPI_SD0 Pin=U8-5
Added Pin To Net: NetName=MCU_QSPI_SD0 Pin=U9-53
Added Net: Name=MCU_QSPI_SD0
Added Pin To Net: NetName=MCU_QSPI_SD1 Pin=B7-2
Added Pin To Net: NetName=MCU_QSPI_SD1 Pin=U8-2
Added Pin To Net: NetName=MCU_QSPI_SD1 Pin=U9-55
Added Net: Name=MCU_QSPI_SD1
Added Pin To Net: NetName=MCU_QSPI_SD2 Pin=B7-3
Added Pin To Net: NetName=MCU_QSPI_SD2 Pin=U8-3
Added Pin To Net: NetName=MCU_QSPI_SD2 Pin=U9-54
Added Net: Name=MCU_QSPI_SD2
Added Pin To Net: NetName=MCU_QSPI_SD3 Pin=B7-7
Added Pin To Net: NetName=MCU_QSPI_SD3 Pin=U8-7
Added Pin To Net: NetName=MCU_QSPI_SD3 Pin=U9-51
Added Net: Name=MCU_QSPI_SD3
Added Pin To Net: NetName=MCU_QSPI_SS Pin=B7-1
Added Pin To Net: NetName=MCU_QSPI_SS Pin=R68-2
Added Pin To Net: NetName=MCU_QSPI_SS Pin=R70-2
Added Pin To Net: NetName=MCU_QSPI_SS Pin=U8-1
Added Pin To Net: NetName=MCU_QSPI_SS Pin=U9-56
Added Net: Name=MCU_QSPI_SS
Added Pin To Net: NetName=MCU_TESTEN Pin=B7-4
Added Pin To Net: NetName=MCU_TESTEN Pin=B15-8
Added Pin To Net: NetName=MCU_TESTEN Pin=B16-3
Added Pin To Net: NetName=MCU_TESTEN Pin=B16-19
Added Pin To Net: NetName=MCU_TESTEN Pin=B17-3
Added Pin To Net: NetName=MCU_TESTEN Pin=B17-19
Added Pin To Net: NetName=MCU_TESTEN Pin=C1-2
Added Pin To Net: NetName=MCU_TESTEN Pin=C2-2
Added Pin To Net: NetName=MCU_TESTEN Pin=C6-2
Added Pin To Net: NetName=MCU_TESTEN Pin=C7-2
Added Pin To Net: NetName=MCU_TESTEN Pin=C11-2
Added Pin To Net: NetName=MCU_TESTEN Pin=C12-2
Added Pin To Net: NetName=MCU_TESTEN Pin=C16-2
Added Pin To Net: NetName=MCU_TESTEN Pin=C17-2
Added Pin To Net: NetName=MCU_TESTEN Pin=C21-2
Added Pin To Net: NetName=MCU_TESTEN Pin=C22-2
Added Pin To Net: NetName=MCU_TESTEN Pin=C42-1
Added Pin To Net: NetName=MCU_TESTEN Pin=C43-1
Added Pin To Net: NetName=MCU_TESTEN Pin=C68-2
Added Pin To Net: NetName=MCU_TESTEN Pin=C69-2
Added Pin To Net: NetName=MCU_TESTEN Pin=C70-2
Added Pin To Net: NetName=MCU_TESTEN Pin=C71-2
Added Pin To Net: NetName=MCU_TESTEN Pin=C72-2
Added Pin To Net: NetName=MCU_TESTEN Pin=C73-2
Added Pin To Net: NetName=MCU_TESTEN Pin=C74-2
Added Pin To Net: NetName=MCU_TESTEN Pin=C75-2
Added Pin To Net: NetName=MCU_TESTEN Pin=C76-2
Added Pin To Net: NetName=MCU_TESTEN Pin=C77-2
Added Pin To Net: NetName=MCU_TESTEN Pin=C78-2
Added Pin To Net: NetName=MCU_TESTEN Pin=C79-2
Added Pin To Net: NetName=MCU_TESTEN Pin=C80-2
Added Pin To Net: NetName=MCU_TESTEN Pin=C81-1
Added Pin To Net: NetName=MCU_TESTEN Pin=C82-2
Added Pin To Net: NetName=MCU_TESTEN Pin=C83-1
Added Pin To Net: NetName=MCU_TESTEN Pin=C84-1
Added Pin To Net: NetName=MCU_TESTEN Pin=C134-1
Added Pin To Net: NetName=MCU_TESTEN Pin=C135-1
Added Pin To Net: NetName=MCU_TESTEN Pin=C136-2
Added Pin To Net: NetName=MCU_TESTEN Pin=C137-2
Added Pin To Net: NetName=MCU_TESTEN Pin=C138-2
Added Pin To Net: NetName=MCU_TESTEN Pin=C144-1
Added Pin To Net: NetName=MCU_TESTEN Pin=C145-1
Added Pin To Net: NetName=MCU_TESTEN Pin=C146-1
Added Pin To Net: NetName=MCU_TESTEN Pin=C147-1
Added Pin To Net: NetName=MCU_TESTEN Pin=C148-1
Added Pin To Net: NetName=MCU_TESTEN Pin=C149-1
Added Pin To Net: NetName=MCU_TESTEN Pin=C150-2
Added Pin To Net: NetName=MCU_TESTEN Pin=C151-2
Added Pin To Net: NetName=MCU_TESTEN Pin=C152-2
Added Pin To Net: NetName=MCU_TESTEN Pin=C158-1
Added Pin To Net: NetName=MCU_TESTEN Pin=C159-1
Added Pin To Net: NetName=MCU_TESTEN Pin=C160-1
Added Pin To Net: NetName=MCU_TESTEN Pin=C161-1
Added Pin To Net: NetName=MCU_TESTEN Pin=C162-1
Added Pin To Net: NetName=MCU_TESTEN Pin=C163-1
Added Pin To Net: NetName=MCU_TESTEN Pin=C168-1
Added Pin To Net: NetName=MCU_TESTEN Pin=C169-1
Added Pin To Net: NetName=MCU_TESTEN Pin=C177-1
Added Pin To Net: NetName=MCU_TESTEN Pin=C178-1
Added Pin To Net: NetName=MCU_TESTEN Pin=D1-2
Added Pin To Net: NetName=MCU_TESTEN Pin=D2-2
Added Pin To Net: NetName=MCU_TESTEN Pin=D3-1
Added Pin To Net: NetName=MCU_TESTEN Pin=D4-1
Added Pin To Net: NetName=MCU_TESTEN Pin=D5-K
Added Pin To Net: NetName=MCU_TESTEN Pin=D6-K
Added Pin To Net: NetName=MCU_TESTEN Pin=D7-K
Added Pin To Net: NetName=MCU_TESTEN Pin=D8-A
Added Pin To Net: NetName=MCU_TESTEN Pin=D9-A
Added Pin To Net: NetName=MCU_TESTEN Pin=D10-2
Added Pin To Net: NetName=MCU_TESTEN Pin=J1-1
Added Pin To Net: NetName=MCU_TESTEN Pin=J1-2
Added Pin To Net: NetName=MCU_TESTEN Pin=J1-5
Added Pin To Net: NetName=MCU_TESTEN Pin=J1-6
Added Pin To Net: NetName=MCU_TESTEN Pin=J1-9
Added Pin To Net: NetName=MCU_TESTEN Pin=J1-10
Added Pin To Net: NetName=MCU_TESTEN Pin=J1-13
Added Pin To Net: NetName=MCU_TESTEN Pin=J1-14
Added Pin To Net: NetName=MCU_TESTEN Pin=J4-3
Added Pin To Net: NetName=MCU_TESTEN Pin=J5-5
Added Pin To Net: NetName=MCU_TESTEN Pin=J6-4
Added Pin To Net: NetName=MCU_TESTEN Pin=J8-1
Added Pin To Net: NetName=MCU_TESTEN Pin=J8-2
Added Pin To Net: NetName=MCU_TESTEN Pin=J8-3
Added Pin To Net: NetName=MCU_TESTEN Pin=J8-4
Added Pin To Net: NetName=MCU_TESTEN Pin=J9-2
Added Pin To Net: NetName=MCU_TESTEN Pin=J10-2
Added Pin To Net: NetName=MCU_TESTEN Pin=NT1-2
Added Pin To Net: NetName=MCU_TESTEN Pin=R31-1
Added Pin To Net: NetName=MCU_TESTEN Pin=R32-1
Added Pin To Net: NetName=MCU_TESTEN Pin=R33-1
Added Pin To Net: NetName=MCU_TESTEN Pin=R35-1
Added Pin To Net: NetName=MCU_TESTEN Pin=R39-1
Added Pin To Net: NetName=MCU_TESTEN Pin=R48-1
Added Pin To Net: NetName=MCU_TESTEN Pin=R62-1
Added Pin To Net: NetName=MCU_TESTEN Pin=R64-1
Added Pin To Net: NetName=MCU_TESTEN Pin=R65-1
Added Pin To Net: NetName=MCU_TESTEN Pin=R66-1
Added Pin To Net: NetName=MCU_TESTEN Pin=R119-2
Added Pin To Net: NetName=MCU_TESTEN Pin=R120-2
Added Pin To Net: NetName=MCU_TESTEN Pin=R121-1
Added Pin To Net: NetName=MCU_TESTEN Pin=R122-1
Added Pin To Net: NetName=MCU_TESTEN Pin=R123-1
Added Pin To Net: NetName=MCU_TESTEN Pin=R124-1
Added Pin To Net: NetName=MCU_TESTEN Pin=R137-2
Added Pin To Net: NetName=MCU_TESTEN Pin=R138-1
Added Pin To Net: NetName=MCU_TESTEN Pin=R139-1
Added Pin To Net: NetName=MCU_TESTEN Pin=R140-1
Added Pin To Net: NetName=MCU_TESTEN Pin=SW1-2
Added Pin To Net: NetName=MCU_TESTEN Pin=SW2-2
Added Pin To Net: NetName=MCU_TESTEN Pin=U7-1
Added Pin To Net: NetName=MCU_TESTEN Pin=U8-4
Added Pin To Net: NetName=MCU_TESTEN Pin=U9-19
Added Pin To Net: NetName=MCU_TESTEN Pin=U9-57
Added Pin To Net: NetName=MCU_TESTEN Pin=U10-5
Added Pin To Net: NetName=MCU_TESTEN Pin=U12-4
Added Pin To Net: NetName=MCU_TESTEN Pin=X1-2
Added Pin To Net: NetName=MCU_TESTEN Pin=X1-4
Added Pin To Net: NetName=MCU_TESTEN Pin=Y1-2
Added Pin To Net: NetName=MCU_TESTEN Pin=Y1-4
Added Net: Name=MCU_TESTEN
Added Pin To Net: NetName=MCU_USB_N Pin=R69-1
Added Pin To Net: NetName=MCU_USB_N Pin=U9-46
Added Net: Name=MCU_USB_N
Added Pin To Net: NetName=MCU_USB_P Pin=R67-1
Added Pin To Net: NetName=MCU_USB_P Pin=U9-47
Added Net: Name=MCU_USB_P
Added Pin To Net: NetName=MCU_XIN Pin=C83-2
Added Pin To Net: NetName=MCU_XIN Pin=U9-20
Added Pin To Net: NetName=MCU_XIN Pin=X1-1
Added Net: Name=MCU_XIN
Added Pin To Net: NetName=MCU_XOUT Pin=R71-2
Added Pin To Net: NetName=MCU_XOUT Pin=U9-21
Added Net: Name=MCU_XOUT
Added Pin To Net: NetName=NetB6_1 Pin=J8-A6
Added Pin To Net: NetName=NetB6_1 Pin=J8-B6
Added Net: Name=NetB6_1
Added Pin To Net: NetName=NetB6_3 Pin=J8-A7
Added Pin To Net: NetName=NetB6_3 Pin=J8-B7
Added Net: Name=NetB6_3
Added Pin To Net: NetName=NetB6_5 Pin=C70-1
Added Pin To Net: NetName=NetB6_5 Pin=FB6-1
Added Pin To Net: NetName=NetB6_5 Pin=J8-A4-B9
Added Pin To Net: NetName=NetB6_5 Pin=J8-B4-A9
Added Net: Name=NetB6_5
Added Pin To Net: NetName=NetB12_5 Pin=B12-5
Added Pin To Net: NetName=NetB12_5 Pin=C107-2
Added Pin To Net: NetName=NetB12_5 Pin=R89-2
Added Pin To Net: NetName=NetB12_5 Pin=R90-2
Added Net: Name=NetB12_5
Added Pin To Net: NetName=NetB12_6 Pin=B12-6
Added Pin To Net: NetName=NetB12_6 Pin=R87-1
Added Pin To Net: NetName=NetB12_6 Pin=R88-2
Added Net: Name=NetB12_6
Added Pin To Net: NetName=NetB12_7 Pin=B12-7
Added Pin To Net: NetName=NetB12_7 Pin=R87-2
Added Net: Name=NetB12_7
Added Pin To Net: NetName=NetB13_11 Pin=B13-11
Added Pin To Net: NetName=NetB13_11 Pin=R97-2
Added Net: Name=NetB13_11
Added Pin To Net: NetName=NetB13_12 Pin=B13-12
Added Pin To Net: NetName=NetB13_12 Pin=C112-2
Added Pin To Net: NetName=NetB13_12 Pin=C113-2
Added Net: Name=NetB13_12
Added Pin To Net: NetName=NetB14_11 Pin=B14-11
Added Pin To Net: NetName=NetB14_11 Pin=R106-2
Added Net: Name=NetB14_11
Added Pin To Net: NetName=NetB14_12 Pin=B14-12
Added Pin To Net: NetName=NetB14_12 Pin=C123-2
Added Pin To Net: NetName=NetB14_12 Pin=C124-2
Added Net: Name=NetB14_12
Added Pin To Net: NetName=NetB16_25 Pin=B16-25
Added Pin To Net: NetName=NetB16_25 Pin=R109-1
Added Net: Name=NetB16_25
Added Pin To Net: NetName=NetB17_25 Pin=B17-25
Added Pin To Net: NetName=NetB17_25 Pin=R112-1
Added Net: Name=NetB17_25
Added Pin To Net: NetName=NetB17_32 Pin=B17-32
Added Pin To Net: NetName=NetB17_32 Pin=R44-2
Added Pin To Net: NetName=NetB17_32 Pin=R46-2
Added Net: Name=NetB17_32
Added Pin To Net: NetName=NetB18_10 Pin=B18-10
Added Pin To Net: NetName=NetB18_10 Pin=C171-1
Added Net: Name=NetB18_10
Added Pin To Net: NetName=NetC69_1 Pin=C69-1
Added Pin To Net: NetName=NetC69_1 Pin=D16-2
Added Pin To Net: NetName=NetC69_1 Pin=U7-2
Added Pin To Net: NetName=NetC69_1 Pin=U7-4
Added Net: Name=NetC69_1
Added Pin To Net: NetName=NetC170_2 Pin=C170-2
Added Pin To Net: NetName=NetC170_2 Pin=R126-2
Added Pin To Net: NetName=NetC170_2 Pin=U11-3
Added Net: Name=NetC170_2
Added Pin To Net: NetName=NetC172_2 Pin=C172-2
Added Pin To Net: NetName=NetC172_2 Pin=R130-2
Added Pin To Net: NetName=NetC172_2 Pin=U11-5
Added Net: Name=NetC172_2
Added Pin To Net: NetName=NetD5_A Pin=D5-A
Added Pin To Net: NetName=NetD5_A Pin=R1-1
Added Net: Name=NetD5_A
Added Pin To Net: NetName=NetD6_A Pin=D6-A
Added Pin To Net: NetName=NetD6_A Pin=R2-1
Added Net: Name=NetD6_A
Added Pin To Net: NetName=NetD7_A Pin=D7-A
Added Pin To Net: NetName=NetD7_A Pin=R3-1
Added Net: Name=NetD7_A
Added Pin To Net: NetName=NetD8_K Pin=D8-K
Added Pin To Net: NetName=NetD8_K Pin=R4-1
Added Net: Name=NetD8_K
Added Pin To Net: NetName=NetD9_K Pin=D9-K
Added Pin To Net: NetName=NetD9_K Pin=R5-1
Added Net: Name=NetD9_K
Added Pin To Net: NetName=NetD11_A Pin=D11-A
Added Pin To Net: NetName=NetD11_A Pin=R51-1
Added Net: Name=NetD11_A
Added Pin To Net: NetName=NetD12_A Pin=D12-A
Added Pin To Net: NetName=NetD12_A Pin=R52-1
Added Net: Name=NetD12_A
Added Pin To Net: NetName=NetJ8_A5 Pin=J8-A5
Added Pin To Net: NetName=NetJ8_A5 Pin=R66-2
Added Net: Name=NetJ8_A5
Added Pin To Net: NetName=NetJ8_B5 Pin=J8-B5
Added Pin To Net: NetName=NetJ8_B5 Pin=R65-2
Added Net: Name=NetJ8_B5
Added Pin To Net: NetName=NetQ1_1 Pin=Q1-1
Added Pin To Net: NetName=NetQ1_1 Pin=R18-1
Added Net: Name=NetQ1_1
Added Pin To Net: NetName=NetQ1_3 Pin=Q1-3
Added Pin To Net: NetName=NetQ1_3 Pin=RLY1-1
Added Net: Name=NetQ1_3
Added Pin To Net: NetName=NetQ2_1 Pin=Q2-1
Added Pin To Net: NetName=NetQ2_1 Pin=R20-1
Added Net: Name=NetQ2_1
Added Pin To Net: NetName=NetQ2_3 Pin=Q2-3
Added Pin To Net: NetName=NetQ2_3 Pin=RLY2-1
Added Net: Name=NetQ2_3
Added Pin To Net: NetName=NetR125_1 Pin=R125-1
Added Pin To Net: NetName=NetR125_1 Pin=R126-1
Added Pin To Net: NetName=NetR125_1 Pin=R128-2
Added Net: Name=NetR125_1
Added Pin To Net: NetName=NetR127_1 Pin=R127-1
Added Pin To Net: NetName=NetR127_1 Pin=U11-1
Added Pin To Net: NetName=NetR127_1 Pin=U11-2
Added Net: Name=NetR127_1
Added Pin To Net: NetName=NetR129_1 Pin=R129-1
Added Pin To Net: NetName=NetR129_1 Pin=R130-1
Added Pin To Net: NetName=NetR129_1 Pin=R132-2
Added Net: Name=NetR129_1
Added Pin To Net: NetName=NetR131_1 Pin=R131-1
Added Pin To Net: NetName=NetR131_1 Pin=U11-6
Added Pin To Net: NetName=NetR131_1 Pin=U11-7
Added Net: Name=NetR131_1
Added Pin To Net: NetName=NetR133_1 Pin=R133-1
Added Pin To Net: NetName=NetR133_1 Pin=R137-1
Added Pin To Net: NetName=NetR133_1 Pin=U12-7
Added Net: Name=NetR133_1
Added Pin To Net: NetName=NetR134_1 Pin=R134-1
Added Pin To Net: NetName=NetR134_1 Pin=R138-2
Added Pin To Net: NetName=NetR134_1 Pin=U12-1
Added Net: Name=NetR134_1
Added Pin To Net: NetName=NetR135_1 Pin=R135-1
Added Pin To Net: NetName=NetR135_1 Pin=R139-2
Added Pin To Net: NetName=NetR135_1 Pin=U12-2
Added Net: Name=NetR135_1
Added Pin To Net: NetName=NetR136_1 Pin=R136-1
Added Pin To Net: NetName=NetR136_1 Pin=R140-2
Added Pin To Net: NetName=NetR136_1 Pin=U12-3
Added Net: Name=NetR136_1
Added Pin To Net: NetName=NEXTION_RX Pin=J6-3
Added Pin To Net: NetName=NEXTION_RX Pin=R41-2
Added Net: Name=NEXTION_RX
Added Pin To Net: NetName=NEXTION_TX Pin=J6-2
Added Pin To Net: NetName=NEXTION_TX Pin=R43-2
Added Net: Name=NEXTION_TX
Added Pin To Net: NetName=OFFSET_VIN_Offset1 Pin=B9-2
Added Pin To Net: NetName=OFFSET_VIN_Offset1 Pin=R72-2
Added Pin To Net: NetName=OFFSET_VIN_Offset1 Pin=R73-1
Added Pin To Net: NetName=OFFSET_VIN_Offset1 Pin=R74-2
Added Net: Name=OFFSET_VIN_Offset1
Added Pin To Net: NetName=OFFSET_VIN_Offset2 Pin=B11-2
Added Pin To Net: NetName=OFFSET_VIN_Offset2 Pin=R77-2
Added Pin To Net: NetName=OFFSET_VIN_Offset2 Pin=R78-1
Added Pin To Net: NetName=OFFSET_VIN_Offset2 Pin=R79-2
Added Net: Name=OFFSET_VIN_Offset2
Added Pin To Net: NetName=OFFSET_VOUT_Amplificador1 Pin=B9-6
Added Pin To Net: NetName=OFFSET_VOUT_Amplificador1 Pin=R7-1
Added Pin To Net: NetName=OFFSET_VOUT_Amplificador1 Pin=R10-1
Added Pin To Net: NetName=OFFSET_VOUT_Amplificador1 Pin=R73-2
Added Net: Name=OFFSET_VOUT_Amplificador1
Added Pin To Net: NetName=OFFSET_VOUT_Amplificador2 Pin=B11-6
Added Pin To Net: NetName=OFFSET_VOUT_Amplificador2 Pin=R13-1
Added Pin To Net: NetName=OFFSET_VOUT_Amplificador2 Pin=R16-1
Added Pin To Net: NetName=OFFSET_VOUT_Amplificador2 Pin=R78-2
Added Net: Name=OFFSET_VOUT_Amplificador2
Added Pin To Net: NetName=OPA41971_+IN_A Pin=B12-3
Added Pin To Net: NetName=OPA41971_+IN_A Pin=C106-2
Added Pin To Net: NetName=OPA41971_+IN_A Pin=R85-2
Added Pin To Net: NetName=OPA41971_+IN_A Pin=R86-2
Added Net: Name=OPA41971_+IN_A
Added Pin To Net: NetName=OPA41971_+IN_D Pin=B12-12
Added Pin To Net: NetName=OPA41971_+IN_D Pin=C105-1
Added Pin To Net: NetName=OPA41971_+IN_D Pin=R82-2
Added Net: Name=OPA41971_+IN_D
Added Pin To Net: NetName=OPA41971_-IN_A Pin=B12-2
Added Pin To Net: NetName=OPA41971_-IN_A Pin=R83-1
Added Pin To Net: NetName=OPA41971_-IN_A Pin=R84-2
Added Net: Name=OPA41971_-IN_A
Added Pin To Net: NetName=OPA41971_OUTA Pin=B12-1
Added Pin To Net: NetName=OPA41971_OUTA Pin=R82-1
Added Pin To Net: NetName=OPA41971_OUTA Pin=R83-2
Added Net: Name=OPA41971_OUTA
Added Pin To Net: NetName=PE4312_C0.5_Atenuador_Digital_Pasos1 Pin=B13-20
Added Pin To Net: NetName=PE4312_C0.5_Atenuador_Digital_Pasos1 Pin=C115-2
Added Net: Name=PE4312_C0.5_Atenuador_Digital_Pasos1
Added Pin To Net: NetName=PE4312_C0.5_Atenuador_Digital_Pasos2 Pin=B14-20
Added Pin To Net: NetName=PE4312_C0.5_Atenuador_Digital_Pasos2 Pin=C126-2
Added Net: Name=PE4312_C0.5_Atenuador_Digital_Pasos2
Added Pin To Net: NetName=PE4312_C1_Atenuador_Digital_Pasos1 Pin=B13-19
Added Pin To Net: NetName=PE4312_C1_Atenuador_Digital_Pasos1 Pin=C116-2
Added Net: Name=PE4312_C1_Atenuador_Digital_Pasos1
Added Pin To Net: NetName=PE4312_C1_Atenuador_Digital_Pasos2 Pin=B14-19
Added Pin To Net: NetName=PE4312_C1_Atenuador_Digital_Pasos2 Pin=C127-2
Added Net: Name=PE4312_C1_Atenuador_Digital_Pasos2
Added Pin To Net: NetName=PE4312_C2_Atenuador_Digital_Pasos1 Pin=B13-17
Added Pin To Net: NetName=PE4312_C2_Atenuador_Digital_Pasos1 Pin=C117-2
Added Net: Name=PE4312_C2_Atenuador_Digital_Pasos1
Added Pin To Net: NetName=PE4312_C2_Atenuador_Digital_Pasos2 Pin=B14-17
Added Pin To Net: NetName=PE4312_C2_Atenuador_Digital_Pasos2 Pin=C128-2
Added Net: Name=PE4312_C2_Atenuador_Digital_Pasos2
Added Pin To Net: NetName=PE4312_C4_Atenuador_Digital_Pasos1 Pin=B13-16
Added Pin To Net: NetName=PE4312_C4_Atenuador_Digital_Pasos1 Pin=C118-2
Added Net: Name=PE4312_C4_Atenuador_Digital_Pasos1
Added Pin To Net: NetName=PE4312_C4_Atenuador_Digital_Pasos2 Pin=B14-16
Added Pin To Net: NetName=PE4312_C4_Atenuador_Digital_Pasos2 Pin=C129-2
Added Net: Name=PE4312_C4_Atenuador_Digital_Pasos2
Added Pin To Net: NetName=PE4312_C8_Atenuador_Digital_Pasos1 Pin=B13-15
Added Pin To Net: NetName=PE4312_C8_Atenuador_Digital_Pasos1 Pin=C119-2
Added Net: Name=PE4312_C8_Atenuador_Digital_Pasos1
Added Pin To Net: NetName=PE4312_C8_Atenuador_Digital_Pasos2 Pin=B14-15
Added Pin To Net: NetName=PE4312_C8_Atenuador_Digital_Pasos2 Pin=C130-2
Added Net: Name=PE4312_C8_Atenuador_Digital_Pasos2
Added Pin To Net: NetName=PE4312_C16_Atenuador_Digital_Pasos1 Pin=B13-1
Added Pin To Net: NetName=PE4312_C16_Atenuador_Digital_Pasos1 Pin=C120-2
Added Pin To Net: NetName=PE4312_C16_Atenuador_Digital_Pasos1 Pin=R95-2
Added Net: Name=PE4312_C16_Atenuador_Digital_Pasos1
Added Pin To Net: NetName=PE4312_C16_Atenuador_Digital_Pasos2 Pin=B14-1
Added Pin To Net: NetName=PE4312_C16_Atenuador_Digital_Pasos2 Pin=C131-2
Added Pin To Net: NetName=PE4312_C16_Atenuador_Digital_Pasos2 Pin=R104-2
Added Net: Name=PE4312_C16_Atenuador_Digital_Pasos2
Added Pin To Net: NetName=PE4312_DATA_Atenuador_Digital_Pasos1 Pin=B13-3
Added Pin To Net: NetName=PE4312_DATA_Atenuador_Digital_Pasos1 Pin=R96-2
Added Net: Name=PE4312_DATA_Atenuador_Digital_Pasos1
Added Pin To Net: NetName=PE4312_DATA_Atenuador_Digital_Pasos2 Pin=B14-3
Added Pin To Net: NetName=PE4312_DATA_Atenuador_Digital_Pasos2 Pin=R105-2
Added Net: Name=PE4312_DATA_Atenuador_Digital_Pasos2
Added Pin To Net: NetName=PE4312_P/S_Atenuador_Digital_Pasos1 Pin=B13-13
Added Pin To Net: NetName=PE4312_P/S_Atenuador_Digital_Pasos1 Pin=R98-1
Added Pin To Net: NetName=PE4312_P/S_Atenuador_Digital_Pasos1 Pin=R99-2
Added Net: Name=PE4312_P/S_Atenuador_Digital_Pasos1
Added Pin To Net: NetName=PE4312_P/S_Atenuador_Digital_Pasos2 Pin=B14-13
Added Pin To Net: NetName=PE4312_P/S_Atenuador_Digital_Pasos2 Pin=R107-1
Added Pin To Net: NetName=PE4312_P/S_Atenuador_Digital_Pasos2 Pin=R108-2
Added Net: Name=PE4312_P/S_Atenuador_Digital_Pasos2
Added Pin To Net: NetName=PE4312_PUP1_Atenuador_Digital_Pasos1 Pin=B13-7
Added Pin To Net: NetName=PE4312_PUP1_Atenuador_Digital_Pasos1 Pin=R91-1
Added Pin To Net: NetName=PE4312_PUP1_Atenuador_Digital_Pasos1 Pin=R93-2
Added Net: Name=PE4312_PUP1_Atenuador_Digital_Pasos1
Added Pin To Net: NetName=PE4312_PUP1_Atenuador_Digital_Pasos2 Pin=B14-7
Added Pin To Net: NetName=PE4312_PUP1_Atenuador_Digital_Pasos2 Pin=R100-1
Added Pin To Net: NetName=PE4312_PUP1_Atenuador_Digital_Pasos2 Pin=R102-2
Added Net: Name=PE4312_PUP1_Atenuador_Digital_Pasos2
Added Pin To Net: NetName=PE4312_PUP2_Atenuador_Digital_Pasos1 Pin=B13-8
Added Pin To Net: NetName=PE4312_PUP2_Atenuador_Digital_Pasos1 Pin=R92-1
Added Pin To Net: NetName=PE4312_PUP2_Atenuador_Digital_Pasos1 Pin=R94-2
Added Net: Name=PE4312_PUP2_Atenuador_Digital_Pasos1
Added Pin To Net: NetName=PE4312_PUP2_Atenuador_Digital_Pasos2 Pin=B14-8
Added Pin To Net: NetName=PE4312_PUP2_Atenuador_Digital_Pasos2 Pin=R101-1
Added Pin To Net: NetName=PE4312_PUP2_Atenuador_Digital_Pasos2 Pin=R103-2
Added Net: Name=PE4312_PUP2_Atenuador_Digital_Pasos2
Added Pin To Net: NetName=PE4312_RFIN_Atenuador_Digital_Pasos1 Pin=B13-2
Added Pin To Net: NetName=PE4312_RFIN_Atenuador_Digital_Pasos1 Pin=R23-2
Added Pin To Net: NetName=PE4312_RFIN_Atenuador_Digital_Pasos1 Pin=R24-2
Added Net: Name=PE4312_RFIN_Atenuador_Digital_Pasos1
Added Pin To Net: NetName=PE4312_RFIN_Atenuador_Digital_Pasos2 Pin=B14-2
Added Pin To Net: NetName=PE4312_RFIN_Atenuador_Digital_Pasos2 Pin=R26-2
Added Pin To Net: NetName=PE4312_RFIN_Atenuador_Digital_Pasos2 Pin=R27-2
Added Net: Name=PE4312_RFIN_Atenuador_Digital_Pasos2
Added Pin To Net: NetName=PULSADOR_0 Pin=B1-1
Added Pin To Net: NetName=PULSADOR_0 Pin=J4-2
Added Net: Name=PULSADOR_0
Added Pin To Net: NetName=PULSADOR_1 Pin=B1-2
Added Pin To Net: NetName=PULSADOR_1 Pin=J4-4
Added Net: Name=PULSADOR_1
Added Pin To Net: NetName=PULSADOR_2 Pin=B1-3
Added Pin To Net: NetName=PULSADOR_2 Pin=J4-6
Added Net: Name=PULSADOR_2
Added Pin To Net: NetName=PULSADOR_3 Pin=B1-4
Added Pin To Net: NetName=PULSADOR_3 Pin=J4-8
Added Net: Name=PULSADOR_3
Added Pin To Net: NetName=PULSADOR_4 Pin=B1-5
Added Pin To Net: NetName=PULSADOR_4 Pin=J4-10
Added Net: Name=PULSADOR_4
Added Pin To Net: NetName=PULSADOR_5 Pin=B1-6
Added Pin To Net: NetName=PULSADOR_5 Pin=J4-12
Added Net: Name=PULSADOR_5
Added Pin To Net: NetName=PULSADOR_6 Pin=B1-7
Added Pin To Net: NetName=PULSADOR_6 Pin=J7-2
Added Net: Name=PULSADOR_6
Added Pin To Net: NetName=PULSADOR_7 Pin=B1-8
Added Pin To Net: NetName=PULSADOR_7 Pin=J7-4
Added Net: Name=PULSADOR_7
Added Pin To Net: NetName=PULSADOR_8 Pin=B1-21
Added Pin To Net: NetName=PULSADOR_8 Pin=J7-6
Added Net: Name=PULSADOR_8
Added Pin To Net: NetName=PULSADOR_9 Pin=B1-22
Added Pin To Net: NetName=PULSADOR_9 Pin=J7-8
Added Net: Name=PULSADOR_9
Added Pin To Net: NetName=PULSADOR_10 Pin=B1-23
Added Pin To Net: NetName=PULSADOR_10 Pin=J7-10
Added Net: Name=PULSADOR_10
Added Pin To Net: NetName=PULSADOR_11 Pin=B1-24
Added Pin To Net: NetName=PULSADOR_11 Pin=J7-12
Added Net: Name=PULSADOR_11
Added Pin To Net: NetName=PULSADOR_12 Pin=B1-25
Added Pin To Net: NetName=PULSADOR_12 Pin=J7-14
Added Net: Name=PULSADOR_12
Added Pin To Net: NetName=PULSADOR_13 Pin=B1-26
Added Pin To Net: NetName=PULSADOR_13 Pin=J7-16
Added Net: Name=PULSADOR_13
Added Pin To Net: NetName=PULSADOR_14 Pin=B1-27
Added Pin To Net: NetName=PULSADOR_14 Pin=J7-1
Added Net: Name=PULSADOR_14
Added Pin To Net: NetName=PULSADOR_15 Pin=B1-28
Added Pin To Net: NetName=PULSADOR_15 Pin=J7-3
Added Net: Name=PULSADOR_15
Added Pin To Net: NetName=RELE1_CM Pin=J2-1
Added Pin To Net: NetName=RELE1_CM Pin=RLY1-3
Added Net: Name=RELE1_CM
Added Pin To Net: NetName=RELE1_NC Pin=R19-2
Added Pin To Net: NetName=RELE1_NC Pin=RLY1-2
Added Net: Name=RELE1_NC
Added Pin To Net: NetName=RELE2_CM Pin=J3-1
Added Pin To Net: NetName=RELE2_CM Pin=RLY2-3
Added Net: Name=RELE2_CM
Added Pin To Net: NetName=RELE2_NC Pin=R21-2
Added Pin To Net: NetName=RELE2_NC Pin=RLY2-2
Added Net: Name=RELE2_NC
Added Pin To Net: NetName=RUN Pin=SW2-3
Added Pin To Net: NetName=RUN Pin=U9-26
Added Net: Name=RUN
Added Pin To Net: NetName=SI5351_CLK0 Pin=B15-10
Added Pin To Net: NetName=SI5351_CLK0 Pin=U10-1
Added Net: Name=SI5351_CLK0
Added Pin To Net: NetName=SI5351_CLK1 Pin=B15-9
Added Pin To Net: NetName=SI5351_CLK1 Pin=U10-3
Added Net: Name=SI5351_CLK1
Added Pin To Net: NetName=SI5351_XA Pin=B15-2
Added Pin To Net: NetName=SI5351_XA Pin=Y1-1
Added Net: Name=SI5351_XA
Added Pin To Net: NetName=SI5351_XB Pin=B15-3
Added Pin To Net: NetName=SI5351_XB Pin=Y1-3
Added Net: Name=SI5351_XB
Added Pin To Net: NetName=SWCLK Pin=J9-1
Added Pin To Net: NetName=SWCLK Pin=U9-24
Added Net: Name=SWCLK
Added Pin To Net: NetName=SWD Pin=J9-3
Added Pin To Net: NetName=SWD Pin=U9-25
Added Net: Name=SWD
Added Pin To Net: NetName=SY55857_D\0\ Pin=R119-1
Added Pin To Net: NetName=SY55857_D\0\ Pin=U10-2
Added Net: Name=SY55857_D\0\
Added Pin To Net: NetName=SY55857_D\1\ Pin=R120-1
Added Pin To Net: NetName=SY55857_D\1\ Pin=U10-4
Added Net: Name=SY55857_D\1\
Added Pin To Net: NetName=SY55857_Q0 Pin=C164-2
Added Pin To Net: NetName=SY55857_Q0 Pin=R115-1
Added Pin To Net: NetName=SY55857_Q0 Pin=R121-2
Added Pin To Net: NetName=SY55857_Q0 Pin=U10-9
Added Net: Name=SY55857_Q0
Added Pin To Net: NetName=SY55857_Q1 Pin=C166-2
Added Pin To Net: NetName=SY55857_Q1 Pin=R117-1
Added Pin To Net: NetName=SY55857_Q1 Pin=R123-2
Added Pin To Net: NetName=SY55857_Q1 Pin=U10-7
Added Net: Name=SY55857_Q1
Added Pin To Net: NetName=SY55857_Q\0\ Pin=C165-2
Added Pin To Net: NetName=SY55857_Q\0\ Pin=R116-1
Added Pin To Net: NetName=SY55857_Q\0\ Pin=R122-2
Added Pin To Net: NetName=SY55857_Q\0\ Pin=U10-8
Added Net: Name=SY55857_Q\0\
Added Pin To Net: NetName=SY55857_Q\1\ Pin=C167-2
Added Pin To Net: NetName=SY55857_Q\1\ Pin=R118-1
Added Pin To Net: NetName=SY55857_Q\1\ Pin=R124-2
Added Pin To Net: NetName=SY55857_Q\1\ Pin=U10-6
Added Net: Name=SY55857_Q\1\
Added Pin To Net: NetName=THS427_IN+_Conversor_Diff_A_Simple1 Pin=B3-3
Added Pin To Net: NetName=THS427_IN+_Conversor_Diff_A_Simple1 Pin=R55-2
Added Pin To Net: NetName=THS427_IN+_Conversor_Diff_A_Simple1 Pin=R56-2
Added Net: Name=THS427_IN+_Conversor_Diff_A_Simple1
Added Pin To Net: NetName=THS427_IN+_Conversor_Diff_A_Simple2 Pin=B5-3
Added Pin To Net: NetName=THS427_IN+_Conversor_Diff_A_Simple2 Pin=R59-2
Added Pin To Net: NetName=THS427_IN+_Conversor_Diff_A_Simple2 Pin=R60-2
Added Net: Name=THS427_IN+_Conversor_Diff_A_Simple2
Added Pin To Net: NetName=THS427_IN-_Conversor_Diff_A_Simple1 Pin=B3-2
Added Pin To Net: NetName=THS427_IN-_Conversor_Diff_A_Simple1 Pin=R53-1
Added Pin To Net: NetName=THS427_IN-_Conversor_Diff_A_Simple1 Pin=R54-2
Added Net: Name=THS427_IN-_Conversor_Diff_A_Simple1
Added Pin To Net: NetName=THS427_IN-_Conversor_Diff_A_Simple2 Pin=B5-2
Added Pin To Net: NetName=THS427_IN-_Conversor_Diff_A_Simple2 Pin=R57-1
Added Pin To Net: NetName=THS427_IN-_Conversor_Diff_A_Simple2 Pin=R58-2
Added Net: Name=THS427_IN-_Conversor_Diff_A_Simple2
Added Pin To Net: NetName=USB0_N Pin=R69-2
Added Net: Name=USB0_N
Added Pin To Net: NetName=USB0_P Pin=R67-2
Added Net: Name=USB0_P
Added Pin To Net: NetName=VBUS Pin=C71-1
Added Pin To Net: NetName=VBUS Pin=D15-2
Added Pin To Net: NetName=VBUS Pin=FB6-2
Added Net: Name=VBUS
Added Pin To Net: NetName=XOUT Pin=C84-2
Added Pin To Net: NetName=XOUT Pin=R71-1
Added Pin To Net: NetName=XOUT Pin=X1-3
Added Net: Name=XOUT
Added Class: Name=Alimentacion
Added Class: Name=Amplificador1
Added Class: Name=Amplificador2
Added Class: Name=Atenuador_Digital_Pasos1
Added Class: Name=Atenuador_Digital_Pasos2
Added Class: Name=ConexionesPanelFrontal/Perifericos
Added Class: Name=Control-Principal.V03.R00
Added Class: Name=CONVERSOR_CMOS_A_LVPECL
Added Class: Name=Conversor_Diff_A_Simple1
Added Class: Name=Conversor_Diff_A_Simple2
Added Class: Name=DAC_BIPOLAR_CH1-CH2
Added Class: Name=DAC_OFFSET_CANAL1
Added Class: Name=DAC_OFFSET_CANAL2
Added Class: Name=DDS1
Added Class: Name=DDS2
Added Class: Name=DDS_CANAL1
Added Class: Name=DDS_CANAL2
Added Class: Name=Memoria EEPROM
Added Class: Name=MICROCONTROLADOR RP2040
Added Class: Name=Offset1
Added Class: Name=Offset2
Added Class: Name=Referencia Tension/Ajuste Fino Amplitud - DDS
Added Class: Name=RELOJ_SI5351
Added Class: Name=SALIDA_BNC
Added Class: Name=MCU_GPIO[0..29]
Added Differential Pair: Name=AD9102_CLK_DDS1
Added Differential Pair: Name=AD9102_CLK_DDS2
Added Differential Pair: Name=DDS_IOUT_DDS1
Added Differential Pair: Name=DDS_IOUT_DDS2
Added Differential Pair: Name=MCU_USB
Added Differential Pair: Name=USB0
Added Class: Name=Amplificador.V03.R00
Added Class: Name=Canal-DDS.V03.R00
Added Class: Name=DifferentialToSingleOutput.V03.R00
Added Class: Name=MCP4725.V03.R00
Added Class: Name=Offset.V03.R00
Added Class: Name=PE4312.V03.R00
Added Class: Name=Sintetizador-AD9102.V03.R00
Added Room: Name=Alimentacion
Added Room: Name=Amplificador1
Added Room: Name=Amplificador2
Added Room: Name=Atenuador_Digital_Pasos1
Added Room: Name=Atenuador_Digital_Pasos2
Added Room: Name=ConexionesPanelFrontal/Perifericos
Added Room: Name=Control-Principal.V03.R00
Added Room: Name=CONVERSOR_CMOS_A_LVPECL
Added Room: Name=Conversor_Diff_A_Simple1
Added Room: Name=Conversor_Diff_A_Simple2
Added Room: Name=DAC_BIPOLAR_CH1-CH2
Added Room: Name=DAC_OFFSET_CANAL1
Added Room: Name=DAC_OFFSET_CANAL2
Added Room: Name=DDS1
Added Room: Name=DDS2
Added Room: Name=DDS_CANAL1
Added Room: Name=DDS_CANAL2
Added Room: Name=Memoria EEPROM
Added Room: Name=MICROCONTROLADOR RP2040
Added Room: Name=Offset1
Added Room: Name=Offset2
Added Room: Name=Referencia Tension/Ajuste Fino Amplitud - DDS
Added Room: Name=RELOJ_SI5351
Added Room: Name=SALIDA_BNC
