:020000040800F2
:100000008029002475400008EB8400086140000846
:1000100061400008614000086140000800000000E5
:100020000000000000000000000000003541000852
:100030006140000800000000D5400008C5600008CD
:10004000AD420008AD420008AD420008AD420008D4
:10005000AD420008AD420008AD420008AD420008C4
:10006000AD420008AD420008AD420008AD420008B4
:10007000AD420008AD420008AD420008AD420008A4
:10008000AD420008AD420008AD420008AD42000894
:10009000AD420008AD420008AD420008AD42000884
:1000A000AD420008AD420008AD420008AD42000874
:1000B000AD420008AD420008AD420008AD42000864
:1000C000AD420008AD420008AD420008AD42000854
:1000D000AD420008AD420008AD420008AD42000844
:1000E000AD420008AD420008AD420008AD42000834
:1000F000AD420008AD420008AD420008AD42000824
:10010000AD420008AD420008AD420008AD42000813
:10011000AD420008AD420008AD420008AD42000803
:10012000AD420008AD420008AD420008AD420008F3
:10013000AD420008AD420008AD420008AD420008E3
:10014000AD420008AD420008AD420008AD420008D3
:10015000AD420008AD420008AD420008AD420008C3
:10016000AD420008AD420008AD420008AD420008B3
:10017000AD420008AD420008AD420008AD420008A3
:10018000AD420008AD420008AD420008AD42000893
:10019000AD420008AD420008AD420008AD42000883
:1001A000AD420008AD420008AD420008AD42000873
:1001B000AD420008AD420008AD420008AD42000863
:1001C000AD420008AD420008AD420008AD42000853
:1001D000AD420008AD420008AD420008AD42000843
:1001E000AD420008AD420008AD420008AD42000833
:1001F000AD420008AD420008AD420008AD42000823
:10020000AD420008AD420008AD420008AD42000812
:10021000AD420008AD420008AD420008AD42000802
:10022000AD420008AD420008AD420008AD420008F2
:10023000AD420008AD420008AD420008AD420008E2
:10024000AD420008AD420008AD420008AD420008D2
:10025000AD420008AD420008AD420008AD420008C2
:10026000AD420008AD420008AD420008AD420008B2
:10027000AD420008AD420008AD420008AD420008A2
:10028000AD420008AD420008AD420008AD42000892
:08029000AD420008AD42000878
:1002980081F0004102E000BF83F0004330B54FEA2F
:1002A80041044FEA430594EA050F08BF90EA020F9C
:1002B8001FBF54EA000C55EA020C7FEA645C7FEA2F
:1002C800655C00F0E2804FEA5454D4EB5555B8BF52
:1002D8006D420CDD2C4480EA020281EA030382EAC3
:1002E800000083EA010180EA020281EA0303362D55
:1002F80088BF30BD11F0004F4FEA01314FF4801C28
:100308004CEA113102D0404261EB410113F0004F39
:100318004FEA03334CEA133302D0524263EB4303F0
:1003280094EA050F00F0A780A4F10104D5F1200E8E
:100338000DDB02FA0EFC22FA05F2801841F10001E9
:1003480003FA0EF2801843FA05F359410EE0A5F1BD
:1003580020050EF1200E012A03FA0EFC28BF4CF0EE
:10036800020C43FA05F3C01851EBE37101F00045A4
:1003780007D54FF0000EDCF1000C7EEB00006EEBB1
:100388000101B1F5801F1BD3B1F5001F0CD349083B
:100398005FEA30004FEA3C0C04F101044FEA445292
:1003A80012F5800F80F09A80BCF1004F08BF5FEA19
:1003B800500C50F1000041EB045141EA050130BDF9
:1003C8005FEA4C0C404141EB0101013C28BFB1F50B
:1003D800801FE9D291F0000F04BF01460020B1FA56
:1003E80081F308BF2033A3F10B03B3F120020CDA29
:1003F8000C3208DD02F1140CC2F10C0201FA0CF007
:1004080021FA02F10CE002F11402D8BFC2F1200C6B
:1004180001FA02F120FA0CFCDCBF41EA0C01904021
:10042800E41AA2BF01EB0451294330BD6FEA04046A
:100438001F3C1CDA0C340EDC04F11404C4F1200255
:1004480020FA04F001FA02F340EA030021FA04F367
:1004580045EA030130BDC4F10C04C4F1200220FABE
:1004680002F001FA04F340EA0300294630BD21FAFC
:1004780004F0294630BD94F0000F83F4801306BFC2
:1004880081F480110134013D4EE77FEA645C18BFB6
:100498007FEA655C29D094EA050F08BF90EA020F4D
:1004A80005D054EA000C04BF1946104630BD91EA45
:1004B800030F1EBF0021002030BD5FEA545C05D148
:1004C8004000494128BF41F0004130BD14F5800487
:1004D8003CBF01F5801130BD01F0004545F0FE41FB
:1004E80041F470014FF0000030BD7FEA645C1ABF30
:1004F800194610467FEA655C1CBF0B46024650EA67
:10050800013406BF52EA033591EA030F41F4002192
:1005180030BD00BF90F0000F04BF0021704730B518
:100528004FF4806404F132044FF000054FF00001ED
:1005380050E700BF90F0000F04BF0021704730B5AE
:100548004FF4806404F1320410F0004548BF404283
:100558004FF000013EE700BF42004FEAE2014FEAD8
:1005680031014FEA02701FBF12F07F4393F07F4FB3
:1005780081F06051704732F07F4208BF704793F0B6
:100588007F4F04BF41F40021704730B54FF46074C9
:1005980001F0004521F000411CE700BF50EA0102CC
:1005A80008BF704730B54FF000050AE050EA010275
:1005B80008BF704730B511F0004502D5404261EBE5
:1005C80041014FF4806404F132045FEA915C3FF426
:1005D800D8AE4FF003025FEADC0C18BF03325FEAC3
:1005E800DC0C18BF033202EBDC02C2F1200300FA74
:1005F80003FC20FA02F001FA03FE40EA0E0021FA99
:1006080002F11444BDE600BF70B54FF0FF0C4CF486
:10061800E06C1CEA11541DBF1CEA135594EA0C0F38
:1006280095EA0C0F00F0DEF82C4481EA030621EA73
:100638004C5123EA4C5350EA013518BF52EA0335AE
:1006480041F4801143F4801338D0A0FB02CE4FF060
:100658000005E1FB02E506F00042E0FB03E54FF090
:100668000006E1FB03569CF0000F18BF4EF0010E88
:10067800A4F1FF04B6F5007F64F5407404D25FEA84
:100688004E0E6D4146EB060642EAC62141EA555137
:100698004FEAC52040EA5E504FEACE2EB4F1FD0C79
:1006A80088BFBCF5E06F1ED8BEF1004F08BF5FEAF7
:1006B800500E50F1000041EB045170BD06F00046A9
:1006C80046EA010140EA020081EA0301B4EB5C0456
:1006D800C2BFD4EB0C0541EA045170BD41F480114E
:1006E8004FF0000E013C00F3AB8014F1360FDEBF73
:1006F800002001F0004170BDC4F10004203C35DA4F
:100708000C341BDC04F11404C4F1200500FA05F3D1
:1007180020FA04F001FA05F240EA020001F0004272
:1007280021F0004110EBD37021FA04F642EB0601E8
:100738005EEA430E08BF20EAD37070BDC4F10C0412
:10074800C4F1200500FA04F320FA05F001FA04F2D6
:1007580040EA020001F0004110EBD37041F10001C2
:100768005EEA430E08BF20EAD37070BDC4F12005CD
:1007780000FA05F24EEA020E20FA04F301FA05F235
:1007880043EA020321FA04F001F0004121FA04F2DD
:1007980020EA020000EBD3705EEA430E08BF20EAAD
:1007A800D37070BD94F0000F0FD101F000464000E7
:1007B80041EB010111F4801F08BF013CF7D041EA69
:1007C800060195F0000F18BF704703F0004652006D
:1007D80043EB030313F4801F08BF013DF7D043EA3E
:1007E8000603704794EA0C0F0CEA135518BF95EAF4
:1007F8000C0F0CD050EA410618BF52EA4306D1D17B
:1008080081EA030101F000414FF0000070BD50EA99
:10081800410606BF1046194652EA430619D094EA23
:100828000C0F02D150EA013613D195EA0C0F05D10D
:1008380052EA03361CBF104619460AD181EA030161
:1008480001F0004141F0FE4141F470014FF0000019
:1008580070BD41F0FE4141F4780170BD70B54FF0B4
:10086800FF0C4CF4E06C1CEA11541DBF1CEA135534
:1008780094EA0C0F95EA0C0F00F0A7F8A4EB050416
:1008880081EA030E52EA03354FEA013100F088800D
:100898004FEA03334FF0805545EA131343EA1263D6
:1008A8004FEA022245EA111545EA10654FEA00268B
:1008B8000EF000419D4208BF964244F1FD0404F544
:1008C800407402D25B084FEA3202B61A65EB0305A0
:1008D8005B084FEA32024FF480104FF4002CB6EB5D
:1008E800020E75EB030E22BFB61A754640EA0C00DD
:1008F8005B084FEA3202B6EB020E75EB030E22BF1D
:10090800B61A754640EA5C005B084FEA3202B6EB5D
:10091800020E75EB030E22BFB61A754640EA9C001C
:100928005B084FEA3202B6EB020E75EB030E22BFEC
:10093800B61A754640EADC0055EA060E18D04FEAAA
:10094800051545EA16754FEA06164FEAC30343EA4A
:1009580052734FEAC2025FEA1C1CC0D111F4801F17
:100968000BD141EA00014FF000004FF0004CB6E710
:1009780011F4801F04BF01430020B4F1FD0C88BFAF
:10098800BCF5E06F3FF6AFAEB5EB030C04BFB6EBBA
:10099800020C5FEA500C50F1000041EB045170BDAD
:1009A8000EF0004E4EEA113114EB5C04C2BFD4EBDA
:1009B8000C0541EA045170BD41F480114FF0000E5E
:1009C800013C90E645EA060E8DE60CEA135594EADA
:1009D8000C0F08BF95EA0C0F3FF43BAF94EA0C0FDD
:1009E8000AD150EA01347FF434AF95EA0C0F7FF452
:1009F80025AF104619462CE795EA0C0F06D152EAA6
:100A080003353FF4FDAE1046194622E750EA410689
:100A180018BF52EA43067FF4C5AE50EA41047FF49A
:100A28000DAF52EA43057FF4EBAE12E74FF0FF3CFF
:100A380006E000BF4FF0010C02E000BF4FF0010CD0
:100A48004DF804CD4FEA410C7FEA6C5C4FEA430C49
:100A580018BF7FEA6C5C1BD001B050EA410C0CBF98
:100A680052EA430C91EA030F02BF90EA020F0020FA
:100A7800704710F1000F91EA030F58BF994208BF61
:100A880090422CBFD8176FEAE37040F0010070471E
:100A98004FEA410C7FEA6C5C02D150EA013C07D175
:100AA8004FEA430C7FEA6C5CD6D152EA033CD3D0C0
:100AB8005DF8040B704700BF8446104662468C46BA
:100AC8001946634600E000BF01B5FFF7B7FF0028ED
:100AD80048BF10F1000F01BD4DF808EDFFF7F4FF16
:100AE8000CBF012000205DF808FB00BF4DF808EDA1
:100AF800FFF7EAFF34BF012000205DF808FB00BFC4
:100B08004DF808EDFFF7E0FF94BF012000205DF8E5
:100B180008FB00BF4DF808EDFFF7CEFF94BF01209A
:100B280000205DF808FB00BF4DF808EDFFF7C4FF93
:100B380034BF012000205DF808FB00BF4FEA4102E6
:100B480012F5001215D211D56FF47873B3EB625217
:100B580012D94FEAC12343F0004343EA505311F03E
:100B6800004F23FA02F018BF404270474FF00000D0
:100B7800704750EA013005D111F0004008BF6FF00E
:100B8800004070474FF00000704700BF4A0011D284
:100B980012F5001211D20DD56FF47873B3EB6252CF
:100BA8000ED44FEAC12343F0004343EA505323FADB
:100BB80002F070474FF00000704750EA013002D150
:100BC8004FF0FF3070474FF00000704753B94AB9F3
:100BD800002908BF00281CBF4FF0FF314FF0FF303D
:100BE80000F00CB8ADF1080C6DE904CE00F010F877
:100BF800DDF804E0DDE9022304B07047704700BF68
:100C0800034613F8012B002AFBD1181A0138704744
:100C18002DE9F04786468C460846089E15467446D8
:100C28001946002B40F0C2808542B2FA82F245D9BB
:100C38004AB1C2F1200300FA02FC2EFA03F39540F0
:100C480043EA0C0C94404FEA154EA8B2BCFBFEF8E0
:100C5800230C0EFB18CC08FB00F943EA0C4399451A
:100C680028D9EB1808F1FF3704D2994502D9A8F121
:100C780002072B44A3EB0903A4B2B3FBFEFC0EFB53
:100C88001C330CFB00F044EA0344A04214D92C198D
:100C98000CF1FF3304D2A04202D9ACF102032C4478
:100CA800241A43EA07401EB1D4400023346073601D
:100CB800BDE8F0874746DDE76346F1E792BB431B93
:100CC80001214FEA154EAFB2B3FBFEFC200C0EFB20
:100CD8001C330CFB07F840EA0343984562D9EB182C
:100CE8000CF1FF3004D2984502D9ACF102002B4434
:100CF800A3EB0803A4B2B3FBFEFC0EFB1C330CFBF6
:100D080007F744EA0344A7424ED92C190CF1FF33E4
:100D180004D2A74202D9ACF102032C44E41B43EAF3
:100D28000040C0E7C2F1200320FA03F1954090404B
:100D38002EFA03F303434FEA154EAFB2B1FBFEFCA4
:100D48000EFB1C10190C0CFB07F841EA0041884502
:100D580004FA02F422D969180CF1FF3004D288454C
:100D680002D9ACF102002944A1EB08019BB2B1FB06
:100D7800FEFC0EFB1C110CFB07F743EA01439F42E4
:100D88000ED9EB180CF1FF3104D29F4202D9ACF115
:100D980002012B44DB1B41EA004192E76046E3E78E
:100DA8006146F7E76046A3E76346B7E7834206D99B
:100DB80016B9002108467BE7C6E900E0F9E7B3FA6F
:100DC80083F78FB9834201D3724508D8BEEB02047A
:100DD80060EB030301209C461EB9002168E73846F2
:100DE800FAE7C6E9004CF8E7C7F1200CBB4022FA45
:100DF8000CF41C432EFA0CF120FA0CF3B840014312
:100E08004FEA14490EFA07F5B3FBF9F81FFA84FE06
:100E180009FB18300B0C08FB0EFA43EA00439A450D
:100E280002FA07F240D9E31808F1FF3004D29A45D4
:100E380002D9A8F102002344A3EB0A0389B2B3FB49
:100E4800F9F809FB183308FB0EFE41EA03418E4509
:100E58002CD9611808F1FF3304D28E4502D9A8F1C4
:100E68000203214443EA0040A0FB0298A1EB0E01D3
:100E78004145CE46434602D306D14D4504D2B9EB8F
:100E8800020E68EB04030138002EA6D0B5EB0E0263
:100E980061EB030101FA0CFC22FA07F34CEA0303A5
:100EA800F940C6E9003198E74046C5E74346D9E727
:100EB8002DE9F04F93B0CDE90023DDE9007B2BF05D
:100EC800004C0D465CEA0701044611D1031885F46D
:100ED8000022524199426F4B934180F0AA80DDE98C
:100EE800002320462946FFF7D9F904460D4618E0A5
:100EF800694A25F000439342A846F0D8864615D1A2
:100F08000028ECD19C45EAD824D1002FE7D1634AC8
:100F1800934240F29180BBF1000FC0F21185DDE9E8
:100F280000452046294613B0BDE8F08F944502D805
:100F380010D1002F76D008F1404808F5801858EAFB
:100F48000E08CCD1FA198BF400235B419045514A25
:100F58009A41C2E7B8F1000F24DA514A944525D9DD
:100F68000226002F4ED0204625F00041BEF1000F8A
:100F780040F0AB82484A934240F07B82BBF1000FBD
:100F880005DA02460B4600204649FFF767FCB8F130
:100F9800000F04460D46C4DA012EC2D105F1004304
:100FA8001D46BEE7002F64D00026DCE73B4A944587
:100FB80003D8002FF8D13E4624E04FEA2C52A2F283
:100FC800FF32142A0CDDC2F1340227FA02F606FABF
:100FD80002F2BA42EDD106F00106C6F10206C0E7F8
:100FE800002F40F03482C2F114024CFA02F606FADD
:100FF80002F262452B4A28D1944528D006F0010612
:10100800C6F10206BBF1804FADD1274A9342AAD858
:10101800264A93424CD922462B4620462946FFF7BA
:10102800F3FA62E703F1404202F5801202437FF4CB
:101038006EAF1C4D002474E7BBF1000F80F2808472
:10104800DDE9004303F100456BE79445B3D1BBF1FB
:10105800000FBFF666AF0022002320462946FFF79F
:101068003BFD78B14FEAD87013B0BDE8F04F06F0F9
:1010780097BE0C4A9445EAD0BBF1804F40F0DD8121
:101088003E46C2E722462B4606490020FFF7E6FB0C
:101098002BE700BF0000F0FF0000F07FFFFFEF3FED
:1010A800FFFF3F430000F03FFFFFEF5F0000501ECF
:1010B8005EEA030E204625F0004100F002824FEA66
:1010C800D872013A0992324300F0E481CA4A08EA28
:1010D8000202002A00F0D58200241A15A2F2FF327B
:1010E80022440E92C54AC3F3130343F07F5593423B
:1010F80045F4401508DDC24A934240F3CA820E9B6C
:1011080001330E93A5F580154FF0000A4FEACA0384
:101118000F93BC4B03EBCA03D3E900342946CDE94E
:101128000A341A462346CDE90C01FFF7B5F8DDE984
:101138000C2380468946DDE90A01FFF7AFF802462D
:101148000B460020B049FFF789FBCDE910010246A4
:101158000B4640464946FFF757FACDE90601DDE957
:101168000634CDE9043400230493DDE904346D101A
:1011780045F0005505F50025CDE90234002205EBC0
:101188008A4314461D462046DDE902232946FFF717
:101198003BFA02460B4640464946FFF77DF8DDE933
:1011A8000A238046894620462946FFF775F80246F5
:1011B8000B46DDE90C01FFF76FF8DDE90223FFF7C5
:1011C80023FA02460B4640464946FFF765F8DDE933
:1011D8001023FFF719FADDE90623CDE90A011046C5
:1011E8001946FFF711FA72A3D3E90023804689460E
:1011F800FFF70AFA70A3D3E90023FFF74FF8424636
:101208004B46FFF701FA6EA3D3E90023FFF746F830
:1012180042464B46FFF7F8F96BA3D3E90023FFF7E3
:101228003DF842464B46FFF7EFF969A3D3E900239F
:10123800FFF734F842464B46FFF7E6F966A3D3E9D1
:101248000023FFF72BF8424604460D464B4640461E
:101258004946FFF7D9F902460B4620462946FFF7CB
:10126800D3F9DDE9022304460D46DDE90601FFF75F
:1012780015F8DDE90A23FFF7C7F922462B46FFF7E1
:101288000DF8DDE9022304460D4610461946FFF71E
:10129800BBF902460B46CDE90C235C4B0022FEF756
:1012A800FDFF22462B46FEF7F9FFDDE90223002069
:1012B80080468946FFF7A8F9544BCDE90201002280
:1012C80040464946FEF7E8FFDDE90C23FEF7E4FF58
:1012D80002460B4620462946FEF7DEFFDDE90623D7
:1012E800FFF792F9DDE90A2304460D4640464946D0
:1012F800FFF78AF902460B4620462946FEF7CEFF3D
:1013080004460D4602460B46DDE90201FEF7C6FF1C
:1013180033A3D3E90023002080468946FFF774F9F8
:10132800DDE90223CDE9060140464946FEF7B4FF50
:1013380002460B4620462946FEF7AEFF2AA3D3E90C
:101348000023FFF761F92AA3D3E9002304460D46D9
:1013580040464946FFF758F902460B4620462946BB
:10136800FEF79CFF0F9A2A4B1344D3E90023FEF79C
:1013780095FFCDE902010E98FFF7DCF80F9A254B8F
:101388001344D3E900890446DDE902230D46DDE96B
:101398000601FEF783FF42464B46FEF77FFF2246D3
:1013A8002B46FEF77BFF002022462B4634E000BF89
:1013B800EF4E454A287ECA3F65DBC9934A86CD3F32
:1013C80001411DA96074D13F4D268F515555D53F18
:1013D800FFAB6FDBB66DDB3F033333333333E33FB0
:1013E800000000E009C7EE3FFD033ADC09C7EE3F05
:1013F800F5015B14E02F3EBE0000F07F8E980300DD
:1014080079B60B00409D00080000F03F000008403E
:10141800209D0008309D0008CDE90401FEF73CFF3F
:1014280042464B46FEF738FFDDE90623FEF734FF58
:1014380002460B46DDE90201D6E0BB4A934515D1C9
:101448002046294613B0BDE8F04F06F0BDBCBEF1FA
:10145800000F1FD1B54A9342204625F0004107D11D
:10146800BBF1000FBFF641AD76468AE53E467AE508
:101478007646AF4A934217D1BBF1000F05DA024610
:101488000B460020AA49FFF7E9F9B8F1000FBFF6AB
:101498002CAD36B92046294613B0BDE8F04F06F00A
:1014A8008BBC04460D4677E57BB9BBF1000F08DA23
:1014B800B8F1000F03DA731E58425841D4E51846B4
:1014C800D2E5012E7FF411AD2BE54FEAD87202F177
:1014D800FF3ECDF824E05EEA060EDBD0BCF1844F77
:1014E8007FF6F4AD934CA445934C13D9A34208D886
:1014F800BBF1000F08DA002013B0BDE8F04F06F08A
:1015080043BCBBF1000FF6DC002013B0BDE8F04F80
:1015180007F0D4BEA34205D2BBF1000F02EA0600D1
:10152800F3DAE9E7824CA34205D9BBF1000F02EADE
:101538000600E1DCE9E77E4B0022FEF7ADFE70A372
:10154800D3E9002304460D46FFF75EF86EA3D3E9FE
:1015580000238046894620462946FFF755F8774BF1
:10156800CDE90201002220462946FFF74DF8024640
:101578000B4667A1D1E90001FEF78EFE22462B46F5
:10158800FFF742F802460B4600206749FEF784FE43
:101598002246CDE904012B4620462946FFF734F8B8
:1015A80002460B46DDE90401FFF72EF85AA3D3E9FA
:1015B8000023FFF729F802460B46DDE90201FEF792
:1015C8006BFE02460B4604460D4640464946FEF76A
:1015D80065FE002042464B46CDE90401FEF75CFE5D
:1015E80002460B4620462946FEF756FE099B013E59
:1015F8001E4314BF4E4B524B00220026CDE9022356
:1016080004460D465B46DDE900013246FEF744FE1E
:10161800DDE90423FEF7F8FF5F46DDE900238B468A
:10162800824629462046FEF7EFFF02460B46504603
:101638005946FEF733FE3246CDE900013B46DDE967
:101648000401FEF7E1FF0B46024680468946DDE9C4
:101658000001FEF723FE3B4B994204460D468B469C
:101668003BDD01F13F4303F5E003034314D0DDE91B
:10167800020100220023FFF739FA801B18BF01205E
:101688003AE7314B0022FEF7BFFF6FF034040B46F8
:1016980023E54FF0010A39E521A3D3E90023DDE969
:1016A8000001FEF7FBFD424606460F464B46204624
:1016B8002946FEF7F1FD02460B4630463946FFF74C
:1016C80033FA002850D0DDE9020100220023FFF799
:1016D8000DFA003818BF01200EE71C4C21F000431A
:1016E800A34244D91A4B0B44034333D0DDE902012A
:1016F80000220023FFF7FAF9003818BF012004E799
:10170800000000604715F73F44DF5DF80BAE543E1C
:10171800555555555555D53FFE822B654715F73F0D
:10172800FE822B654715973C0000E03F0000F07FE4
:101738000000F03F0000F043FFFFEF3F0000D03F04
:101748000000F0BFFFFF8F4000004043FFCB9040F8
:1017580000346F3F42464B46FEF79EFDDDE900230D
:10176800FFF7D8F90028C1D140F2094304E0864ABE
:10177800934240F2E1801B15A3F2FE334FF4801A26
:101788004AFA03FADA44CAF30A518048A1F2FF314F
:10179800084100EA0A03CAF3130AC1F114014AF422
:1017A800801A4AFA01FABBF1000F404649464FF049
:1017B8000002B8BFCAF1000AFEF76EFD80468946EE
:1017C800DDE9002340464946FEF768FD00245EA394
:1017D800D3E9002320460D46FEF716FF424606468B
:1017E8000F464B4620462946FEF756FD02460B4655
:1017F800DDE90001FEF750FD55A3D3E90023FEF70C
:1018080003FF55A3D3E9002380468946204629468D
:10181800FEF7FAFE02460B4640464946FEF73EFDF5
:1018280004460D4602460B4630463946FEF736FD5D
:1018380032463B4680468946FEF72EFD02460B4659
:1018480020462946FEF728FD424606460F464B46E7
:1018580040464946FEF7D8FE41A3D3E90023044693
:101868000D46FEF7D1FE40A3D3E90023FEF714FD91
:1018780022462B46FEF7C8FE3DA3D3E90023FEF718
:101888000DFD22462B46FEF7BFFE3BA3D3E90023FE
:10189800FEF702FD22462B46FEF7B6FE38A3D3E933
:1018A8000023FEF7FBFC22462B46FEF7ADFE024660
:1018B8000B4640464946FEF7EFFC04460D460246F5
:1018C8000B4640464946FEF79FFE0022CDE900013F
:1018D8004FF0804320462946FEF7DEFC02460B46C1
:1018E800DDE90001FEF7BAFF324604460D463B46E5
:1018F80040464946FEF788FE32463B46FEF7CEFC98
:1019080002460B4620462946FEF7C6FC42464B4691
:10191800FEF7C2FC02460B4600201D49FEF7BCFC40
:1019280001EB0A54B4F5801F08DA524606F0D0F9E4
:10193800DDE90223FFF773BBB24641E72146F7E72B
:1019480000240025FFF7EDBA00000000432EE63F13
:10195800EF39FAFE422EE63F396CA80C615C20BED6
:10196800D0A4BE726937663EF16BD2C541BDBB3E9D
:101978002CDE25AF6A56113F93BDBE166CC1663F7B
:101988003E5555555555C53F0000E03F0000F0FF56
:101998000000F03FF0B595B006460D460021232221
:1019A80001A8009107F01FFC66B35DB3174C272709
:1019B80020462660C4F804D0278100F05FF8064668
:1019C80020B16FF00404204615B0F0BD00211420AA
:1019D80007F058FB232231460BA80A9607F003FCB0
:1019E8000AAB20462781C4E9003500F047F80446D1
:1019F8000028E6D1284600F00BF8002808BF6FF051
:101A08001304E0E76FF01504DDE700BF3808002491
:101A180030B5054685B0B0B10378AF2B13D1447803
:101A2800012C10D1252106F0B9FAB5F825308342EA
:101A38000CD0074B22460749029300231846CDE9EC
:101A4800003306F09BFA002005B030BD2046FBE7C6
:101A5800FCA600087C9C00087FB50BAB012205930F
:101A68000393054B029300231846CDE9003301F098
:101A780055FD07B05DF804FB1CA7000830B58DB014
:101A880038B303682BB342681AB303890BB3012434
:101A9800CDE90423CDE9062304AB0994089306ABEA
:101AA800CDE90A340C4808AA0C4983681D680AABBA
:101AB800A84760B10A4B22460390029300230949C4
:101AC8001846CDE90033FFF7C7FF6FF004000DB0EB
:101AD80030BD6FF01500FAE7DC950008509D00084E
:101AE8001CA700081C9C00087FB50BAB08220593B7
:101AF8000393064B02930023CDE9003218460422D3
:101B080001F00CFD07B05DF804FB00BF3DA700081D
:101B180008B5074B48220021184607F064FB02224B
:101B2800427003228270BDE8084000F053B800BF3D
:101B380044080024F0B5204E1423047887B096F9A1
:101B480000701E4D03FB0743013355F8332032B9AB
:101B580005EBC30393F9043013B907B0F0BD904700
:101B6800142303FB074496F9003005EBC40494F9E9
:101B78000C409C42F1D0A02202FB03535B6803B1E6
:101B880098470594082296F900300D4904930D4BA7
:101B980003930D4B02930023CDE90032184604222B
:101BA800FFF7A2FFA02334705C432B59002BD4D03D
:101BB80007B0BDE8F040184744080024649D0008B9
:101BC800449C000850A700083DA70008004870473B
:101BD800440800241FB5084B082208490393084B02
:101BE80002930023CDE900321846042206F0F0F9EA
:101BF80005B05DF804FB00BFB2AC00084C9C0008BF
:101C080066A700081FB5084B082208490393084B2C
:101C180002930023CDE900321846042206F0D8F9D1
:101C280005B05DF804FB00BFA0AC00084C9C0008A0
:101C380076A700081FB5084B082208490393084BEC
:101C480002930023CDE900321846042206F0C0F9B9
:101C580005B05DF804FB00BF95AC00084C9C00087B
:101C68008CA7000810B586B0FFF7B0FF0446FFF751
:101C7800ADFF94F900304370FFF7A8FF90F90130E9
:101C8800082207490493074B0393074B0293002349
:101C9800CDE900321846042206F09AF906B010BDC4
:101CA8004C9C00088BAC00089BA700081FB50B4B89
:101CB800002404220A49039320460A4B029308236E
:101CC800CDE90043234606F083F9204600F000FBE7
:101CD80004B0BDE8104006F08CB900BF7CAC000829
:101CE8004C9C0008B8A700081FB50A4B08220A49EF
:101CF80003930A4B029300231846CDE900320422CD
:101D080006F066F9012000F0E3FA05B05DF804EB8F
:101D180006F070B96DAC00084C9C0008CBA7000811
:101D28001FB50A4B08220A4903930A4B0293002362
:101D38001846CDE90032042206F04AF9022000F0E4
:101D4800C7FA05B05DF804EB06F055B95EAC0008BB
:101D58004C9C0008DEA700081FB50A4B08220A4958
:101D680003930A4B029300231846CDE9003204225C
:101D780006F02EF9042000F0ABFA05B05DF804EB8C
:101D880006F03AB94FAC00084C9C0008F1A70008CF
:101D98001FB50A4B08220A4903930A4B02930023F2
:101DA8001846CDE90032042206F012F9032000F0AB
:101DB8008FFA05B05DF804EB06F01FB940AC0008D7
:101DC8004C9C000804A800081FB50A4B08220A49C1
:101DD80003930A4B029300231846CDE900320422EC
:101DE80006F0F6F8052000F073FA05B05DF804EB8C
:101DF80006F004B931AC00084C9C000817A800088C
:101E080010B586B0FFF7E2FE0446FFF7DFFE94F94F
:101E180000308370FFF7DAFE90F902300822094992
:101E28000493094B0393094B02930023CDE9003235
:101E38001846042206F0CCF806B0BDE8104006F0BB
:101E4800DEB800BF4C9C000825AC00082AA8000892
:101E58001FB5084B082208490393084B0293002337
:101E6800CDE900321846042206F0B2F805B05DF854
:101E780004FB00BF18AC00084C9C000849A80008E7
:101E88001FB5084B082208490393084B0293002307
:101E9800CDE900321846042206F09AF805B05DF83C
:101EA80004FB00BF05AC00084C9C00085AA80008B9
:101EB8001FB5094B082209490393094B02930023D4
:101EC800CDE900321846042206F082F805B05DF824
:101ED80004EB06F095B800BFF3AB00084C9C000873
:101EE80071A800081FB5094B082209490393094B3B
:101EF80002930023CDE900321846042206F068F860
:101F080005B05DF804EB06F07EB800BFE1AB000851
:101F18004C9C000887A800081FB50A4B08220A49EC
:101F280003930A4B029300231846CDE9003204229A
:101F380006F04EF84FF0FF3005B05DF804EB00F006
:101F48003DBC00BFCEAB00084C9C00089DA8000813
:101F58001FB5094B082209490393094B0293002333
:101F68001846CDE90032042206F032F8012005B007
:101F78005DF804EB00F022BCBAAB00084C9C0008EA
:101F8800B4A800081FB5094B082209490393094B57
:101F980002930023CDE900321846042206F018F80F
:101FA80005B05DF804EB00F0AFB900BFA1AB0008C5
:101FB8004C9C0008CCA800081FB5094B0822094909
:101FC8000393094B02930023CDE9003218460422FB
:101FD80005F0FEFF05B05DF804EB00F0CFB900BFD7
:101FE80088AB00084C9C0008E6A800081FB5094B00
:101FF800082209490393094B02930023CDE90032D3
:102008001846042205F0E4FF05B05DF804EB00F083
:10201800F1B900BF6FAB00084C9C000800A900088C
:102028001FB5094B082209490393094B0293002362
:10203800CDE900321846042205F0CAFF05B05DF864
:1020480004EB00F011BA00BF56AB00084C9C000826
:102058001AA900081FB5094B082209490393094B1F
:1020680002930023CDE900321846042205F0B0FFA0
:1020780005B05DF804EB00F033BA00BF3DAB0008D3
:102088004C9C000834A900081FB5094B08220949CF
:102098000393094B02930023CDE90032184604222A
:1020A80005F096FF05B05DF804EB00F055BA00BFE7
:1020B80024AB00084C9C00084EA900081FB5094B2A
:1020C800082209490393094B02930023CDE9003202
:1020D8001846042205F07CFF05B05DF804EB00F01B
:1020E800F3BA00BF0BAB00084C9C000868A90008B5
:1020F8001FB5094B082209490393094B0293002392
:10210800CDE900321846042205F062FF05B05DF8FB
:1021180004EB00F015BB00BFF2AA00084C9C0008B5
:1021280082A900081FB5094B082209490393094BE6
:1021380002930023CDE900321846042205F048FF37
:1021480005B05DF804EB00F045BA00BFD9AA000855
:102158004C9C00089CA900081FB5094B0822094996
:102168000393094B02930023CDE900321846042259
:1021780005F02EFF05B05DF804EB00F067BA00BF6C
:10218800C0AA00084C9C0008B6A900081FB5084B57
:10219800082208490393084B02930023CDE9003233
:1021A8001846042205F014FF05B05DF804FB00BFD3
:1021B800A7AA00084C9C0008D0A900081FB5084B26
:1021C800082208490393084B02930023CDE9003203
:1021D8001846042205F0FCFE05B05DF804FB00BFBC
:1021E8008EAA00084C9C0008EAA900081FB5084BF5
:1021F800082208490393084B02930023CDE90032D3
:102208001846042205F0E4FE05B05DF804FB00BFA3
:102218007EAA00084C9C000804AA00081FB5084BB9
:10222800082208490393084B02930023CDE90032A2
:102238001846042205F0CCFE05B05DF804FB00BF8B
:1022480071AA00084C9C000818AA00081FB5084B82
:10225800082208490393084B02930023CDE9003272
:102268001846042205F0B4FE05B05DF804FB00BF73
:102278005FAA00084C9C000829AA00081FB5084B53
:10228800082208490393084B02930023CDE9003242
:102298001846042205F09CFE05B05DF804FB00BF5B
:1022A80051AA00084C9C00083FAA00087FB50BAB58
:1022B800012205930393054B029300231846CDE9A9
:1022C800003301F02BF907B05DF804FBCAAC000835
:1022D8001FB5431CDBB2062B0CD9084B0122084959
:1022E800029300231846CDE90033FFF7DFFF05B05E
:1022F8005DF804FB034B1870F9E700BFCAAC00088F
:10230800BC9C0008040100242DE97043194C00F01E
:1023180057FC207000F05AFC00210646207800F097
:1023280083FA0021207800F0D5FAFEF7F3F8024688
:102338000B4600201049FEF7BBFD804689462078F1
:10234800002100F0D9FAFEF7F5F842464B46FEF7B1
:102358005BF904460D463046FEF7DCF802460B46AC
:1023680020462946FDF79AFFFEF710FCBDE87043AA
:1023780000F032BB9C0A0024000024402DE9F04103
:102388001A4C00F01DFC207000F020FC00210546CE
:10239800207800F05FFA0021207800F09BFAFEF721
:1023A800B9F802460B4600201149FEF781FD0646A2
:1023B8000F462078002100F09FFA80462846FEF755
:1023C800A9F804460D464046FEF7B4F832463B46A7
:1023D800FEF71AF902460B4620462946FDF75CFF30
:1023E800FEF7D4FBBDE8F04100F0F6BA9C0A0024E1
:1023F800000024402DE97043194C00F0E1FB2070E7
:1024080000F0EEFB01210646207800F00DFA0121CC
:10241800207800F071FAFEF77DF802460B4600209E
:102428001049FEF745FD804689462078012100F0D5
:1024380063FAFEF77FF842464B46FEF7E5F8044696
:102448000D463046FEF766F802460B4620462946FA
:10245800FDF724FFFEF79AFBBDE8704300F0E2BAEF
:102468009C0A0024000024402DE9F0411A4C00F099
:10247800A7FB207000F0B4FB01210546207800F08E
:10248800E9F90121207800F025FAFEF743F8024621
:102498000B4600201149FEF70BFD06460F46207833
:1024A800012100F029FA80462846FEF733F8044651
:1024B8000D464046FEF73EF832463B46FEF7A4F886
:1024C80002460B4620462946FDF7E6FEFEF75EFB70
:1024D800BDE8F04100F0A6BA9C0A002400002440A0
:1024E8002DE970431A4C00F06BFB207000F084FB60
:1024F80002210646207800F097F90221207800F0A2
:10250800E9F9FEF707F802460B4600201149FEF7E5
:10251800CFFC804689462078022100F0EDF9FEF7CD
:1025280009F842464B46FEF76FF804460D4630461A
:10253800FEF700F802460B4620462946FDF7AEFE98
:10254800FEF7FCFA00B2BDE8704300F0A3BA00BF82
:102558009C0A0024000024402DE9F0411B4C00F0A7
:102568002FFB207000F048FB02210546207800F080
:1025780071F90221207800F0ADF9FDF7CBFF024692
:102588000B4600201249FEF793FC06460F462078BA
:10259800022100F0B1F980462846FDF7CBFF04463A
:1025A8000D464046FDF7C6FF32463B46FEF72CF87F
:1025B80002460B4620462946FDF76EFEFEF7BEFA98
:1025C80000B2BDE8F04100F065BA00BF9C0A0024E3
:1025D800000024402DE970431A4C00F0F1FA2070F5
:1025E80000F016FB03210646207800F01DF90321B0
:1025F800207800F06FF9FDF78DFF02460B460020AA
:102608001149FEF755FC804689462078032100F0E1
:1026180073F9FDF78FFF42464B46FDF7F5FF044679
:102628000D463046FDF786FF02460B4620462946F2
:10263800FDF734FEFEF782FA00B2BDE8704300F001
:1026480059BA00BF9C0A0024000024402DE9F0413B
:102658001B4C00F0B5FA207000F0DAFA03210546A9
:10266800207800F0F7F80321207800F033F9FDF71F
:1026780051FF02460B4600201249FEF719FC064698
:102688000F462078032100F037F980462846FDF7E9
:1026980051FF04460D464046FDF74CFF32463B4687
:1026A800FDF7B2FF02460B4620462946FDF7F4FD2A
:1026B800FEF744FA00B2BDE8F04100F01BBA00BFD3
:1026C8009C0A0024000024402DE970431A4C00F0B5
:1026D80077FA207000F0A8FA01210646207800F069
:1026E800A3F80121207800F0F5F8FDF713FF024662
:1026F8000B4600201149FEF7DBFB8046894620780F
:10270800012100F0F9F8FDF715FF42464B46FDF7A9
:102718007BFF04460D463046FDF70CFF02460B468C
:1027280020462946FDF7BAFDFEF730FA80B2BDE82B
:10273800704300F007BA00BF9C0A00240000244040
:102748002DE9F0411B4C00F03BFA207000F06CFAC8
:1027580001210546207800F07DF80121207800F05D
:10276800B9F8FDF7D7FE02460B4600201249FEF7DE
:102778009FFB06460F462078012100F0BDF88046F1
:102788002846FDF7D7FE04460D464046FDF7D2FE23
:1027980032463B46FDF738FF02460B46204629469F
:1027A800FDF77AFDFEF7F2F980B2BDE8F04100F0DE
:1027B800C9B900BF9C0A002400002440084B1978BE
:1027C80004290BD8431C03D1064B187800F06AB8CB
:1027D800012803D1034B187800F050B8704700BFA8
:1027E800040100249C0A002402281FB54FF00003AE
:1027F8000DD90A4A18460A490093CDE90132012247
:1028080005F004FC6FF0010005B05DF804FB052934
:1028180001D9044AEEE71846F6E700BF10AD0008F4
:102828003C9C00081FAD000838B504460D46FFF76C
:10283800DBFF58B904EB8404054B611903EB8103F2
:102848005A789978914284BF01325A7038BD00BFD6
:102858000501002438B504460D46FFF7C5FF48B901
:1028680004EB8404044B611903EB81035A780AB121
:10287800013A5A7038BD00BF0501002438B5044636
:102888000D46FFF7B1FF48B904EB8404044A611907
:1028980012F8213013B1013B02F8213038BD00BFD6
:1028A8000501002438B504460D46FFF79DFF68B9B9
:1028B80004EB8404064A611902EB810412F8213002
:1028C800E4789C4284BF013302F8213038BD00BF50
:1028D8000501002438B504460D46FFF785FF08B109
:1028E800C0B238BD04EB8404024B611913F821000F
:1028F800F7E700BF0501002438B504460D46FFF789
:1029080073FF08B1C0B238BD04EB8404024B6119EF
:1029180003EB81035878F6E7050100240048704767
:10292800AC01002400487047840100240048704727
:10293800D40100247FB50BAB082205930393064B03
:1029480002930023CDE900321846042200F0E6FD88
:1029580007B05DF804FB00BF48AD000810B51B4B7D
:1029680086B0002404220393194B20461949029388
:102978000823CDE900432346CDE90444FFF7DAFFF5
:10298800FFF7C6F80F2304A805948DF81030FFF759
:10299800D1F804A8FFF7CEF8FFF7C8FF00220023FC
:1029A80004A903F0E7FE38B904A8FFF7C3F800212B
:1029B800642006F067FBEFE7FFF7B0FF0022002373
:1029C80004A903F0D7FE0028EED0F0E760AD0008B8
:1029D80048AD0008249C00081FB50C4CA0420DD936
:1029E8000B4B08220B4903930B4B02930023184609
:1029F800CDE90032042205F019FB2046074B084AAE
:102A08001B781B01D05004B010BD00BF8096980001
:102A180031AF00082C9C000884AD00089D0A0024F2
:102A28008C0800241FB544F62064A04215D9134B26
:102A3800082104220393124B029300231846CDE980
:102A48000031104905F0F2FA20460F4B1A780F4B67
:102A580003EB0213586004B010BDF928F5D8074BF2
:102A68000822084903930A4B029300231846CDE92C
:102A78000032042205F0DAFAFA20E6E724AF00086B
:102A8800BBAD00082C9C00089D0A00248C0800247B
:102A9800F0AD00081FB541F28834A04215DD0E4B99
:102AA80003930E4B0822029300230D491846CDE9E3
:102AB8000032042205F0BAFA20460A4B1A780A4B6B
:102AC80003EB0213188104B010BD084CA042F4DADD
:102AD800014B0393064BE5E717AF000825AE000846
:102AE8002C9C00089D0A00248C08002478ECFFFF29
:102AF80058AE0008B0F5B47F1FB504460FDD0C4B87
:102B0800A4F5B47408220B49039324B20A4B029328
:102B18000023CDE900321846042205F087FA074B56
:102B28001A78074B03EB02135C8104B010BD00BF99
:102B38000AAF00082C9C00088BAE00089D0A0024F0
:102B48008C08002464281FB50DD90B4B08220B49AB
:102B580003930B4B029300231846CDE9003204225D
:102B680005F064FA6420074B1A78074B03EB02134D
:102B7800988105B05DF804FBFDAE00082C9C0008A8
:102B8800AAAE00089D0A00248C08002401281FB55D
:102B98000CD9084B01220849029300231846CDE9B5
:102BA800003305F043FA05B05DF804FB034B1870D9
:102BB800F9E700BFDFAE00082C9C00089D0A00243E
:102BC800014B1878704700BF9D0A0024024B034A46
:102BD8001B781B01D05870479D0A00248C080024DC
:102BE800034B1A78034B03EB02135868704700BF76
:102BF8009D0A00248C080024034B1A78034B03EB2E
:102C08000213B3F9080070479D0A00248C080024B9
:102C1800034B1A78034B03EB0213B3F90A0070470E
:102C28009D0A00248C080024034B1A78034B03EBFD
:102C380002139889704700BF9D0A00248C0800245D
:102C4800054B00215A780AB1013A5A7001310C3308
:102C58000529F7D1704700BF000000242DE9F0478F
:102C680086B03D4D284606F0E6F80446E8B93B4BE9
:102C780001223B490090CDE90103034605F0E6F93E
:102C8800384B0122364920460094CDE901432346BA
:102C980005F0DCF9344B0122314920460094CDE996
:102CA8000143234605F0D2F9FEE72A692846A968B8
:102CB800136843F4804313604FF001120B680E2130
:102CC8009847002229492A4806F06BFA6422002313
:102CD800284FDFF88C802648CDE9002304F04CFD0E
:102CE800254C00264FF00109636818681D79D0F853
:102CF80010A0836804A95B68984738B9DAF80020FF
:102D080009FA05F5049B53402B421BD06578CDB9D1
:102D1800237A4FF0010A8DF81030CDF814A0FFF790
:102D2800FDFD0022002304A903F0CCFC40B12B4692
:102D38005246414628460095CDE9015705F086F9E7
:102D48002378637001360C34052ECDD10021642020
:102D580006F098F9C4E700BFBC94000846AF000825
:102D6800649C00085EAF00087FAF0008492C00088B
:102D780000030024B6AF000800000024F0B5314B72
:102D880085B00025042203932F4B28462F49029330
:102D98000823CDE900532B4605F068F92C4C204652
:102DA80006F049F8034600BB2A4A28490090CDE9B5
:102DB8000102012205F05AF9254D274E234FA36839
:102DC800012128465B699847002808DA0023012278
:102DD800394602961846CDE9003305F047F9002137
:102DE80042F2107006F04EF9E9E726692946A26812
:102DF8002046336823F00103336013684FF4202220
:102E08009847002809DA154B0122104928460095F1
:102E1800CDE901532B4605F029F93368DB07A36890
:102E28004FF001010A4854BFDB681B699847002826
:102E3800C2DA0B4B01220549029300231846CDE95B
:102E48000033B7E773B00008FDAF0008A49C000882
:102E58005C95000811B000085AB0000826B00008B8
:102E680042B000082DE9F04F91B0840705460E46A0
:102E7800009302F00403DDF868800293C2F3C203F2
:102E8800039203F10103059340F0BA81041D30B1A8
:102E9800072909D86FF01B0011B0BDE8F08F01F0C9
:102EA80007063444C6F10806009B4FF000094FF0AE
:102EB800040A591E4FF0FF334F46CB460193534641
:102EC800CDF810900DB1009A22600598002800F303
:102ED800E8809848009A824203D397488242C0F01B
:102EE800E080039AA4EB050E92074FEA9E0000F1DA
:102EF80003810F2F00F2B180002D00F0058107F14A
:102F080040020DEB020C019A0CF8200C0CF8102C66
:102F1800049801300490E7E07A285DD84B280ED851
:102F2800472859D829282DD8252852D054D82028C0
:102F38007AD02338D0F1000B4BEB000B74E04C38FF
:102F48002E2849D8DFE800F07048484848484848E3
:102F5800484848484B484848484848484859484BD2
:102F68004B595959704B6D487048184B184848824E
:102F78007F4B48484B487F0000204FF0000B4FF034
:102F8800040A38E02A380122C0B202FA00F010EA36
:102F98000E0F49D110F0625C2FD110EA020B43D01A
:102FA8006046013C5444B4FBFAF40AFB04F4002DD7
:102FB80061D0A3EB050CA444B4453FF66BAF0028E1
:102FC80068D1042B47D158F8043B23600434042308
:102FD8002AE0019A013A01924FF0000B24E011F81F
:102FE800010C6C2834D111F8023C00206C2B83466C
:102FF800C5D14FF0080A5346D3E708F1070807344C
:1030080028F0070824F00704F8E802AB35B1069861
:103018002044B0423FF63EAFC4E900AB08344FF05D
:10302800000B4FF0080A534611F8010F002878D01A
:10303800BBF1000F7FF470AF2528F5D1019B4FF04D
:10304800010B013301934FF0040AECE7584694E76B
:1030580000208346A5E7082B02D06FF015001BE778
:1030680008F1070828F00708F8E80223C4E9002354
:1030780008340823D8E768B9042B02D108F10408FA
:10308800A4E7082BE9D108F1070828F0070808F198
:103098000808EDE7059A013A059258F8042B0092C2
:1030A80010E7039A900720D5A4EB050E4FF0010C0A
:1030B8004FEA9E00BEF5007FCFD20F2FCDD8F5B1D5
:1030C80007F14002C0B20DEB020E019A0EF8200C77
:1030D8000EF8102CBCF1000F3FF41AAF60F07F001F
:1030E80009F101090EF8200C0137C5F10802043472
:1030F8004FF6DA7E069297E74FF0000CDAE7BCF15C
:10310800000F01D00136EFE7029802360028EBD114
:103118000098CDE90631FDF773FD0644DDE9063177
:10312800E2E7631BB3F5806F97D23DB9A6F10804B7
:10313800E018B1E604930008F8BA00089B08029A60
:1031480028602B709DF81030C2B1EB7085F80290A2
:10315800B9F1000F05D008A80022C5F1010C97426B
:103168000ED1C5F101030DF120084FF0000A0DF151
:10317800300B0193574512D1601B8DE66B70E5E764
:1031880010F8013B190608D50CEB040E03F07F0379
:10319800B6453FF67FAE04F8013B0132DFE7B9F1EF
:1031A800000F03D098F90020002A17DB029BD3B147
:1031B8001AF80B2004F8012B0022019B181910445F
:1031C800B0423FF667AE98F80000009904F8010B8A
:1031D8002046039205F0F9FF039A14440AF1010A04
:1031E80008F10108C6E798F8002055F82230009346
:1031F800029B009845F82230FDF702FD421CDCE7EF
:103208006FF00D0048E600BF014B1860704700BF23
:103218003C00002480B505460E461746984603F044
:103228008BFFDFF82090034606F05EF8044642461E
:1032380049F8003039463046A84754F8090000F0EC
:103248002FFF00BF08000000054B00205A6822F03D
:1032580002025A605A6822F001025A60704700BFA1
:103268000010005C164B82B0D3F8E02042F00072E8
:10327800C3F8E020D3F8E02002F000720192019A2E
:10328800D3F8F42042F00202C3F8F420D3F8F42073
:1032980002F002020092009A0A4AD2F80423D207E6
:1032A80006D503F50053D3F89030002002B07047DC
:1032B800D3F8A02042F00802C3F8A020F5E700BF29
:1032C80000440258000400580C4B0D4A1A600D4A7D
:1032D800D36823F03F0343F00403D3600A4B1A6812
:1032E80041F20303B3EB124F06D1084AD2F8083172
:1032F80043F00103C2F80831704700BFD40000242E
:103308000090D003004802580010005C0080005173
:103318002DE9F84F814630480F4604F0E3FF064692
:1033280070B92E4C0546DFF8B8B04FF0010AA04638
:103338005C4507D3B9F1000F02D04FF0010AFDB97F
:10334800BDE8F88F237B83B12368DB680BB1204687
:103358009847636883F806A023681B6943B96368C4
:1033680004222046196804F0E2FF01361034DFE732
:10337800204698470028F2D00AFA06F31D43F4E7DE
:10338800A94695FAA5F4B4FA84F40AFA04F32601D6
:1033980008EB04146FEA030B25EA0305237B63B1EA
:1033A80058F806301B698BB946440422204609EABE
:1033B8000B097368196804F0BAFF002DE1D11FB139
:1033C8006420002105F05EFE4D46B8E72046984788
:1033D8000028F2D1E8E700BFB4080024EC9C0008FC
:1033E800FC9C0008014B53F82000704770A30008AC
:1033F80008B5034608462BB1044A136000F080FA6A
:10340800002008BD6FF01500FBE700BF4000002456
:1034180000230C4A4FF47A710B4810B513700B4A0D
:1034280013600B4A1360FFF7E3FF0A4B0A4918467B
:103438008B4200D310BD1A1A5C6810331211013286
:103448002271F5E79E0A0024DD820008AC080024FA
:10345800B0080024EC9C0008FC9C000870B50B4DDB
:10346800297841B90A4C01200A4EFFF751FFB442AE
:1034780002D301232B7070BD63685B791BB123688D
:1034880020469B6898471034F1E700BF9E0A002445
:10349800EC9C0008FC9C000810B50446084804F0A1
:1034A80021FF5CB1074BBFF35B8F53E8001F013965
:1034B80043E80012002AF8D1BFF35B8F10BD00BFAC
:1034C800AC080024B00800240A4B70B505460A4C25
:1034D8000A4E1B689847A860B44200D370BD636861
:1034E8005B7923B12368294620461B689847103426
:1034F800F2E700BF40000024EC9C0008FC9C000898
:10350800044A054B9B1AB1EBD30F34BF52F8310074
:10351800002070471C9C0008EC9C00082DE9F04F27
:1035280087B004460E46934604AF98463D6BD7E9EC
:103538000EA9BAF1000F1ED0C7F804901021CDF8DB
:10354800009053467A6B0020FFF78CFCB0F5006FB3
:10355800014611D340F2FF73022219490393194B14
:10356800029300231846CDE9003304F002FF0C371C
:10357800BD46BDE8F08F514604F007040BF0070B79
:10358800E40044EA8B1444EA412444EA055417351C
:103598000D4425F00705ADEB050D04ADBAF1000F9C
:1035A80007D0CDF8009053467A6B05F11000FFF76D
:1035B80059FC434622463146284604F0C1FED6E768
:1035C8008C9C0008DDB00008406820B1034BC01A8D
:1035D80040F3CF0070474FF0FF3070471C9C000845
:1035E8000EB403B503AB0146054853F8042B019309
:1035F80000F0EAFF02B05DF804EB03B0704700BFCB
:10360800B7830008CA0605D48B064CBF0249034994
:10361800FFF7E6BF704700BF16B1000815B10008F4
:103628002DE9F04F87B004460D4690469DF844605A
:103638009946002E00F0A280159B03F0020A03F0C1
:1036480001030493159B03F0080B03F4807305939F
:1036580004F06BFE024600283DD095492046FFF74E
:10366800BFFF0746BAF1000F09D0159B13F0440FAE
:1036780033D12A468F492046FFF7B2FF0744049BFF
:1036880053B18D4B20468D4953F826208C4B002A88
:1036980008BF1A46FFF7A4FF059B002B49D0BBF1D2
:1036A800000F64D1B8F1000F66D042468549204624
:1036B800FFF796FF0546129B3D44002B6DD1149BE6
:1036C800002B73D1159BDB0700F1EB801599204681
:1036D800FFF798FFD8E00746C4E77B4B1868002837
:1036E800CCD07A4B4FF47A7A4FF03C0C1B68B5FB80
:1036F800F3F5B5FBF0F100FB11554FF461630AFBDC
:1037080005F5B1FBF3F2B5FBF0FE03FB121100FB6C
:103718001E55B1FBFCF30AFB05F50CFB1311B5FBB9
:10372800F0F5009120466A49CDE901E5FFF758FF19
:10373800A4E7BBF1000F1DD0664B2046664953F83D
:103748002620FFF74DFF0546B8F1000F05D0424689
:103758005C492046FFF744FF0544B9F1000FAAD0A1
:103768004A465E492046FFF73BFF0544A3E74FF072
:103778000009E1E75D46E7E745469CE7B9F1010F37
:10378800129B06D1002B66D1149B002B7CD0002500
:103798000CE0002BF8D052485EE05248129B2246BB
:1037A800514904F054FD149B002B6AD0DFF83C818A
:1037B800DFF83C91149F4FF0000B15992046102F0D
:1037C80028BF1027FFF71EFF5D4547DC139B4FF00E
:1037D800010B494620461A78FFF702FF1BF0070F36
:1037E80003D141462046FFF7FBFE5F453DD9139BB9
:1037F8004946204613F80B20FFF7F2FE0BF1010BA8
:10380800BBF1100FEAD14FF0000A3A492046DFF821
:10381800E8B0FFF7E5FE5246139B20469A5CA2F1FA
:1038280020015F29594628BF2E22FFF7D9FE0AF149
:10383800010ABAF1100F1DD01AF0070F03D1414643
:103848002046FFF7CDFE57455246E5D8414620466B
:10385800FFF7C6FEEBE7234835469FE7414620467B
:103868000BF1010BFFF7BCFEAEE724492046FFF73A
:10387800B7FEC3E7139B3B441393149BDB1B1493C2
:1038880098D1002E7FF41EAF6268A1682068D2E943
:10389800002304F07EFD636800221A6007B0BDE8CB
:1038A800F08F074A20460549FFF79AFE0EE700BF4A
:1038B8001DB1000821B1000880A3000846B1000826
:1038C80018B1000849B10008BC080024B808002451
:1038D8002AB1000894A300084DB1000853B10008AC
:1038E800D3830008B7830008D145000860B10008F9
:1038F80058B1000862B1000864B100085EB1000860
:1039080000210123064A904206D8064A01B901233C
:103918001360054B18607047400801215B00F2E70F
:1039280040420F00B8080024BC080024F8B50D4632
:1039380004464618054FB44201D12846F8BD14F88C
:10394800011BBB6801485B689847F4E7BC95000811
:10395800014B036001207047DCA3000870B50646E0
:1039680086B00D46002938D08B68002401220593C3
:1039780020464B6804930B6823490393234BCDE9F6
:1039880000440293234604F098FD6B6901221E4906
:10399800059320462B690493EB68009403931C4B12
:1039A800CDE90143234604F088FDEB69012216495D
:1039B80003932046174B0094CDE90143234604F0B6
:1039C8007CFDAB690122104903932046124B0094F9
:1039D800CDE90143234604F070FD012E0DD1EFF32C
:1039E8000583103B3246084903930C4B029300238E
:1039F8001846CDE9003304F060FD2946304606B08C
:103A0800BDE8704002F0CABCB49C0008B1B100081F
:103A1800E0B100080FB200081EB200084CB200085E
:103A280030BFFFF7FDBF00BF2DE9F0410B4E054643
:103A3800DFF82C80324606EB0807CC1B09492046E4
:103A480005F0C3FBA019083C4246002105F0CBFB5A
:103A580007F108002C67BDE8F08100BF00000000F6
:103A680004000000FC9C0008054B5A699B689A42B8
:103A780004D0044A536843F080535360704700BF32
:103A8800680A002400ED00E0F0B5444B85B000243E
:103A9800074602930E462346012241492046CDE9B6
:103AA800004404F025FD3F4B9B6ADB0465D53E4B83
:103AB800204601223A490094CDE90143234604F007
:103AC80017FD1720374B9B6A1D050AD5374B012276
:103AD8003349029300231846CDE9003304F008FD6A
:103AE8001820304DAB6A9C051FD50024304B0122AD
:103AF8002B49204602932346CDE9004404F0F8FC04
:103B0800AB6BAA6A10040FD503930122294B2046F8
:103B180023490094CDE90143234604F0E9FC1FB191
:103B2800AB6A23F40043AB6219201E4B9B6A59050C
:103B38000AD5214B01221A49029300231846CDE9E0
:103B4800003304F0D5FC1A20164A936A13F48073E4
:103B580015D01A4B01221249029300231846CDE9C9
:103B6800003304F0C5FC1B200E4A936A43F47F43DC
:103B780093620023337005B0F0BD1620A2E7926A65
:103B88009204F1D50E4A184605490093CDE9013251
:103B9800012204F0ADFC1C20E6E700BF5FB200087C
:103BA800B49C000800ED00E075B2000886B2000879
:103BB80099B20008B2B20008C7B20008E2B2000821
:103BC800FAB200081FB50024374B01223749029387
:103BD80020462346CDE9004404F08AFC344B9B6A16
:103BE8009A015ED5334B2046012230490094CDE935
:103BF8000143234604F07CFC1E202D4B9B6ADB010D
:103C08000AD52D4B01222949029300231846CDE9F4
:103C1800003304F06DFC1F20254B9B6A1C030AD55A
:103C2800264B01222149029300231846CDE900338F
:103C380004F05EFC21201E4B9B6A59030AD5204BD9
:103C480001221A49029300231846CDE9003304F0F3
:103C58004FFC2220164B9B6A9A030AD5194B012266
:103C68001249029300231846CDE9003304F040FCC2
:103C780023200F4B9B6ADB030AD5134B01220B4908
:103C8800029300231846CDE9003304F031FC2420C8
:103C9800074A936A6FEA03436FEA1343936204B0D7
:103CA80010BD1D20A9E700BF29B30008B49C000877
:103CB80000ED00E041B3000854B300086EB30008FB
:103CC8008CB30008B1B30008CBB300082DE9F0436A
:103CD8004E4B85B0002480460293894623461646FB
:103CE8004B4901222046CDE9004404F001FC494B30
:103CF8009B6ADF0640D5484B204600940122444980
:103D0800CDE901432346112404F0F2FB414B9B6AA1
:103D18001D070AD5414B122401223D490293002375
:103D28001846CDE9003304F0E3FB3A4DAB6A980737
:103D380024D500243A4B36490122029320462346D3
:103D4800CDE9004404F0D4FB6F6BAB6A190659D572
:103D5800344B01222E49204603970094CDE90143B4
:103D6800234604F0C5FBB9F1000F03D0AB6A23F07A
:103D78008003AB62132403E01024C7E76FF0150734
:103D8800244B9B6ADA070AD5274B142401222049C1
:103D9800029300231846CDE9003304F0A9FB1D4B1C
:103DA8009B6A9B060AD5214B1524012218490293C8
:103DB80000231846CDE9003304F09AFB154B9A6AA4
:103DC800D50602D49A6A90070AD55B68190507D503
:103DD8004146384600F020FA10B180F309880224E1
:103DE8000C4B9A6A920603D55A6A22F400525A6218
:103DF8009A6A204642F0FF029A620023337005B0A7
:103E0800BDE8F0836FF01507B4E700BFF6B300080C
:103E1800B49C000800ED00E00CB4000886B200086D
:103E28003FB4000857B400086DB40008FAB200089F
:103E3800774B2DE9F0415F6890B004460023C7F343
:103E4800080683F31188BFF36F8F02F07F40B0F14B
:103E58007F4F0CD102F00C00082819D16D4A184682
:103E68006D490093CDE90132012204F041FB0025A0
:103E78002C464FF00008F31E8DF81F80092B00F226
:103E8800AD80DFE803F00BA1A59DABABABABABA955
:103E9800120746BF0C461D460125EAE75F4B012283
:103EA8005D495B4FCDF80080CDE9018300231846BA
:103EB80004F01EFB8DF81F80FE6A16F0020605D07E
:103EC800574BCDF80080CDE9018306E0FB6A002B53
:103ED8000BDA544B0096CDE90163002301224E49C9
:103EE800184604F005FB00223BE0FB6A5B00FAD5AC
:103EF8004D4B0122484930460096CDE901633346CF
:103F080004F0F6FA7B69A26943F480737B61BFF31E
:103F18004F8FBFF36F8F7B6932F8022C23F48073C5
:103F28007B61BFF34F8FBFF36F8F4DF602739A42D9
:103F38000AD0BB6ADBB2002B34D00DF11F0201217D
:103F48002046FFF7C3FE3DE0236801223249304690
:103F58000393364B0096CDE90163334604F0C8FA63
:103F680022689DF81F30D3B908AE04F120072068F5
:103F7800083454F8041C3346BC4203C31E46F6D129
:103F88000F9B002D3FD0C3F3080121B96FEA5323DB
:103F98006FEA43230F9308A91046FFF7DFFC10B020
:103FA800BDE8F081BB6A13F47F4F05D00DF11F0106
:103FB8000120FFF769FD05E0BB6AB3F5803F92D3A6
:103FC800FFF700FE0246CCE70DF11F020021B7E71C
:103FD8000DF11F010020ECE7154B72E717F4F87F8D
:103FE800144A154BA6F1100618BF13460A490122B8
:103FF800CDE90336114B029300231846CDE900336F
:1040080004F076FA6FE723F4FF7323F00103C1E7A6
:1040180000ED00E0BAB40008B49C0008E5B400085C
:10402800FCB400081DB500082BB500084AB5000807
:1040380066B50008A1B400088CB400088AB5000869
:10404800044B5A6942F010025A615A6922F0080278
:104058005A61704700ED00E0EFF30880EFF3098143
:1040680001B57246FFF7E4FE01BD00BF0A4880F3C0
:104078000888102080F3118808484FF4046140181C
:1040880080F30988EFF314800221084380F3148831
:10409800BFF36F8F00F08EF880290024C01B002426
:1040A800084B9B6883420BD1EFF3058343B1064B62
:1040B8005A6842F080525A605A6A22F400425A62A0
:1040C80003F040B8680A002400ED00E014498A684B
:1040D8004FF030001044EFF3098C80E8F01F1020F7
:1040E80080F31288BFF36F8F0E4F4FF000664A6956
:1040F8008A603E60106F0C4C2060506F002353673D
:1041080080F3118804B5104600F0EAF8BDE80440D1
:1041180002F1300090E8F01F8CF309887047000026
:10412800680A002404ED00E0E40800241EF0040FEF
:104138000CBFEFF30880EFF30980816911F8021CC6
:104148000229FFD001B5724604F0C7F901BD00BFCE
:1041580000B2002807DB0123410900F01F00024AD2
:10416800834042F82130704700E100E000B201319D
:1041780000284FEA0111C9B206DB00F1604000F5E2
:10418800614080F80013704700F00F00014B19548C
:10419800704700BF14ED00E0044B054A23F07F038D
:1041A8009360BFF34F8FBFF36F8F70470000000815
:1041B80000ED00E008B5FFF7EFFF0B4AD2F88830B2
:1041C80023F47003C2F88830EFF3148323F0040358
:1041D80083F31488BFF36F8F02F0C0F903F0E6F899
:1041E80000F054F802F008FA00ED00E042F8203C34
:1041F800203A009B07495360019B21F0010193601D
:10420800029B9161D3604FF08073D36100230265F4
:10421800436770471D320008094A0346906870B129
:1042280013F1160F006E05D0A0F140029A4205D88E
:10423800834203D2814228BF002070470020704784
:10424800680A002415460C4A0E4608B50B4B9060C8
:10425800026F1A6000F044F82C4686F309880020A3
:10426800034B98472046002100220023014C204799
:10427800218500081D320008680A0024E40800248B
:10428800014B10221A61704700ED00E0002304483A
:104298001021C2180133962B82F80013F9D1704708
:1042A80000E100E008B5EFF30583064A103B02EB96
:1042B800C30152F8330049688847BDE80840FFF752
:1042C800D3BB00BF3C960008024B0121024A0348B9
:1042D80000F096B80000082400000024ECA30008B1
:1042E800026E4021044B403A18461A60034AC3E95B
:1042F8000112012100F08EB8E808002400000B1517
:104308001FB5144AD2F89030C3F30723013B9842F3
:104318000FD9114B01220390029300230F4918462D
:10432800CDE9003304F01CF96FF0150005B05DF815
:1043380004FBC2F898000B6823F01F03034343F003
:104348001003C2F89C308B6843F00103C2F8A03018
:10435800ECE700BF00ED00E0A1B50008AC9C000848
:10436800F0B50E4689B01F4604460025B54212DA5C
:10437800606838B3BFB1431E18420FD0134B0122F7
:1043880013490293002303951846CDE9003304F03E
:10439800E7F86FF01502104609B0F0BD1F28EDD9F7
:1043A80021680B42EAD1236805A9059304F0C8F8EF
:1043B800A3680343D0B20793FFF7A2FF10F1160FCB
:1043C800E7D0421C01350C34D0E700BFC7B5000860
:1043D800AC9C0008044B0522C3F89420BFF34F8F10
:1043E800BFF36F8F704700BF00ED00E0BFF35F8F32
:1043F800024B0022C3F89420704700BF00ED00E094
:1044080010B5034C01232278FFF7AAFF207010BDD6
:10441800A00A00240B4A08B500231278FFF7A0FF72
:1044280010F1160F07D0084A0021D2F89030C3F3D4
:104438000723984200DB08BDC2F898000130C2F893
:10444800A010F2E7A00A002400ED00E058485949FE
:104458002DE9F043D0F8903085B00D68C3F30723F9
:104468009D4200F2A180FFF7C1FF496800229542F2
:1044780001F10C011AD1504C6846504F2570FFF7D6
:1044880067FA00250646DFF83881DFF83891AE4232
:104498001FD1237800204649D1F89020C2F3072283
:1044A80093427BDB0020FFF795FF4CE0C0F8982093
:1044B80051F80C3C23F01F031343013243F010035F
:1044C800C0F89C3051F8043C43F00103C0F8A03018
:1044D800CDE700984FEA051C00EB0511CB683B407F
:1044E800B3F5000F44D00AD8B3F5001F2ED0B3F5AA
:1044F800800F34D0B3F5801F10D00135C7E7B3F172
:10450800807F3ED0B3F1007FF7D150F80C30886837
:1045180004F016F84A6840F4802009E050F80C309E
:10452800886804F00DF840F088504A6840F430205C
:10453800039001A92078CDE90123FFF7E1FE0028C7
:1045480028DA6FF0150005B0BDE8F08350F80C309C
:10455800886803F0F5FF4A6840EA0800E8E750F881
:104568000C30886803F0ECFF4A6840EA0900DFE78E
:1045780050F80C30886803F0E3FF4A6840F0827016
:10458800D6E750F80C30886803F0DAFF4A6840F044
:104598008870CDE7237801332370AEE7C1F89830EF
:1045A8000133C1F8A00077E74FF0FF30CBE700BF39
:1045B80000ED00E02CA30008A00A00240000F0FF92
:1045C8000000081100000206F0B587B007460E4645
:1045D80014460021102268461D4604F004FE0223FA
:1045E8002A4621468DF802306846044BCDE9047608
:1045F800019303F011F907B0F0BD00BF89850008E9
:1046080008B5024B1B689847002008BDF408002431
:10461800034B044A1860937843F002039370704781
:10462800F40800244C0000240649074821F007013B
:10463800C1F1105208B502F5002203F0B0FD0020C8
:1046480008BD00BF7F300024F8080024F0B5134DE2
:1046580089B0134E134F4FF0FF324FF0FF3305A9C7
:10466800284602F087F8B8B1002301220E49CDE9A7
:104678000270CDE90033184603F08DFFEBE723689D
:1046880013B1059A934203D105A8D4E9013198479B
:104698000C34B442F3D3DEE7044CFAE75C0100249F
:1046A800FC9C0008EAB500085C9C0008FC9C00081B
:1046B800F0B589B017461E4605909DF838008DF86C
:1046C80019108DF81800ADF81A700796DDE9105426
:1046D80023462C432A460AD0104904F005FED1F897
:1046E80080400F4909588C4204BF002213460D48E8
:1046F80005A901F0E7FF041E4FF000030BDA0A4A90
:1047080018460A490093CDE90132022203F043FF1B
:10471800204609B0F0BD1C46FAE700BFF8060024A1
:10472800080000005C010024FFB500085C9C00083C
:104738002DE9F041054600244FF001084FF0B0463E
:104748000E4F2A781319DBB208FA03F0D6F888302E
:1047580030EA03030AD152FA84F3C6F8880057F8FE
:1047680033201AB107EBC3035968904701346A78BC
:10477800E3B29A42E5D2BDE8F08100BF0409002403
:10478800044B03EB40000023013320F8022B99422D
:10479800FADC7047E40000244FF48013094A0A4900
:1047A80010B5D2F8A40088420BD0581CF9D0013BB0
:1047B800F7D183F31188BFF36F8F0424204602DFFB
:1047C800EFE710BD006402580003008007B5062219
:1047D80001210020FFF7D4FF002206201146FFF731
:1047E800C5FC012107220846FFF7CAFF002207205F
:1047F8001146FFF7BBFC082201210220FFF7C0FF8A
:10480800002208201146FFF7B1FC092201210320EC
:10481800FFF7B6FF002209201146FFF7A7FC0A227E
:1048280001210420FFF7ACFF00220A201146FFF700
:104838009DFC052117220846FFF7A2FF002217203A
:104848001146FFF793FC282206210A20FFF798FF5C
:10485800002228201146FFF789FC0223F42207488A
:10486800CDE9002383681B6823B16946984703B0E4
:104878005DF804FB6FF05700F9E700BFDC93000810
:10488800034680B1B0FA80F2C2F11F02D2B20749E2
:1048980031F912004FF0B042D2F880100B43C2F841
:1048A8008030FFF755BCFF22F1E700BFE400002489
:1048B80038B50D460446FFF76FFF032D0DD8DFE826
:1048C80005F0021116204FF0B0431A6822EA0402DC
:1048D8001A605A6822EA04025A600E4B4FF440727A
:1048E8005A6238BD4FF0B0431A682243F0E74FF0E0
:1048F800B0435A6822435A601A6822EA04021A60CE
:10490800EBE74FF0B0431A6822431A605A68144321
:104918005C60E2E70064025830B5B0B1B0FA80F3E9
:10492800C3F11F03DBB20B4850F833408C4204D16B
:1049380000EBC3056D68954205D044B940F83310C3
:1049480000EBC3004260002030BDFF23EBE76FF0AF
:104958000F00F9E70409002460B1B0FA80F3C3F14D
:104968001F03DBB2044A002142F8331002EBC302F2
:1049780051607047FF23F5E70409002438B500F0BB
:1049880003030F250C4604339B009D4045EA900520
:10499800FFF702FF05F003032A0C92FAA2F29B002C
:1049A800B2FA82F203F1B04302F01F02D3F80814FE
:1049B80094404FF4407221EA15410C43C3F808446F
:1049C800014B5A6238BD00BF0064025800F0030270
:1049D8000F23043292009340094A43EA900000F002
:1049E8000303023352F82320030C93FAA3F3B3FA18
:1049F80083F302EA104003F01F03D840704700BF5A
:104A080000040058064B1B6903F03803102B05D02F
:104A1800182B044818BF0020400870470248FBE7DD
:104A28000044025800389C1C00127A002C4B10B528
:104A380018680B88C3F30B030D2B25D8072B08D850
:104A480003F6FF70C0F30B0004280ED96FF0850041
:104A580019E00120984010F4285F33D110F4A06FBA
:104A680032D10C2BF2D11F4807E0023B032B21D88F
:104A7800DFE803F002232C26002010600B68B3F552
:104A8800805F25D2002010BDD42B0FD003F62873E9
:104A9800C3F30B031C2BD9D8012404FA03F3124CDB
:104AA800234205D140F211142342CFD04008E4E755
:104AB8008008E2E7FFF7A6FFDFE74FF4FA40DCE7FC
:104AC8000A48DAE70A48D8E70A48D6E70A48D4E79E
:104AD800C3F313330133B0FBF3F01060D2E700BF28
:104AE800D400002400B4C40400101111006CDC02CE
:104AF800000E270700389C1C00127A004FF4801320
:104B0800094A0A4910B5D2F88C0088420BD0581CC3
:104B1800F9D0013BF7D183F31188BFF36F8F0424D9
:104B2800204602DFEFE710BD006402580003008052
:104B380010B50B880C4603F62C73C3F30B03202B1C
:104B480013D8FFF7DBFF238861680020C3F30B034A
:104B580003F1B04303F511331A6822EA01021A601F
:104B68004FF44072024BDA6010BD6FF08500FBE72E
:104B78000064025813B50B880C4603F62C73C3F374
:104B88000B03202B1DD8FFF7B9FF2388616800208D
:104B9800C3F30B0303F1B04303F511331A680A4357
:104BA8001A604FF440722388C3F30B0303F1B04338
:104BB80003F511331B680193019B034BDA6002B0C4
:104BC80010BD6FF08500FAE70064025837B5974CBE
:104BD800D4F8E03043F00073C4F8E030D4F8E030A3
:104BE80003F000730193019BFFF788FF236843F4E8
:104BF80080232360236843F48033236023689D0364
:104C0800FCD5636F43F001036367884B5A6F9007C5
:104C1800FCD51A6842F480521A601A689104FCD5CF
:104C2800834B9A6942F440429A619A699204FCD58E
:104C38007E4B1A6902F03802182A16D11A685507ED
:104C480006D41A6842F001021A601A685407FCD5A3
:104C5800764B1A6922F007021A611A6912F0380FA6
:104C6800FBD19A6922F00F029A61704B1A6822F000
:104C780080721A601A6822F080621A601A6822F03C
:104C880080521A609A6A22F0030242F002029A6283
:104C98009A6A22F47C7242F010029A62DA6A22F06E
:104CA8000C0242F00802DA62DA6A22F00202DA62E0
:104CB8001A6B22F4FF7222F0010242F077021A63A3
:104CC800DA6A22F00102DA621A6B22F47E4242F4B6
:104CD80000721A63DA6A42F48032DA621A6B22F4DA
:104CE800FE0242F4E0221A63DA6A42F40032DA621F
:104CF8001A6B22F0FE4242F080721A63DA6A42F4BA
:104D08008022DA621A6842F080721A601A6890018A
:104D1800FCD59A6A454C22F47C3242F480429A626D
:104D2800DA6A22F0C002DA62DA6A42F02002DA6253
:104D38009A6B22F4FF7222F0010242F077029A6322
:104D4800DA6A22F01002DA629A6B22F47E4242F4A6
:104D580000729A63DA6A42F40022DA629A6B22F4E9
:104D6800FE0242F400329A63DA6A42F48012DA628E
:104D78009A6B22F0FE4242F080729A63DA6A42F439
:104D88000012DA621A6842F080621A602368190118
:104D9800FCD5FFF737FE05462648854201D201F0CB
:104DA8006DFAA369214A23F47063A361A36923F010
:104DB8000F0343F00803A361E36923F0700343F092
:104DC8004003E361E36923F4E06343F48063E36150
:104DD800A36923F0700343F04003A361236A23F01F
:104DE800700343F040032362236923F0070343F071
:104DF80003032361136903F03803182BFAD10D4814
:104E0800854201D301F03AFA094B9A6942F44042CB
:104E18009A619A699204FCD5074B4FF440720020BE
:104E2800DA60064B064A1A6003B030BD00440258E7
:104E380000480258001C4E0E00640258D40000249A
:104E480000389C1C10B508880C46C0F30B0003F012
:104E5800BDFB002826DB4B68FF2B22D0FFF74EFE58
:104E6800626893B2C2F38450C2F3054203F1B043BF
:104E780000FA02F203F51133196821EA02021A60F6
:104E880061688BB2CA0EC1F3054103F1B0438A4091
:104E980003F51133186802431A604FF44072024B4D
:104EA800DA60002010BD00BF0064025808B507484A
:104EB80003F0C1FF38B10648FFF7AAFB0448FEF724
:104EC800A3F9002008BD6FF01200FBE7BC950008AD
:104ED800DD4E00080A2838B50446074D04D1AB68F2
:104EE8000D2128465B689847AB68E1B202485B68C9
:104EF8009847204638BD00BFBC9500082DE9F84307
:104F0800D0F804801746D0F810900D46D8F808005D
:104F18001E4603F04FFBB7F5001F044616D1D8F81C
:104F280008402846FFF752FD84420CD1294603F079
:104F380041FB044603F041FB2046FFF70DFD00212D
:104F48002046FFF7B5FC0020BDE8F883B7F5800FD1
:104F580020D0B6F1806F19D0B6F1C06F18D0B6F175
:104F6800007F1AD102264A460F492046FFF7D4FC93
:104F7800B0B9D8F808102846FFF700FD204631469A
:104F8800FFF796FC2046FFF77BFCDCE70126EAE703
:104F98000326E8E76FF08500D6E76FF01500D3E742
:104FA8006FF00F00D0E700BF3F8700084FF4801371
:104FB800094A0A4910B5D2F8A00088420BD0581CFB
:104FC800F9D0013BF7D183F31188BFF36F8F042425
:104FD800204602DFEFE710BD00640258000300809E
:104FE80038B543680C465D68FFF7E0FF4FF4407240
:104FF80000206B6963406B61014B1A6238BD00BFCA
:105008000064025870B543680D4614465E68FFF7A1
:10501800CDFF4FF44072002073695C402C405C4027
:10502800014B74611A6270BD006402582DE9F8439F
:10503800164645680124884602F0300799468C4098
:10504800FFF7B4FF6A68C6F38013C6F3C111C6F34D
:10505800412622EA040203FA08F3202F43EA020356
:1050680004FA08F26B6002EB4200D5F808C002FBB4
:1050780001F102FB06F66FEA00032CEA000C41EA94
:105088000C01A960E96821EA000146EA0106EE6020
:105098000FD1B8F1070F18D802FA08F1286A01FAF7
:1050A80008F1C1EB011401FB09F120EA04000143F6
:1050B800296229683F090B4057434FF440721F4348
:1050C800094B2F601A62BDE8F883240A696A6443B1
:1050D8006443C4EB041004FB09F921EA000141EA26
:1050E80009016962E5E700BF0064025838B5036941
:1050F800044658600A4D284603F09DFE60B1AB682F
:1051080061681B680C3123B12846984700EAE070B3
:1051180038BD6FF05700F9E76FF01200F8E700BFED
:10512800DC9300082DE9F04F466889B04FF000087D
:105138004FF0010BF56806901835079573684345DD
:1051480005DC337D002B40F0A18000241AE00C23FD
:10515800D6F808A003FB08F70AEB07045AF807007B
:1051680003F069FE034688B95AF807206FF0120465
:105178004A49126800900392494ACDE90102012286
:1051880003F026FB204609B0BDE8F08FE3885AF803
:105198000700217943F48032046913F0010F0BFAF8
:1051A80001FCD0F808E0236814BF4CEA030323EAA3
:1051B8000C032360DEF800309847044660B1394B91
:1051C800CDE9038002930023012234491846CDE932
:1051D800003303F0FDFAD5E7069B284645F8183C4E
:1051E800316903F0BDFE337D002B4BD1D6F808A002
:1051F800A5F114012C4B0AEB070999F804200BFAC6
:1052080002F245E904325AF807008268D4698CB181
:105218000122A047041E10DA244B01221F490293E1
:1052280000231846CDE9003303F0D2FA204BCDE92C
:105238000384C7E76FF05704EEE799F804105AF8AB
:10524800070003F0A6FA05F8080C5AF8070099F8C1
:10525800041083689C6994B14FF0C0634FF0A0724A
:10526800A047041E0EDA134B01220C4902930023B7
:1052780003941846CDE9003303F0AAFAD6E76FF095
:105288005704F0E708F10108483557E732680A2360
:105298000798A2FB032301F0ADFC56E7549C0008D5
:1052A8000AB700081AB70008C38700083AB7000809
:1052B80056B700085DB700080346F0B553F8186DF7
:1052C80087B005467268D16892685C1A174BE4107B
:1052D8005C430C236343D718D058397903F059FA43
:1052E800031E0DDA01221249CDE90343114B029343
:1052F80000231846CDE9003303F06AFA07B0F0BD81
:1053080015F9082C9A42F9D04FF0FF304FF0FF31D1
:1053180005F8083C003B3A8918BF0123CDE9020192
:10532800012130460091FFF7C3F9E7E7398EE338EA
:10533800549C000880B700082DE9F047044600EBAC
:10534800C10600251C4FB44201D1002014E020689A
:10535800C30600F01F0911D4656845F02005C0F3A5
:10536800481AC0F34420102823D857F82080B8F1F1
:10537800000F0DD16FF01200BDE8F087B9F1100FE2
:1053880004D0B9F1110FEAD16568E8E73025E6E7FE
:10539800404603F050FD0028ECD04B462A460AF060
:1053A8000F01404603F0DDF9002804F10804CADAC9
:1053B800E2E76FF01500DFE74CA50008012912D0DD
:1053C800022907D089B90068094BC01A18BF012003
:1053D800000370470068064B984214BF4FF44050D2
:1053E8004FF400507047002070474FF4005070474A
:1053F800000C005870B51D460026094B6C0833F8A0
:1054080012203346FBF7E2FB2A460902334641EAFB
:1054180010610002201841F10001FBF7D7FB70BDB5
:10542800C0A600082DE9F0410269064643680C460B
:10543800106888B01D68D9688368DB6863B9314B28
:1054480001223149029300231846CDE9003303F0C5
:105458005DFA08B0BDE8F08107AA98470028EEDB9E
:105468002A4B9D423FD1079F0025DFF8A4802346A1
:10547800AAB238460021FFF7BDFFA0F540704045AD
:1054880010D901350C2DF2D10494012233681E493C
:105498000393204B029300231846CDE9003303F011
:1054A80035FAD6E7194EF36A23F00F032B43F3625C
:1054B800002CCED0184B384633F815200023194657
:1054C800FBF784FB22460902630841EA10610002E7
:1054D800C0184FF0000341F10001FBF777FBC0F360
:1054E8001300F060B5E72B6823F400432B60079B9B
:1054F800002CAED003EB5403B3FBF4F39BB2EB6088
:10550800A7E700BFBFB70008DC9C0008000C0058E4
:10551800FFFC0F00EDB70008C0A600082DE9F8430E
:1055280006460A7940680D463369012A04685F68AF
:1055380063D0931ED3F1000848EB03084FEA88288C
:105548006979FFF73BFF95F806900346B9F1020F1A
:1055580056D0B9F1040F57D0002A5FD0033A012A78
:1055680054D94FF48050B3F5805F59D0B3F5405FFC
:1055780058D0002B0CBF01230323994246D1414642
:1055880003F082F9814541D1EB791BB3012B4BD153
:10559800274B9C421ED0A3F54C439C421AD003F5DE
:1055A80080639C4216D003F580639C4212D003F5B9
:1055B80080639C420ED003F544439C420AD0A3F575
:1055C8001C439C4206D003F580639C4202D0194BD1
:1055D8009C421BD123682946304623F001032360EF
:1055E80003F019FA236843F00103236095E80300E8
:1055F80087E803000020BDE8F8834FF4C0689FE700
:105608003AB94FF08050AEE7002AAAD06FF0850073
:10561800F1E7033A012AF9D90020A4E71046A2E7E6
:105628000023AAE70223A8E7032BB1D0EEE700BFC7
:1056380000100140000C0058F0B5064645680469A2
:1056480087B06948206003F0F6FB034650B9674A03
:1056580067496FF012040093CDE90132012203F08B
:1056680055F90EE02068E96883681B6863B19847BC
:10567800044658B905AA0021286A03F0B9F8041E9F
:1056880011DA204607B0F0BD6FF05704594B0122DC
:105698005749029300231846CDE9003303F036F941
:1056A800002CEEDBE6E7059B002219791868FFF766
:1056B80043FE041EE5DB756833692C685F68236860
:1056C80023F001032360686803F0B5FB034608B9BB
:1056D800494ABDE7D5E901018368DB6803B198470A
:1056E80054E8003F43F00C0344E80032002AF7D1A5
:1056F8003946304603F08FF92B7D1BB1A36843F080
:105708000803A3606B7D1BB1636843F400436360C7
:10571800AB7D1BB1636843F480336360EB7D1BB1E1
:10572800636843F4003363602B7E002B4AD0334B0D
:105738009C422DD0A3F54C439C4229D003F58063AD
:105748009C4225D003F580639C4221D003F58063F9
:105758009C421DD003F544439C4219D0A3F51C4339
:105768009C4215D003F580639C4211D0244B9C4287
:105778000ED0336801221E496FF015040393214BA4
:10578800029300231846CDE9003303F0BFF878E709
:1057980073681A68936843F48043936023686A7E49
:1057A80023F0787343EA425323602368AA7E23F4E4
:1057B800F81343EA02432360EB7E1BB1A36843F46A
:1057C8000043A3602B7F1BB1236843F00053236081
:1057D800236843F001032360E3699A02FCD5E36977
:1057E8005B02FCD500244CE7DC93000804B80008F1
:1057F800DC9C000823B8000843B8000800100140EA
:10580800000C00585EB800082DE9F04188B0066920
:1058180045684E4F384603F00EFB034668B94C4ABC
:105828004C490090CDE90102012203F0AEFA6FF075
:105838001204204608B0BDE8F081D7F808806969ED
:10584800D8F8003073B138469847041E0DDA424B39
:105858000293002301223F491846CDE9003303F0A3
:1058680094FAE6E76FF05704F1E72B69012B0ED99C
:105878006969D8F81830083133B10022384698479A
:10588800041E04DA354BE3E76FF05704FAE707AA7A
:105898000021686802F0ACFF041E07DB079B0022AA
:1058A80019791868FFF748FD041E0BDA2C4B012202
:1058B80028490293002303941846CDE9003303F0E6
:1058C80064FAB6E7B5680127D6E9023203EBC203EA
:1058D8009D4204D33046002403F07BFAA9E72868E8
:1058E80003F0A9FA034668B92A791A4904922A6882
:1058F8001268009003921B4ACDE90102012203F0CD
:1059080044FA94E728682979EB88DA07D0F810C0B8
:1059180007FA01FED0F8088054BF43F4B01383F4AB
:10592800D013DCF8004023F48012DB074CBF4EEAAA
:10593800040424EA0E04CCF80040D8F80030984754
:10594800041EFFF676AF0835BEE700BFDC930008FB
:1059580004B80008C49C0008ABB80008C6B8000822
:10596800E8B8000806B900082DE9F04F93B0D0F860
:1059780004A080460E4604699146DAF80070069342
:1059880012B9002B00F05583B388990400F1D48034
:105998004FF0FF324FF0FF3304F1100000F080FFAA
:1059A8006660D8F810300AADDFF88CC20793D8F8D3
:1059B80004B0BCE80F000FC59CE80F0085E80F0095
:1059C800079ADBF800501268B388964240F0C0800E
:1059D8001A0508D5B9F1000F00F0B7804FF4C121BE
:1059E800284603F0B3F8B3884946069A2046C3F31D
:1059F8004513082B0CBF0123022303F0CCF83D68A4
:105A0800FB6805F4006503F4C0231D439AF81830B9
:105A1800EBB1B388DB071AD4002D40F091814946D9
:105A2800304603F090F9B0F10009C0F29980069968
:105A3800304603F088F90028C0F2F9828145B8BFE2
:105A480081467B681B0C1B0443EA09037B603B68A7
:105A580043F001033B60FB685E0200F17E81012098
:105A680003F0D9F9D8F810603068002840F07E813A
:105A78002368DAF800609B88D90700F1B5819AF8A5
:105A88001830002B00F090813368F26803F4006945
:105A980002F4C02349EA0309B9F5C12F40F0738124
:105AA80073699A0700F17B81DAF80060736913F46F
:105AB800787300F0298204930122604B60490393B4
:105AC800604B029300231846CDE9003303F05DF9DB
:105AD80073695F0603D5B36943F04003B3616FF0A0
:105AE8000409D8F80470D8F810603D686B69DB07C2
:105AF80000F16D82EB68580200F16C826B699905C0
:105B080003D5AB6943F40073AB61397E2B68EA684F
:105B1800002900F07A82AB6943F01003AB61AB69EE
:105B280043F04003AB61AB6943F00803AB616B68BA
:105B38001B0C1B046B6071E2A369002B7FF428AF78
:105B480063689E427FF424AF2BE74FF4C02147E7F8
:105B5800C3F34512082A12D0102A10D06FF0850915
:105B6800236813B19B889B0405D40023636004F168
:105B7800100000F061FE484613B0BDE8F08F1B042A
:105B880005D5EB6823F4601343F40023EB602E483B
:105B9800DBF810208368012ADBF81410DB682ED9A3
:105BA800083163B9294B029300230122244918467E
:105BB8006FF00409CDE9003303F0E7F8D0E709AA4C
:105BC80098470028EEDB099A0123316822FA03F08E
:105BD80088421CD90133092BF8D1130A6FF0150933
:105BE800520805931A4B02930023CDE90312184675
:105BF80001221349CDE9003303F0C7F8B0E70BB928
:105C0800144BD0E709AA98470028DCDAF8E72A6895
:105C180012A922F0010201EB83032A60AA6853F853
:105C2800243C22F0E0421343AB60B388980713D4B6
:105C3800EB6823F0007312E0009D0008BCB900086F
:105C4800C49C0008B1B90008DC9300082AB9000810
:105C580082B9000856B90008EB6843F00073EB609E
:105C6800B38813F0040FEB6814BF43F0807323F07C
:105C78008073EB60B18811F4006104D0B9F1000FB2
:105C880052D04FF4C121284602F060FFB38813F0C8
:105C9800100FEB6814BF43F4000323F40003EB6018
:105CA800AB6823F48003AB60B268B388002A3ED0A7
:105CB800D90706D4EB68DA0003D42B6843F4805381
:105CC8002B60EB6823F0105343F08063EB60B388DC
:105CD80013F0010FEB6814BF23F4800343F480032F
:105CE800EB60B388C3F34513082BAB6823F01F039D
:105CF8000CBF43F0070343F00F03AB60EB68DBF81E
:105D08000C2023F00F031343EB60EB68DBF808204B
:105D180023F0F00343EA0213EB60AB6823F4F0735B
:105D2800AB60079B1E605EE64FF4C021ABE713F043
:105D3800010FEB6823F0105308BF43F00053C5E789
:105D4800B5F5C12F30460CBF4946069902F0FBFF56
:105D580000288146BFF675AE02E73B6843F400733E
:105D68003B603B6898053FF57AAEFAE78368002BFD
:105D78003FF47EAE0121083003F017F83368186944
:105D880003F049F874E67369DB0703D5214630460A
:105D980002F087FFB9F5C02F7FF482AE84E6214672
:105DA800304602F035FF7FE63368F26803F4006995
:105DB80002F4C02349EA0309B9F5C02F08D1DAF87B
:105DC80000004369D907FCD5214602F06AFF6BE65B
:105DD80073699807FCD52146304602F019FFB9F5DA
:105DE800C12F3FF461AEEAE77269920769D5A26CE8
:105DF800002A66D0C3F34513626C082B4CD1137884
:105E080086F82030A36C9BB1013BA364002B3DD1E5
:105E1800636B08336363A36B013BA363012304F142
:105E2800480204F1380104F1340002F09EFE606477
:105E38007369DB077FF538AEE36C002B3FF434AEB3
:105E4800226D002A3FF430AE22689288C2F34512D0
:105E5800082A42D196F830201A70236D002B3FF49F
:105E680023AE013B2365002B30D1E36B0833E3639A
:105E7800236C013B2364012304F1500204F1400127
:105E880004F13C0002F071FEE0640DE6636C002B47
:105E9800CED001336364CBE713883384A36C002B23
:105EA800C6D0013BA3643BB9636B08336363A36B40
:105EB800013BA3630223B2E7636C002BB8D0023323
:105EC800E8E7336923F002033361B1E7E36C002BA1
:105ED8003FF4EAAD0133E364E6E5328E1A80236DC0
:105EE800002B3FF4E1AD013B23653BB9E36B08337D
:105EF800E363236C013B23640223BDE7E36C002BBF
:105F08003FF4D2AD0233E6E7B5F5C12FA36C4FD10C
:105F1800002B46D1236D73B3304602F006FF0028EC
:105F2800FAD1336823F00103336023689B88DD07C7
:105F380012D4256C0246AA4224D1C3F3022390FB53
:105F4800F3F203FB1202002A3CD17268B0FBF3F0B3
:105F5800130C1B04184370604FF4C021304602F044
:105F6800F5FD336843F001033360F368590210D438
:105F7800012002F050FF3B68FD6803F4006305F45C
:105F8800C02514E0E16B01EBC20101324968084405
:105F9800D1E7336843F40073336033689A05E7D474
:105FA800FBE73D68FB6805F4006503F4C0231D4367
:105FB800A36C002B7FF45CAD236D002B7FF458ADF0
:105FC80099468EE53B686FF01509FB6889E595F8F9
:105FD80030308BE5284602F0A8FE0028FAD1336855
:105FE800002B3FF48BAD9A68002A3FF487AD99885F
:105FF80011F480587FF482AD186902F00CFF306804
:106008004146083002F0D1FE78E503F4006302F45B
:10601800C0221343B3F5C02F3FF489AD33689B8882
:10602800DA043FF59DAD284602F0E4FD98E5814687
:1060380096E5DDF818909EE54FF0E0230F4910B57E
:106048009C691A6908689B6902F480320C4934B962
:1060580093B903464AB90A681044C01A10BD002B08
:1060680008BF03460AB9A342F5D90A6802440A6080
:106078004FF0E0221269EEE70446F3E7640A0024D1
:10608800600A00240A4B1022002083F823204BF6D4
:106098008032084B1A604BF67F32074B18604FF07E
:1060A800E0235A6198611A6942F007021A61704741
:1060B80000ED00E0640A0024600A0024684620F02D
:1060C80007018D4619B5FFF7B7FF1149114B08684D
:1060D800D3E90042001942F10002C3E900020E4A66
:1060E80000230B604BF68033D2E90041001BB0FB64
:1060F800F3F043431B1941F10001C2E9003101F0FB
:106108003BFAFDF7B1FCBDE819408546704700BF72
:10611800600A0024F0050024E80500242DE9F04178
:10612800DFF8E08099B1421C0BD14FF0E0221369EF
:1061380023F0010313614FF07F43C8F80030BDE836
:10614800F081D8F80060012807DC00270BE0431C29
:10615800D8F80060F7D14FF4AE7040F25D13984262
:10616800A8BF1846471EEFF31185102383F3128842
:10617800BFF36F8FFFF760FF234C4FF0E02399695F
:10618800D4E9002380184FF0000243F10003C4E96A
:1061980000031E4B1A601E4B1A68831A2ED44BF646
:1061A800803C0CFB073303F53B437F33B3FBFCF721
:1061B800131A40F6B8320CFB0733934238BF134624
:1061C800144A934228BF1346C8F800304FF0E02223
:1061D800013B90695361002381429361A1EB000365
:1061E800D4E9001238BF9B195B1842F10002C4E9D8
:1061F800003285F31188BFF36F8FA0E740F6B833FC
:10620800E2E700BF640A0024F0050024600A0024C5
:10621800E805002400E2FE0038B5EFF311851023ED
:1062280083F31288BFF36F8F084B1C68084B1B68F9
:10623800E41AFFF701FF85F31188BFF36F8F4BF660
:1062480080332044B0FBF3F038BD00BFF0050024D4
:10625800E805002438B5EFF31185102383F312887D
:10626800BFF36F8F044B1C68FFF7E6FE85F31188B8
:10627800BFF36F8F204438BDF0050024002854D0A8
:106288002B4A936903F44043B3F5404F1FD1294B80
:10629800294A0344934242D9284B294A034493424A
:1062A8003FD9284B984240D80020274A136823F04A
:1062B8000F0303431360136803F00F03984232D0AF
:1062C800136803F00F03C01A18BF012070479369C1
:1062D80003F44043B3F5004F0ED11C4A1C4B024453
:1062E8009A421AD91B4A02449A4218D91A4A0244B5
:1062F8009A4216D90133D5E7184A194B02449A42F3
:1063080009D9184A02449A4207D9174A02449A42BC
:1063180005D9164AEBE70420C7E70320C5E70220A2
:10632800C3E70120C1E70346CDE70120704700BF5E
:1063380000480258FFC4A7F7FFE0F5057FE2D3FB4A
:106348007F1D2C04801D2C0400200052BF4C2AF60F
:10635800BF3B47037F8871F93FC4B8FCFF6A45F526
:106368003FA5AE023F10F4F77FB5A2FABF5A51FD20
:106378001FB50446FDF772F8064B01220649029341
:1063880000231846CDE9003302F060FD204602F0F4
:106398006DFD00BFE8B90008B49C00082DE9F04184
:1063A800054686B00E46EFF31188102383F3128852
:1063B800BFF36F8F0428254A4FF00004244998BF83
:1063C800244B976898BF53F82030127C88BF224B23
:1063D80003902046CDE90432204B01220293234644
:1063E800CDE9004402F032FD6EB1F369C3F308034E
:1063F8004BB11B4B0122164920460094CDE90143BD
:10640800234602F023FD2FB1384602F0BEFD08B145
:10641800037803B91348144B01220D490293002352
:10642800CDE90370CDE90033184602F00FFD31467F
:106438002846FFF79DFF88F31188BFF36F8F384612
:1064480006B0BDE8F041FDF72BBE00BF680A002486
:10645800B49C000888A60008F7B900080DBA00081F
:1064680035BA000805BA000856BA000838B50A4B0C
:1064780053F82040013053F82050A54200D838BDC9
:10648800606830B1037FDB0701D402F0F7FC083401
:10649800F3E723689847FAE79CA600082A4B0122ED
:1064A800032070B5294C86B0294D1A70FFF7DEFF1E
:1064B80001F09AF90420FFF7D9FF26463034AE429E
:1064C80010D3224C00F044FD224EAC4226D300F0FB
:1064D80053FDFCF753FC204A137B23F0010313738D
:1064E80006B070BD54F80C3C059354F8103C049366
:1064F80054F8143C039354F8183C029354F81C3C89
:10650800019354F8203C009354E90A2354E90C0100
:1065180000F076FB54F8303C5E65CEE7D4E90A23F8
:10652800B3F1FF3F08BFB2F1FF3F05D052EA0301C4
:10653800206803D100F0DCFD3034C6E7314618305E
:1065480000F08AFFF8E700BFA10A0024F09A0008CB
:10655800B09B0008859000087806002406480021B2
:10656800064A08B5121A02F0A0FC0548054A00219F
:10657800121A02F09AFC08BD00020024A40A0024A2
:10658800000000200000002070B5002386B0012222
:10659800144E01930446144D06EBC0161349CDE979
:1065A80004230F22CDE9023214234FF4A07203FB17
:1065B80000554FF4C0700E4B00FB04113046009597
:1065C80000F01EFB737B0B4A23F00403EE602C746F
:1065D80073734FF4046304FB033313446B6006B016
:1065E80070BD00BFF8050024680A002400240024B8
:1065F800BB8E0008C01B0024BFB50020FFF736FF84
:10660800284B83F30888284D0024F023274F85F86A
:106618002230EC772C766C76AC7685F820406B6A65
:1066280043F4E0236B62FDF70BFDFDF729FE4FF005
:10663800FF33AB62EB62FDF709FF1D4DFDF744FE2A
:10664800FCF7E6FE1B4800F055FB02F0F3FBFCF7F5
:106658003BFE0120FFF70AFF0220FFF707FF00F0CB
:10666800BFFC154B15494FF480625D612846144BF9
:10667800009405930123CDE90144CDE903433B464A
:1066880000F0BEFA6A7B0646284622F004026A73C6
:1066980002F0B7FC2046FFF777FF3A463146284616
:1066A800FDF7D0FD0024002400ED00E0A5640008FB
:1066B8007806002498070024680A0024802500240E
:1066C8009EB000082DE9F34104460E4600F1080883
:1066D800EFF31187102181F31288BFF36F8F006ADF
:1066E800E168884233D22568AC4219D0C5B1284642
:1066F80002F0EAFB05F1180002F025FDA26800246B
:106708003146286902F061FD2846AC6702F079FC41
:106718004046394600F0F6FB204602B0BDE8F0815D
:10672800A2683146E06902F050FDE369A2680020E2
:10673800134462699342E36104BF2369E361236AF6
:106748000133236287F31188BFF36F8FE5E752EABD
:1067580003010AD00649404689680E613946CDE9E9
:106768000023224600F0ACFBD7E76FF02200E9E7F0
:10677800680A0024F7B50446084604F10807EFF351
:106788001186102181F31288BFF36F8F216A0029C7
:1067980039D0A268A16902F018FDA369A26825682A
:1067A800134462699342A36104BF2369A361AC42A5
:1067B800236A03F1FF33236233D02846002D31D0FA
:1067C80002F082FB05F1180002F0BDFCA2682969FD
:1067D800E06902F0FAFCE369A2682846134462699A
:1067E8009342E36104BF2369E361236A01332362AF
:1067F8000024AC6702F005FC3846314600F082FB05
:10680800204603B0F0BD52EA030110D00949896857
:10681800086131463846CDE90023224600F050FB96
:10682800EFE7002086F31188BFF36F8FE9E76FF079
:106838002200F7E7680A002470B5EFF311861023E9
:1068480083F31288BFF36F8F0468A0421AD0CCB1CB
:10685800002504F11800D4E9003213605A60637B04
:10686800A56023F00203C4E90055637302F06BFCD2
:106878002046A56702F0C5FB31460848BDE87040D0
:1068880000F040BBD0E902329A4218BF013383605E
:1068980086F31188BFF36F8F70BD00BFA20A002472
:1068A80013B5EFF31181102484F31288BFF36F8FAF
:1068B800846844B1013C846081F31188BFF36F8F11
:1068C800002002B010BD52EA030406D181F31188FA
:1068D800BFF36F8F6FF00F00F3E7CDE90023024697
:1068E800014800F0EDFAECE7A20A0024074B07B5CF
:1068F8004FF48062009306494FF0FF33054800F0DB
:106908000BF9002003B05DF804FB00BFB4A6000833
:10691800C0290024F80600242DE9FF410446102769
:106928004E4EEFF3118887F31288BFF36F8FD4F8B8
:106938008450F5B9022104F19C0002F0D2FA002833
:1069480068D004F1940500220121284602F0C2FB18
:106958000028F8D100234FF0FF3241464048029307
:106968004FF0FF33CDE9002304F18C0200F086FCE0
:10697800D7E7D4F888202B689542C4F8843008BF3C
:10698800C4F88830D4F89C3043F00203C4F89C3033
:10699800EB6823F0040343F00103EB606B6888F3B2
:1069A8001188BFF36F8F28469847EFF3118887F354
:1069B8001288BFF36F8FEB68D80623F0010236D434
:1069C800EA60EB689A0716D523F002033068EB609B
:1069D80088B10368002170B14268954235D10368D7
:1069E80069BB72683360824200D17360002340F84B
:1069F800083BFFF721FFD4F89C3023F00203C4F8CA
:106A08009C3088F31188BFF36F8FDB0589D400F0C1
:106A1800EFFA86E7D4F89C30D9069BD5C4F89C00D9
:106A280088F31188BFF36F8F04B0BDE8F08123F0BD
:106A38001103EB6005F11000FFF7FEFEC1E70B60E4
:106A48007368834208BF7160D0E723B11A680146B2
:106A580018461346BFE71A46F9E700BF880A00241C
:106A6800A20A0024F8B5C36804460F469A07C3F380
:106A780040062DD45B071BD40B680BB983680B60E9
:106A8800E368DD0745BFA368022601263B603D6831
:106A9800002D3CD01F4B9A68D5F880309A420AD016
:106AA800D5F89C30D807C3F3800214D46FF01206CF
:106AB80000233B6025E002F05FFAD5F89C300028FF
:106AC800F0D1D907C3F3C002F0D552B15B0708D49F
:106AD8006FF00F06ECE7002AFAD1C3F3C003002BCE
:106AE800F6D100232360D5F8883063B9C5E921447D
:106AF800284602F010FAE36843F00403E3603B68B9
:106B0800A3603046F8BD1C60C5F88840F0E76FF018
:106B18001506CDE7680A0024F0B50446002089B0C0
:106B2800C4E9210004F18C000E9DC4E9230004F19E
:106B38009400C4E9250055B32879002840F20110D3
:106B480008BF0120C4F89C0000204FF0FF364FF02A
:106B5800FF370094CDE90330CDE901000D4B204605
:106B6800CDE9066700F09AF855B1296811B12046B9
:106B780002F008FA6B791BB1237B43F001032373FE
:106B8800204600F0B5FAC4F8804009B0F0BD0120F5
:106B9800D8E700BF21690008F7B50C4616461D4620
:106BA8000190EFF31187102383F31288BFF36F8FDF
:106BB800084602F0A1F955EA060309D101A92046C1
:106BC800FFF750FF87F31188BFF36F8F03B0F0BD55
:106BD800E3683246064904F1100043F00803E36015
:106BE800019BA3622B4600F037FC0120EAE700BFB7
:106BF8002D8F000801460148FFF7CEBFF806002494
:106C080007322DE9F04322F0070285B00E461F46F1
:106C1800109900F158037F3204460173042122F0D1
:106C28003F0206F1400941733F2AA2F14008C0E93A
:106C380016334FF0000383600F98E373A073C4E921
:106C4800063305D883F31188BFF36F8F084602DF38
:106C5800B51820462946FCF7E7FE07300E9B31465B
:106C680020F00700C4E91898A0662D1A0293204660
:106C78000D9B2A4601930C9B00933B46FDF7B6FA01
:106C880000236365044B9B6803B1DB6E2846E3660B
:106C980005B0BDE8F08300BF680A0024F0B5002500
:106CA80087B004460595109D04950F9D03950E9D8C
:106CB80002950D9D01950C9DDDE912760095FFF773
:106CC8009FFFB6F1FF3F08BFB7F1FF3F05D056EA77
:106CD800070305D1204600F00BFA204607B0F0BDA7
:106CE8003A46334604F11800014900F0B5FBF4E7D1
:106CF8008590000840F2011383810023C0E918330E
:106D0800C366014B98607047680A0024094A6FF00F
:106D18000A0193689967084958674B6843F080539C
:106D28004B60002383F31188BFF36F8F9368986FCC
:106D3800704700BF680A002400ED00E070B590F9C4
:106D48000D20437B002A36DBD90634D11B4C63F077
:106D58007F0322464373E16952F8183F934207D1F3
:106D6800C0E900210860E06111E09942F8D01B6891
:106D7800002BF5D090F90E5093F90E60B542F4D07F
:106D8800AE42F2DD5968C0E9003108605860A56973
:106D9800954200D005B9E568A3685A7BD20604D1AC
:106DA800DA897F2A01D9AA6932B1AB4202D02846D2
:106DB80000F0A4FA656170BD6361FCE7680A00240D
:106DC80038B590F90D200146437B002A04DA03F018
:106DD8007F03437302F0DBF80D4D2A46AB6852F887
:106DE800184F944200D004B9EC688B4207D05A7B04
:106DF800D20604D1DA897F2A01D9A2692AB1A3422D
:106E080002D0204600F07AFA23466B6138BD00BFF5
:106E1800680A0024B3F1FF3F08BFB2F1FF3F03D077
:106E28000249183000F018BB704700BF8590000871
:106E380070B590F90D200146437B002A04DA03F06F
:106E48007F03437302F0A3F84B7B1C4C63F07F0372
:106E580022464B7352F8183FE069934207D1C1E9C3
:106E680000200160E16111E09842F8D01B68002B16
:106E7800F5D091F90E5093F90E60B542F4D0AE42B8
:106E8800F2DD5868C1E9003001605960A569A3685E
:106E9800954200D005B9E5688B4207D05A7BD206E7
:106EA80004D1DA897F2A01D9AA692AB1AB4202D072
:106EB800284600F023FA2B46636170BD680A002457
:106EC800F8B50E4B0C4611460D4A9868DDE9066781
:106ED8001060EFF31182102282F31288BFF36F8FD4
:106EE8009D68284602F065F8284632463B46FFF77B
:106EF80091FF2046BDE8F840FFF708BF680A002464
:106F0800900A002449B9EFF3058030B9054B5A6956
:106F18009B689A4201D0FFF7F9BE81F31188BFF34D
:106F28006F8F7047680A0024034648B9EFF305825B
:106F380032B9064A51699268914201D0FFF7E6BE1C
:106F480083F31188BFF36F8F704700BF680A00246E
:106F5800EFF31181102383F31288BFF36F8F054B72
:106F68009A68D37B013BD37381F31188BFF36F8F8A
:106F7800704700BF680A002470B5EFF3118610232C
:106F880083F31288BFF36F8F144DAB68DA7B01323D
:106F9800DA732A4652F8184F944200D004B9EC68C4
:106FA8005A7BD20604D1DA897F2A01D9A2692AB18B
:106FB800A34202D0204600F0A1F923466B6186F374
:106FC8001188BFF36F8FEFF31180102383F31288BA
:106FD800BFF36F8FBDE87040FFF7A6BF680A0024B3
:106FE800024B03F11802C3E906227047680A00241D
:106FF80070B5EFF31186102383F31288BFF36F8FF8
:107008001B4CA168E0690B68814214BF1A46002234
:1070180049680B605960A368E1692AB9154AC3E950
:1070280000210B60E3610CE093F90E0092F90E5019
:10703800A84218D0854216DD5168C3E900210B60CB
:107048005360A5690B4B9D4200D005B9E568A3685C
:107058009D4202D0284600F051F930466561BDE8EE
:107068007040FFF753BE8A42D8D01268D5E700BFF8
:10707800680A0024800A0024F8B550EA010306468D
:107088000C4603D1FFF7B4FF0020F8BDEFF31187DA
:10709800102383F31288BFF36F8F124D124BA86829
:1070A8001860FFF78DFEA868234632460F4918304E
:1070B80000F0D2F9AA6804463846537B43F004032B
:1070C8005373FFF723FEAB68D3E90A23B3F1004FEC
:1070D80008BF002AD8D102F05EF8201A20EAE07032
:1070E800D3E700BF680A0024900A002485900008AE
:1070F80038B50446EFF31185102383F31288BFF3E4
:107108006F8F437B5B070FD5183002F01CF8637B49
:10711800204623F004036373FFF710FE2946054851
:10712800BDE83840FFF7EEBE85F31188BFF36F8FD7
:1071380038BD00BFA20A0024014B9868704700BF01
:10714800680A00242DE9F8430446077BEFF311850C
:10715800102383F31288BFF36F8F437B190705D57C
:1071680085F31188BFF36F8FBDE8F883D90943F021
:1071780008025AD14273A36813B1204601F00FFFE9
:1071880004F1180004F1580801F0DDFFA66DB045C0
:1071980011D04FF0000976B1304601F000FF06F13A
:1071A800180001F0D0FF3046C6F87890FFF7C6FD0A
:1071B800A66DB045EFD1DFF8B880D8F808309C420A
:1071C8003BD1EFF30589B9F1000918BF4FF0010968
:1071D800D8F81860274A964200D00EB9D8F80C6043
:1071E800B34202D0304600F089F8C8F81460B9F10B
:1071F800000F02D02048FFF77DFDD8F808309C42E8
:1072080031D1EFF3058373BB227BD20718D428460C
:10721800FFF77CFDFB07A7D5002383F31188BFF395
:107228006F8F0423184602DF9EE703F07F0343F0C5
:107238000803437301F0ABFE9DE74FF00009C7E771
:1072480085F31188BFF36F8F83F31188BFF36F8FB6
:107258000423184602DFEFF31180102383F312880A
:10726800BFF36F8FD4E785F31188BFF36F8FD1E732
:10727800680A0024800A002498070024D3B5DDE9B1
:107288000667089CCDE90067FFF71AFE1CB1034B9F
:107298009B681B69236002B0D0BD00BF680A002448
:1072A800044B0122C01A044BC0105843034B1A5414
:1072B800704700BF18080024ABAAAAAAA20A002493
:1072C800C3897F2B12D80A4B1B6863B1094B90F90D
:1072D8000E201B689A4209DB437BDB0606D1064B6E
:1072E800C31A18BF012303F0010070470023FAE70F
:1072F800D8000024940A0024F80500240E4B70B529
:107308001E7C05460D4C06EB460304EBC3042046E1
:1073180001F019FF0A4B002228469A55FFF7D0FFC3
:1073280048B1084B204608491A68013ABDE8704040
:10733800D31700F091B870BD680A0024180800241B
:10734800A20A0024D8000024A972000838B5EFF377
:107358001185102383F31288BFF36F8F104B114AE6
:107368009C681068A04206D1FFF7C8FF85F3118812
:10737800BFF36F8F38BD00211B7C11600A4AD35CB4
:10738800002BF3D02046FFF79BFF0028EED0637B4D
:10739800DB0602D12046FFF74BFD2046E4E700BF9D
:1073A800680A0024900A0024A20A00240A480B4A0A
:1073B8000B49121A08B501F07AFD0A480A4A0B4926
:1073C800121A01F074FD0A480A4A0B49121ABDE85C
:1073D800084001F06CBD00BF00000024FC0100243F
:1073E800F8BA00080000002400000024F8BA0008D9
:1073F8000000002000000020F4BC0008024B1868C0
:10740800984208BF00207047DC000024034B1B682B
:107418000BB9FEF701BF0020704700BF980A00248F
:1074280030B570B10B4B5B6898420AD0036843B122
:10743800D3E90421D0E90445121941EB0501C3E958
:107448000421D0E9003213605A600023C0E90033F8
:1074580030BD00BFDC000024B3F1FF3F08BFB2F12C
:10746800FF3F2DE9F84F0446994615461F467AD046
:107478008160EFF31188102383F31288BFF36F8FB5
:10748800B9F1000FDFF8E4A020DBFFF7BFFF0135FB
:10749800064649F100092D18DAE9002749EBE0739F
:1074A8004FF00109C4E90453AD1843EB0707FFF790
:1074B800A5FFDFF8BCE00346DEF804A0EBB9C4E999
:1074C80000EACAF80040CEF8044028E0DAE90012E1
:1074D8006FF001035B1A4FF0FF3161EB02025B1B97
:1074E80062EB0902012B4FF0000972F10001BCBFE9
:1074F80001230022C0E90432D9E7D3E9041CD4E906
:1075080004208A4270EB0C0B24DA891A5A686CEB57
:107518000000C3E90410C4E9003214605C60FFF79E
:107528006DFF84420ED1134B1B685BB9B9F1000F94
:1075380002D1FFF76BFF0646304601F0EDFD002152
:10754800FEF7ECFD88F31188BFF36F8F28463946A4
:10755800BDE8F88F521A60EB0C009A45C4E9042084
:10756800ADD01B68AAE700252F46EFE730080024B6
:10757800DC000024980A00242DE9F047EFF3118578
:10758800102383F31288BFF36F8FDFF8A4900026CF
:10759800DFF8A0800027C9F80000FFF72FFFD9F80F
:1075A8000030D8E900ECD91750B1D0E90442A34221
:1075B80071EB020A1CDAE41A62EB0102C0E9044228
:1075C80013EB0E034FF000044CEB01012046C9F801
:1075D8000040C8E9003101F09FFD2146FEF79EFDFD
:1075E80085F31188BFF36F8FBDE8F047FFF7AEBE94
:1075F80014EB0E024CEBE473C0E90467C8E90023FE
:10760800FFF70EFF85F31188BFF36F8F83689847E4
:10761800EFF31185102383F31288BFF36F8FD9F826
:1076280000301B1BC9F80030FFF7E8FEB7E700BFC2
:10763800980A00243008002410B5EFF311841023B1
:1076480083F31288BFF36F8FFFF7E0FE054A034606
:10765800D2E90001181841EBE37184F31188BFF3F4
:107668006F8F10BD30080024F8B50546EFF3118779
:10767800102383F31288BFF36F8F036823B187F356
:107688001188BFF36F8FF8BDD0E90A46611C46F137
:107698000002022972F1000236D3012C76F10002B1
:1076A800BCBF01241E46013C46F1FF3601F077FDC0
:1076B800013041F10001001946EB0101012871F187
:1076C800000130DB01F06BFD01306FF0020341F186
:1076D8000001001946EB010183426FF000438B4122
:1076E80026DB01F05CFD01306FF0010241F1000181
:1076F800001946EB0103121A4FF0FF3161EB030347
:107708001C492846FFF7A8FE2B6B01332B632B6A15
:1077180093B93C462B4653F8185F9D4200D0D5B923
:1077280084F31188ADE76FF001024FF0FF33E7E70C
:1077380000224FF00043E3E787F31188BFF36F8F10
:107748002B6A28469847EFF31184102383F3128895
:10775800BFF36F8FDEE7284601F062FC0023AB67BA
:1077680084F31188BFF36F8F2846BDE8F84001F015
:1077780048BC00BF717600082DE9F04105461C465B
:1077880090461F46EFF31186102383F31288BFF348
:107798006F8FB4F1FF3F08BFB2F1FF3F05D186F309
:1077A8001188BFF36F8FBDE8F081002C09DB012A37
:1077B80074F10003BCBF0122002412F1FF3844F128
:1077C800FF37284601F0BFFC002342462B633B46A7
:1077D800DDE90601C5E90A0128460249FFF73CFE32
:1077E800DDE700BF71760008014800F063BD00BF07
:1077F800C1BA000838B5064C064DAC4201D300208A
:1078080038BDD4E901122046143401F0D6FCF4E75F
:107818005C0100245C0100242DE9F04F8DB0436821
:107828000293837815469A07804640F10D8100241B
:107838000E78002E00F00A81252E0BD04B1C0393E6
:107848000134029B4146304698470028C0F2F68032
:107858000399EDE74E788B1C252E0393F0D0002773
:10786800B946BB46BBF11F0F38D8A6F12003102B31
:107878000AD8DFE803F02A090930090909210909AA
:107888000928092D09091F00A6F13003092B33D94E
:107898002A2E37D11BF0400F55F8043B40F0828068
:1078A800002BA7BF4BF0200B9946C3F100094BF002
:1078B800280B01E04BF0010B039B13F8016B0393BA
:1078C800002ECFD130E04BF0020B4BF0040BF3E766
:1078D8004BF0080BF0E74BF0100BEDE7BBF17F0F17
:1078E80019D8A6F13003092BD2D81BF0400F03D0CA
:1078F8000A2101FB0737DFE70A2101FB09394BF0B1
:10790800200BD9E72E2E06D11BF0400F40F09E80A9
:107918004BF0400BD0E76C2E31D02BD8682E36D0E8
:107928006A2E3CD04C2E3AD0002F46F02003B8BF28
:107938002BF04002A3F16501BCBF1FFA82FB0027B0
:10794800022901D9612B2FD1073525F00705DFF86A
:10795800ACA2083507271BF0080F66D00AEB070B07
:1079680056465E4563D1A4EB0A0A06EB0A02A9EB68
:1079780007096FE1742E9FD07A2E9DD0D4E71BF0B3
:10798800800F18BF4BF4007B4BF0800B94E71BF47F
:10799800807F18BF4BF4007B4BF4807B8CE74BF463
:1079A800207B89E71F4687E7A6F16301122900F2C9
:1079B800F080DFE811F013004F00EE00EE00EE005B
:1079C800EE004F00EE00EE00EE00EE00EE00FE00CE
:1079D800E900EE00EE001B00EE00AF0055F8043B96
:1079E8008DF8183001270DF1180AB4E755F804ABE3
:1079F800834BBAF1000F08BF9A461BF0400F14BF23
:107A080039464FF0FF31504601F0F5FB0746A2E733
:107A1800029B41462020984700280FDB013EB742D1
:107A2800F6D34C44A41BB14698E74E46F7E716F840
:107A3800010B029B41469847002892DA98F80230D9
:107A480043F0040388F802304FF0FF3420460DB0AD
:107A5800BDE8F08F1BF0800F34D01BF4007F2CD0D2
:107A6800073525F00705AA4669685AF8080B2BF070
:107A780010050029ADB237DA404261EB410145F407
:107A880080650DF1180B0A235A4601F0C0FBA0EBE4
:107A98000B0301936B0662D5019B25F001019F4200
:107AA80089B240F3A180002E00F0998015F01002F1
:107AB80040F09C80BB460D4623E0AA465AF8040BCA
:107AC800C117D4E7AA461BF4807F5AF8041B01D1DA
:107AD8000846F5E71BF4007F15BF48B208B241F32A
:107AE800C01141F3C031C2E750EA0103C9D11BF00C
:107AF800400FC6D0002FC4D12BF0110295B2BB465F
:107B0800019740F2064115EA01021CBF0BF1010B77
:107B180000222CE02BF010021FFA82FB0A231BF034
:107B2800800C49D01BF400711DBF073525F00705EF
:107B3800AA46AA461ABF5AF8080B69685AF8040BED
:107B480050EA010545D12BF016051BF0400FADB2E8
:107B580042D0002F40D12BF0170295B2019715F0B3
:107B6800100248D0019B002E42D103F1010B2907D6
:107B78005AD4EB0706D5D9456FDD0199A9EB0B035C
:107B88005F18CB465B4649E04BF0100B1023782674
:107B9800C5E7782B04D1C6F1780343F01003BEE79C
:107BA800029B4146252098470028FFF647AF02343C
:107BB80047E608230026B2E7AA461BF480715AF864
:107BC800040BBDD01BF400711ABFC0B2614680B26D
:107BD800B6E72BF0060295B20DF1180B54E725F025
:107BE8001105ADB2BB468CE70D46B8E73B460D46DE
:107BF80003F1020BBBE7DDF804B082E7F0BA000836
:107C0800E9BA0008CDE904324146029B2020984792
:107C18000028FFF613AF049B059A01339945F1DC60
:107C2800A4EB0B01CC189B460AB3029B41463020BB
:107C380098470028FFF602AF8EB901342744019B0C
:107C4800391B994224DC1D465DBB019AA9EB0B093F
:107C5800224455461446914435E0019F92E7023488
:107C680041463046029B98470028E7DAE6E640F2AC
:107C780006410D42E2D015F0020F14BF2B20202040
:107C880015F4806F04F10104414618BF2D20E9E77F
:107C9800029B414630209847002804F10104CEDABF
:107CA800CCE606AB013D4146585D029B984700284B
:107CB800CADAC3E6029B414620209847002804F10F
:107CC8000104FFF6BBAEA9EB0403002BF2DCBFE511
:107CD800F8B51646C1F30A5204460D460B46B2B92A
:107CE80021F00047074332D0244B0022F8F78CFCE0
:107CF800C1F30A520D460B4621498E420446A2F1B1
:107D080036020EDAE80FBDE8F84001F0D7BA40F2C3
:107D1800FF77BA4205D10246F8F7C0FA04460D4685
:107D280015E04CF250318E4204DDD80FBDE8F84022
:107D380000F02AB8324440F2FE718A42F5DC002A8B
:107D480008DD23F0FF4323F4E00343EA025520460D
:107D58002946F8BD12F1350F01DAD80FD3E723F021
:107D6800FF43363223F4E00343EA02552046054B2D
:107D780029460022F8F748FCD0E700BF000050432E
:107D8800B03CFFFF0000903C10B103490020704751
:107D980002490020704700BF0000F0FF0000F07F9C
:107DA80010B103490020704702490020704700BF06
:107DB8000000F0FF0000F07F08B501F087FA0149E4
:107DC800002008BD0000F87F5A4A8A432DE9F04197
:107DD8000B4606460F4616D1002908DA01F076FA56
:107DE80028B930463946BDE8F041FFF7E5BF3246CD
:107DF8003B4630463946F8F751FA06460F463046B4
:107E08003946BDE8F0810029044615DC21F000421E
:107E18000243F4D00029E6D10022002B70D00021C3
:107E2800DE0271D5481E121A21B1C1F1200024FAD0
:107E380000F003438C4001E00A15EDD0C3F31303AF
:107E4800D50743F480135CBF5B0003EBD473A2F245
:107E5800FF3058BF64005B00002703EBD473401069
:107E680064004FF0160EB8464FF4001208EB0201FA
:107E78009942DEBF5B1A02EB0108BF185B00BEF136
:107E8800010E03EBD4734FEA52024FEA4404EDD1DA
:107E9800F44620254FF00041984501EB0E0236DBF1
:107EA8000BD1A24209D8002A01EB020E02DABEF178
:107EB800000F33DA0023A41A8C445B00013D03EB66
:107EC800D4734FEA51014FEA4404E5D1234308D063
:107ED800BCF1FF3F13BF0CF101030137AC4623F09F
:107EE800010C7A104FEA5C03F90702F17F5202F5A0
:107EF800001248BF43F0004302EB00571E467EE7DE
:107F0800E30A153A640588E75B00013188E7002A2F
:107F180001EB020E0BDABEF1000F08DB08F10106D7
:107F2800A242A3EB080300D9013BB046C3E746468B
:107F3800F6E700BF0000F07F704700B595B0272234
:107F48000021684601F04FF9272200210AA801F014
:107F58004AF900F00EF8FAF7E5FC4FF0FF326946EF
:107F68004FF0FF33FEF706FC0AA96846F9F712FD41
:107F7800F1E708B500F02AF8002008BD7FB50BAB83
:107F88000122059303930A9B029300231846CDE927
:107F98000033FBF7C3FA07B05DF804FB024601445F
:107FA8004FF6FF7030B54AF201058A4200D130BD64
:107FB80012F8013B0824584000F00103400813B1AF
:107FC80080EA050398B2013CF6D1EEE7002070473D
:107FD8007FB50BAB0822059303930A9B02930023FA
:107FE800CDE9003218460422FBF798FA07B05DF88D
:107FF80004FB704770477047704770477047704779
:108008000020FAF7C3BD0120FAF7C0BD7FB50BAB5E
:108018000122059303930A9B029300231846CDE996
:108028000033FBF77BFA07B05DF804FB7FB50BABB9
:10803800059303930A9B0293099B01930023184617
:108048000093FBF76BFA07B05DF804FB7FB50BAB49
:108058000122059303930A9B029300231846CDE956
:108068000033FBF75BFA07B05DF804FB7FB50BAB99
:10807800059303930A9B0293099B019300231846D7
:108088000093FBF74BFA07B05DF804FB836800EB3D
:10809800C101B3F5004F2CBF51F8220031F812008E
:1080A800704700EBC1018068B0F5004F2CBF41F864
:1080B800223021F812307047012208B5FFF7E6FF99
:1080C800D04008BD836800EBC101B3F5004F08D369
:1080D8004B681AB143F001034B60704723F001036A
:1080E800FAE74B881AB143F001034B80704723F03D
:1080F8000103FAE753000122FFF7D3BFB0F5004FA1
:1081080001F1010034BF042308230833A0EBD30096
:10811800B0FA80F0C0F11F0070472DE9F041866881
:108128000D460446FFF7C8FFB6F5004F014601D3D8
:10813800012832D03046FFF7E1FF04EB80010E69D9
:1081480096B90122E3688240204613430222E36085
:108158002B460D612946FFF7A4FF03222946204636
:10816800BDE8F041FFF79DBF022231462046FFF7E8
:108178008DFF2946034607462046FFF792FF032254
:10818800334629462046FFF78CFF39462B462046C2
:10819800FFF787FF02223146E1E7BDE8F081B2F53B
:1081A800802F2CBF08230423D21A2DE9F0418C1804
:1081B800CD1D002625F0070524F00704641B056083
:1081C800EE60E40821462046AC60FFF797FF421DA9
:1081D800013031464FEA820205F1100002F107072B
:1081E800A2F11002B8BF3246FF0800F0FCFF31468A
:1081F8003A462846FFF77EFFA4EB07083346324687
:1082080031462846FFF74DFF284631460122FFF741
:1082180059FF42463946FFF76DFF3B46324639461D
:108228002846FFF73EFF21462846FFF763FF4346EF
:10823800324621462846FFF734FF214628460122C8
:10824800FFF740FF3946BDE8F041FFF766BF2DE96B
:10825800F04706460D46174698462BB398F8004057
:108268004FF0000A93F80190A400DB7804EB430474
:1082780098F802301C444444CA4509D308F108035D
:10828800D8F8042039463046AC46BDE8F047604788
:1082980014F8013B0AF1010A204648F82340F8F790
:1082A800AFFC01300444E7E76FF01500BDE8F08744
:1082B800002070470FB407B504A951F8040B0191C9
:1082C80000F024F803B05DF804EB04B07047704781
:1082D8000020704708B500F062FF0A220023F8F773
:1082E80075FC08BD0346BFF35B8F53E8000F421CC3
:1082F80043E800210029F8D1BFF35B8F70470021C4
:1083080008B50846FBF704F8002008BD1FB5002390
:10831800CDE902011A4619461846CDE90033FBF7A4
:10832800FDF805B05DF804FB70470020704743680E
:10833800DA7101224368196043685A71FFF7F4BF84
:1083480070B50E4615461946044618B9BDE8704082
:10835800FBF7A2B833B1C2F34A231030120D184408
:1083680000F033FF2046C4E90056BDE87040FBF733
:10837800ABB87FB50BAB0222059303930A9B02931C
:1083880000231846CDE90033FBF7C8F807B05DF8BD
:1083980004FBF8B506460D4614461F4604B9F8BD59
:1083A800214628463A46B047241A0544F6E707B559
:1083B800D1E900328DF80700012152680DF107005C
:1083C8009847002003B05DF804FB0A2838B5044636
:1083D8000D4602D10D20FFF7EAFF29462046FFF798
:1083E800E6FF002038BD2DE9F043054687B0084672
:1083F8000E8891F800900C46D1F808801746FBF7D4
:10840800E3F8011EC6F38216C9F3C2091FDB48460A
:10841800FBF776F803462146608851F8102BC0F325
:108428000B100196C2F34A22002A01EB02044FF016
:10843800000208BF00210092CDE90407CDE902142B
:1084480028464146FBF7ECF807B0BDE8F083002367
:10845800E1E7436800201B685B681961704743685F
:108468001B681A685268536070472DE9F0414368E9
:1084780001211B685A6811751D68D5E901362F68F6
:10848800D3E900481CB96B681C60BDE8F08121463F
:1084980030464246B847241A0644F3E770B54368A5
:1084A8000C461D686B681869FAF79CFF214603465D
:1084B8000F222868BDE8704018477FB50BAB012232
:1084C800059303930A9B029300231846CDE90033D2
:1084D800FBF724F807B05DF804FB01460068FBF7DA
:1084E8003DBA08B5FBF79CFABDE80840FBF7BCBAF3
:1084F8007FB50BAB0122059303930A9B02930023DC
:108508001846CDE90033FBF709F807B05DF804FB1E
:1085180000210120FBF722BA61B662B680F3118808
:10852800BFF36F8F704772B6002383F31188BFF3D0
:108538006F8FBFF34F8F30BF62B6BFF36F8F704737
:10854800202809D9B0F1004F08D80138B0FA80F0D6
:10855800C0F11F0040007047082070473E20704758
:108568007FB50BAB0122059303930A9B029300236B
:108578001846CDE90033FAF7D1FF07B05DF804FBE0
:1085880008B5D1E904319847002008BD08B5FCF7C3
:1085980037F8002008BD7FB50BAB059303930A9B02
:1085A800029300231846CDE90033FAF7B7FF07B066
:1085B8005DF804FB0120884070474FF0B042D2F8C4
:1085C800803023EA0003C2F8803070470D2809D8AC
:1085D80043F63A73C34013F0010F14BF00206FF045
:1085E800850070476FF085007047436800205B681E
:1085F8001B690B607047436800205B68996170478E
:108608004368090400205B689961704710B50369E5
:108618009868F8B1884219D1DC680868A142986066
:1086280000D1D860002008602AB19A680A60DA6828
:10863800996002B9D960002010E0814206D108682B
:108648002060D8688142EDD1DC60EBE70446006821
:108658000028F2D1002AE8D16FF0150010BD12F4FD
:10866800003CF8B505460C4613461DD0960714D5B0
:1086780050075DD55022D90611D542F4007203F493
:10868800C061B1F5806F42D0B1F5C06F19D0B1F5B6
:10869800007F18D142F0800215E01022EBE79F0618
:1086A800EDD542F48062EAE7D60305D5D00605D4B5
:1086B800C2F340129202E2E73022E0E74FF4007280
:1086C800DDE742F4C07213F440372E6908D03069F0
:1086D80020FA04F1C9075FBF0121A14001433161BC
:1086E800BCF1000F06D0180314D569680123496846
:1086F800A3408B61002321466868FCF797FC27B9E3
:10870800336923FA04F2D2070CD40020F8BD42F4EE
:108718008072D8E75903EDD501212846A140FFF71B
:108728006FFFE7E70122A24023EA02033361ECE787
:108738006FF08500EAE770B50B468968054611B108
:108748005E680C6801B970BD8A682A4002D04B681F
:10875800304698471CB1236821461C46F2E7234659
:10876800FAE7F8B51F46044640680E461546FCF77A
:108778005DFC112F07D101212B0501FA06F104D563
:1087880063685B6899610020F8BD2046FFF738FFF1
:10879800F9E737B50C460569836801A95B6898470E
:1087A80048B9019B2A685A40012303FA04F10A4296
:1087B80014BF1846002003B030BD51F8043C0A220B
:1087C80001F114005B681B68A3FB0223FEF712BAD1
:1087D8007FB50BAB0122059303930A9B02930023F9
:1087E8001846CDE90033FAF799FE07B05DF804FBA7
:1087F80030B5036813600579046804EBC504A34227
:1088080002D36FF0010030BD5C798C4201D008338F
:10881800F0E70020F7E74368C1F34B1001F01F01B0
:108828001B68C05801238B4003424FF0000014BF5F
:10883800012300231370704710B54368C1F34B1030
:1088480001F01F011A68012384588B402343835089
:10885800002010BD10B54368C1F34B14012201F08C
:108868001F0118688A40235823EA02032350002076
:1088780010BD38B504460D46FFF7DEFF29462046F1
:10888800FFF7E8FF002038BDB0F5805F07D0B0F1F2
:10889800805F09D1002914BF0120022070470029F8
:1088A80014BF032004207047002914BF02200320AE
:1088B800704743681B68D869DA69C0F3C000D107FC
:1088C800DA6948BF40F002009207DA6948BF40F011
:1088D80004005107DA6948BF40F02000D20504D5EA
:1088E8004FF4807240F008001A62C10701D50822CF
:1088F8001A62820701D501221A62410701D50222B4
:108908001A62820601D504221A6270477FB50BAB42
:108918000122059303930A9B029300231846CDE98D
:108928000033FAF7FBFD07B05DF804FB10B54368A8
:1089380010201B68DA691206FCD5EFF3118280F368
:108948001288BFF36F8FDC69240604D482F3118880
:10895800BFF36F8FEEE7996282F31188BFF36F8FD1
:1089680010BD43681B68DA69100701D508221A622E
:10897800DA69920603D55B6A00200B7070474FF0E6
:10898800FF30704710B5026904460B4652681268FA
:108998000A6042681268126802F4C062B2F5806F19
:1089A80033D0A2F5C060424242411A71626812682F
:1089B800526802F44052B2F5805F28D0B2F5405FA9
:1089C80027D0002A0CBF012203225A71626812685C
:1089D8001068116800F0102001F4C061FFF754FF1F
:1089E8009871626800201268926802F44072A2F5D9
:1089F80040714A424A41DA7161680968896811F42C
:108A0800804F18BF0322DA7110BD0222CDE7002281
:108A1800DBE70222D9E72DE9F0410A790446036928
:108A28000D46012AD0F804805E6811D0901E474296
:108A38004741BF0269794046FCF7C0FCAB79022B7D
:108A480009D0042B31D0131E18BF01231B0306E0E5
:108A58004FF4C067EEE7B2FA82F35B091B07EA79C5
:108A6800D8F80010012A14BF4FF0000C4FF4407CD6
:108A7800AE421DD10A6822F0805222F4B0523A4325
:108A88001A430A604B6823F44053034320464B6063
:108A980063681A68936823F4407343EA0C0393608D
:108AA8003168BDE8F041FCF7BDBC4FF48053D6E710
:108AB800D1F800E00EF4C06E774506D0D1F800E09A
:108AC8002EF4C06E4EEA07070F6061680F68796878
:108AD80001F44051884204D0796821F4405101439F
:108AE800796061680868016801F010218B4204D040
:108AF800016821F010210B430360636819688B68D3
:108B080003F440739C4505D08B6823F4407343EA13
:108B18000C038B6063681B689968490405D5032AB0
:108B280009D09A6822F4804204E0032A03D19A68A3
:108B380042F480429A6029683368994204D02046FA
:108B4800FCF770FC2B683360BDE8F081036801F422
:108B5800006201F4C02123F4006313430360C36877
:108B680023F4C0230B43C360704730B5044608683C
:108B780008B9106008E0206845689D4205D3B5FB38
:108B8800F3F515602368186830BD08302060086860
:108B980001380860EBE770B5044615461E46E9B98A
:108BA80041630023A36304F14802334604F138010A
:108BB80004F13400FFF7D9FF6064ADB9E563002321
:108BC800236404F15002334604F1400104F13C00EF
:108BD800FFF7CBFF0023E064236370BD0B6843639A
:108BE800002BDED04B68DDE72B68E363002BE6D073
:108BF8006B68E5E74369DA0702D590F83030F9E7A2
:108C0800036823F0010303600368DB07FCD47047A3
:108C180010B50B680C464A6C9B88C3F34513082BA8
:108C280024D1DAB18B6C03B11378DBB280F8203031
:108C3800A36C93B1013BA36493B9636B083363637B
:108C4800A36B013BA363012304F1480204F138013B
:108C580004F13400FFF789FF606410BD1346E4E7B0
:108C6800636C002BF9D001336364F6E792B18B6C27
:108C780003B113889BB20384A36C002BEDD0013B96
:108C8800A3644BB9636B08336363A36B013BA363B2
:108C98000223D9E71346EDE7636C002BDDD00233DE
:108CA800E2E710B50C4622689288C2F34512082AFA
:108CB800D1E9133121D190F83020D2B20BB101B1F2
:108CC8001A70236D93B1013B236583B9E36B0833B5
:108CD800E363236C013B2364012304F1500204F194
:108CE800400104F13C00FFF740FFE06410BDE36C75
:108CF800002BFBD00133E364F8E7028E92B20BB18C
:108D080001B11A80236D002BF0D0013B23653BB9DC
:108D1800E36B0833E363236C013B23640223DCE742
:108D2800E36C002BE2D00233E5E7436840699BB26D
:108D380023B980F48050C0F30030704780F00800F9
:108D4800C0F3C000704730B5D1B100224D6813465A
:108D5800AA420ED18288C2F30222B3FBF2F102FBCF
:108D680011337BB9B1F5803FB4BF08466FF0790085
:108D780030BD0C6804EBC204013264682344E7E7A1
:108D88000846F5E76FF01500F2E77FB50BAB012257
:108D9800059303930A9B029300231846CDE90033F9
:108DA800FAF7BCFB07B05DF804FB03460A46006807
:108DB8001979012303FA01F103691B68194218BFE5
:108DC80082F0010212B18368DB68184783681B6967
:108DD800FBE710B5036804464BB19A683AB11869C5
:108DE80000F019F8206800210830FFF7DEFFA369BA
:108DF80033B9636004F11000BDE81040FDF71CBDF5
:108E080010BD10B544680069FFF7E3FF2068FFF75D
:108E1800F1FE002010BD38B5044650B1FDF71AFA2E
:108E28004FF4F07305465C43FDF714FA431BA34265
:108E3800FAD338BD704740B1C368587810F00100C4
:108E48001EBF1878B0FA80F0400970477FB50BABA9
:108E58000122059303930A9B029300231846CDE948
:108E68000033FAF75BFB07B05DF804FBEFF31183FF
:108E7800102383F31288BFF36F8FFEE710B54369A1
:108E8800044633B90020E268537843F00103537075
:108E980010BD98470028F5D00028E368B8BF4042C5
:108EA800FF28A8BFFF201870EDE700F09CB900F07C
:108EB8008CB9102408B5EFF3118384F31288BFF33B
:108EC8006F8FFFF730FBF6E7D0E9003213605A6086
:108ED8000023427B836022F00202C0E90033427320
:108EE8007047012302688B4022EA0303036022FAD9
:108EF80001F000F00100704710B5032104460C3062
:108F0800FFF7EFFF30B104F1100000F01CF9B0FAE0
:108F180080F0400910BD20B100228C30114600F0CD
:108F2800D9B8704773B50446EFF31185102383F35E
:108F38001288BFF36F8F0023A0F1100603210438B5
:108F48000193FFF7CEFF28B1A36901A93046019329
:108F5800FDF788FD85F31188BFF36F8F02B070BDF0
:108F680038B530220D460021044600F03CF94FF494
:108F780080736560E36038BDEFF30580003818BF83
:108F8800012070476FF05700704700207047D0E904
:108F9800003213605A600023C0E90033704708B5F7
:108FA800FFF7F5FF437B23F002034373002383603D
:108FB80008BD38B504460D46FDF702FF637B43F054
:108FC80002036373E5B1A5602B689D4209D16B6804
:108FD800C4E900531C606C6012E06A689A42F6D0DB
:108FE8001B68002BF3D094F90E2093F90E108A42D7
:108FF800F3D09142F1DD5A68C4E9003214605C6034
:1090080038BD10B5EFF31184102383F31288BFF332
:109018006F8FFDF793FE84F31188BFF36F8F10BD38
:1090280008B5EFF31181102282F31288BFF36F8F16
:1090380083680BB1FFF7B3FF81F31188BFF36F8F1C
:1090480008BD014610B5EFF31184102383F312888D
:10905800BFF36F8F437B13F0280F0AD183680BB1DE
:10906800FFF79DFF4B7B084623F004034B73FDF786
:1090780065FE84F31188BFF36F8F10BD0121183886
:10908800FFF7DFBF38B504460D46FDF7F5FF034689
:10909800B5F1FF3F08BFB4F1FF3F204614D013F1EC
:1090A80009004FEAE37141F100010A2871F1000358
:1090B8000BD36FF00A0383424FF004038B4106D3AE
:1090C8000A220023F7F782FD38BD0020FCE76FF085
:1090D8000040F9E738B5EFF31185102383F31288C0
:1090E800BFF36F8F0468A04212D09CB1A1672046DD
:1090F8002261FFF754FF04F1180000F024F820461D
:10910800FDF71CFE012085F31188BFF36F8F38BD72
:109118000020F8E72046F6E708B50246FEF76EF9A4
:1091280070B1D0E904319B1A61EBE272B3F1004FE0
:1091380072F1000104DA002AACBF1846002008BD0D
:109148006FF00040FBE7024638B5EFF311851023B6
:1091580083F31288BFF36F8F0368CBB1FEF74EF924
:1091680004461046FEF75CF900224FF000438442A3
:10917800C0E9042306D1FEF749F9FFF7CDFF002126
:10918800FCF7CCFF002085F31188BFF36F8F38BD43
:109198006FF01500F7E708B5FEF74EFA08BDFEF7C1
:1091A8004BBA0023C0E9081200F1180203634363B5
:1091B800C0E90622C0E90033704710B400F10C047E
:1091C800C0E9034410BCFEF7EABF0A44914200F12B
:1091D800FF3300D1704710B511F8014B03F8014F68
:1091E8009142F9D110BD02440346934200D1704721
:1091F80003F8011BF9E710B5024601448A421346F9
:1092080003D01C780132002CF8D1181A10BDF0B523
:10921800C3F137070446FFB203F01F031046082BBB
:10922800E6B233D0102B3ED06508A40844EA817416
:1092380045EAC1752D194FEA910242EB51022909FD
:1092480041EA02716D1842EB1212290A41EA0261E1
:109258006D1842EB1222290C41EA02416D1842EBCB
:109268001242AD1842F10002EC0844EA4274D108F7
:1092780004EB8402A6EB4205EDB2092D0CD90134AA
:10928800A5F10A0541F10001EDB212E0E40844EA53
:10929800417406F00705C908303554EA010200F8A0
:1092A800015BBCD1F0BD240944EA017406F00F0546
:1092B8000909092D84BFED19EDB2EDE718B10020B9
:1092C8004FF000417047002000217047024653428A
:1092D80021F00040134340EAD370C0F1FF4000F58D
:1092E800E000C00F704700000148006870470000A8
:0492F800E408002462
:0892FC001C79FF7F0100000056
:1093040000000000DC930008513200080000000057
:10931400FD7700080000000000000000FC93000836
:10932400000000003C95000800000000FC940008C8
:1093340000000000BC940008000000005C950008D8
:10934400000000001C940008000000001C950008A8
:10935400000000007C95000800000000DC94000878
:10936400000000009C940008000000007C940008A9
:10937400000000005C940008000000003C94000819
:1093840000000000BC950008000000009C95000847
:10939400B54E0008000000008D60000800000000C9
:1093A40007830008000000003146000800000000A8
:1093B400F56800080000000000000000DC950008CB
:1093C40000000000FC950008000000001C96000846
:0893D4006D32000800000000EA
:1093DC0063B6000800000000EC9B0008320100247A
:1093EC0000000000D54B0008000000000000000049
:1093FC00AEB7000890A50008D49B00084E010024CD
:10940C000000000000000000000000000000000050
:10941C0045B60008000000000000000030010024E8
:10942C0004090024D54700080000000000000000DB
:10943C0070B60008F8A30008B09B000834010024A3
:10944C0084090024F5500008000000000000000012
:10945C007EB600080CA40008B09B0008360100245E
:10946C0098090024F55000080000000000000000DE
:10947C008CB6000820A40008B09B0008380100241A
:10948C00AC090024F55000080000000000000000AA
:10949C009AB6000834A40008B09B00083A010024D6
:1094AC00C0090024F5500008000000000000000076
:1094BC00A8B6000848A40008B09B00083C01002492
:1094CC00D4090024F5500008000000000000000042
:1094DC00B6B600085CA40008B09B00083E0100244E
:1094EC00E8090024F550000800000000000000000E
:1094FC00C4B6000870A40008B09B0008400100240A
:10950C00FC090024F55000080000000000000000D9
:10951C00D2B6000884A40008B09B000842010024C5
:10952C00100A0024F55000080000000000000000A4
:10953C00E0B6000898A40008B09B00084401002481
:10954C00240A0024F5500008000000000000000070
:10955C00EEB60008ACA40008B09B0008460100243D
:10956C00380A0024F550000800000000000000003C
:10957C00FCB60008C0A40008B09B000848010024F9
:10958C004C0A0024F5500008000000000000000008
:10959C0080B8000894A50008089C0008500100241D
:1095AC005C00002441560008000000000000000090
:1095BC0090B80008E0A50008089C0008520100249F
:1095CC006C00002441560008000000000000000060
:1095DC00CEB9000834A60008E49B0008540100240E
:1095EC007C0000241158000800000000000000005E
:1095FC009CB70008D4A40008000000004A01002415
:10960C00A10A00242D5100080000000000000000F9
:10961C00A4B7000828A50008000000004C01002495
:10962C00A10A00242D5100080000000000000000D9
:10963C0000000000198500080000000019850008D2
:10964C0000000000198500080000000019850008C2
:10965C0000000000198500080000000019850008B2
:10966C0043B600083947000841B6000839470008DE
:10967C003FB60008394700083DB6000839470008D6
:10968C003BB60008394700080000000019850008A7
:10969C000000000019850008000000001985000872
:1096AC000000000019850008000000001985000862
:1096BC000000000019850008000000001985000852
:1096CC000000000019850008000000001985000842
:1096DC000000000019850008000000001985000832
:1096EC00000000001985000839B600083947000849
:1096FC000000000019850008000000001985000812
:10970C000000000019850008000000001985000801
:10971C0000000000198500080000000019850008F1
:10972C0000000000198500080000000019850008E1
:10973C0000000000198500080000000019850008D1
:10974C0000000000198500080000000019850008C1
:10975C0000000000198500080000000019850008B1
:10976C0000000000198500080000000019850008A1
:10977C0037B60008394700080000000019850008BA
:10978C000000000019850008000000001985000881
:10979C000000000019850008000000001985000871
:1097AC000000000019850008000000001985000861
:1097BC000000000019850008000000001985000851
:1097CC000000000019850008000000001985000841
:1097DC000000000019850008000000001985000831
:1097EC000000000019850008000000001985000821
:1097FC000000000019850008000000001985000811
:10980C000000000019850008000000001985000800
:10981C0000000000198500080000000019850008F0
:10982C0000000000198500080000000019850008E0
:10983C0000000000198500080000000019850008D0
:10984C0000000000198500080000000019850008C0
:10985C0000000000198500080000000019850008B0
:10986C0000000000198500080000000019850008A0
:10987C000000000019850008000000001985000890
:10988C000000000019850008000000001985000880
:10989C000000000019850008000000001985000870
:1098AC000000000019850008000000001985000860
:1098BC000000000019850008000000001985000850
:1098CC000000000019850008000000001985000840
:1098DC000000000019850008000000001985000830
:1098EC000000000019850008000000001985000820
:1098FC000000000019850008000000001985000810
:10990C0000000000198500080000000019850008FF
:10991C0000000000198500080000000019850008EF
:10992C0000000000198500080000000019850008DF
:10993C0000000000198500080000000019850008CF
:10994C0000000000198500080000000019850008BF
:10995C0000000000198500080000000019850008AF
:10996C00000000001985000800000000198500089F
:10997C00000000001985000800000000198500088F
:10998C00000000001985000800000000198500087F
:10999C00000000001985000800000000198500086F
:1099AC00000000001985000800000000198500085F
:1099BC00000000001985000800000000198500084F
:1099CC00000000001985000800000000198500083F
:1099DC00000000001985000800000000198500082F
:1099EC00000000001985000800000000198500081F
:1099FC00000000001985000800000000198500080F
:109A0C0000000000198500080000000019850008FE
:109A1C0000000000198500080000000019850008EE
:109A2C0000000000198500080000000019850008DE
:109A3C0000000000198500080000000019850008CE
:109A4C0000000000198500080000000019850008BE
:109A5C0000000000198500080000000019850008AE
:109A6C00000000001985000800000000198500089E
:109A7C00000000001985000800000000198500088E
:109A8C00000000001985000800000000198500087E
:109A9C00000000001985000800000000198500086E
:109AAC00000000001985000800000000198500085E
:109ABC00000000001985000800000000198500084E
:109ACC00000000001985000800000000198500083E
:109ADC00000000001985000800000000198500082E
:109AF00080020024000F00240004000065290008F3
:109B00000000000000000000000000000300000052
:109B1000000000006BAD0008000000000000000025
:109B2000B8030024801700240004000055460008F4
:109B30000000000000000000000000000E00000017
:109B40000000000031B60008000000000000000026
:109B5000380300244013002400040000652C000892
:109B600000000000000000000000000002000000F3
:109B700000000000E0AF000800000000000000004E
:109B800000020024C00A002400040000437F0008F3
:109B900000000000000000000000000006000000BF
:109BA00000000000D8A6000800000000000000002F
:109BB00067860008F38500080D500008FF8500083F
:109BC00009860008E94F0008054F000815860008BF
:049BD0000000000091
:109BD4001F880008418800085D8800087B88000809
:089BE400715900080B8E000806
:109BEC007D4B0008394B000800000000354A000886
:0C9BFC0000000000000000004D4E0008BA
:109C08006B89000835890008BB88000825550008BD
:049C18008D8900082A
:109C1C0035A700080400000079AD0008040000001E
:109C2C003EAF0008040000007EB0000803000000F6
:109C3C003AAD00080400000062A700080400000010
:109C4C00BEAC000804000000A4B70008030000002C
:109C5C0031B6000803000000F0AF0008040000005B
:109C6C00F1A600080400000040AD0008040000004C
:109C7C0011A7000804000000E6A60008040000007C
:109C8C00D0B0000803000000D4B0000803000000AE
:109C9C0098B10008030000009EB00008040000000A
:109CAC009DB5000803000000B3AF000803000000DE
:109CBC0001AD000804000000DBB90008030000003F
:109CCC00E2B90008030000008FB000080300000098
:109CDC00A0B800080300000078B0000803000000E2
:109CEC00C0A300084400002487B100080100000054
:109D000000000000000000100000002000000030F3
:109D100000000040000000500000006000000070E3
:109D2000000000000000000006D0CF43EBFD4C3ED9
:109D300000000000000000000000004003B8E23F07
:109D4000000000000000F03F000000000000F83FAD
:109D500040420F00000100001C9500080E000100A9
:109D600000000000DD1B00080000000000000000F3
:109D700000000000000000000000000000000000E3
:109D800000000000000000000000000000000000D3
:109D900000000000000000000000000000000000C3
:109DA00000000000000000000000000000000000B3
:109DB00000000000000000000000000000000000A3
:109DC0000000000000000000000000000000000093
:109DD0000000000000000000000000000000000083
:109DE00000000000591E00080100000000000000F3
:109DF0000000000000000000000000000000000063
:109E0000000000000D1C0008000000000000000021
:109E10000000000000000000000000000000000042
:109E20000000000000000000000000000000000032
:109E30000000000000000000000000000000000022
:109E40000000000000000000000000000000000012
:109E50000000000000000000000000000000000002
:109E600000000000000000000000000000000000F2
:109E700000000000000000000000000000000000E2
:109E800000000000891E0008020000000000000021
:109E900000000000000000000000000000000000C2
:109EA000000000003D1C00086D1C000800000000C0
:109EB00000000000000000000000000000000000A2
:109EC0000000000000000000000000000000000092
:109ED000000000000000000003000000000000007F
:109EE0000400000000000000050000000000000069
:109EF0000600000000000000070000000000000055
:109F000008000000B91E000802000000ED1E000855
:109F1000020000000000000000000000000000003F
:109F20000000000000000000000000000000000031
:109F30000000000000000000000000000000000021
:109F400000000000B51C0008091E00088D1F000855
:109F500003000000C11F0008030000000000000013
:109F600000000000211F000803000000591F000826
:109F700003000000000000000000000000000000DE
:109F800000000000000000000000000000000000D1
:109F900000000000000000000000000000000000C1
:109FA00000000000B91E000803000000ED1E0008BC
:109FB00003000000F52100080200000085220008CF
:109FC0000200000000000000000000002522000840
:109FD00003000000552200080300000000000000FC
:109FE00000000000F11C0008091E0008F51F000811
:109FF0000400000029200008040000000000000008
:10A0000000000000211F000804000000591F000884
:10A01000040000000000000000000000000000003C
:10A020000000000000000000000000000000000030
:10A030000000000000000000000000000000000020
:10A0400000000000B91E000804000000ED1E00081A
:10A0500004000000F521000802000000852200082D
:10A06000020000000000000000000000252200089F
:10A070000400000055220008040000000000000059
:10A0800000000000291D0008091E00085D200008CE
:10A0900005000000912000080500000000000000FD
:10A0A00000000000211F000805000000591F0008E3
:10A0B000050000000000000000000000000000009B
:10A0C0000000000000000000000000000000000090
:10A0D0000000000000000000000000000000000080
:10A0E00000000000B91E000805000000ED1E000879
:10A0F00005000000F521000802000000852200088C
:10A1000002000000000000000000000025220008FE
:10A1100005000000552200080500000000000000B6
:10A1200000000000611D0008091E0008C52000088D
:10A1300006000000F92000080600000000000000F2
:10A1400000000000211F000806000000591F000841
:10A1500006000000000000000000000000000000F9
:10A1600000000000000000000000000000000000EF
:10A1700000000000000000000000000000000000DF
:10A1800000000000B91E000806000000ED1E0008D7
:10A1900006000000F52100080200000085220008EA
:10A1A000020000000000000000000000252200085E
:10A1B0000600000055220008060000000000000014
:10A1C00000000000991D0008091E00082D2100084C
:10A1D00007000000612100080700000000000000E7
:10A1E00000000000211F000807000000591F0008A0
:10A1F0000700000000000000000000000000000058
:10A20000000000000000000000000000000000004E
:10A21000000000000000000000000000000000003E
:10A2200000000000B91E000807000000ED1E000835
:10A2300007000000F5210008020000008522000848
:10A2400002000000000000000000000025220008BD
:10A250000700000055220008070000000000000071
:10A2600000000000D11D0008091E0008952100080B
:10A2700008000000C52100080800000000000000E0
:10A2800000000000000000000000000000000000CE
:10A2900000000000000000000000000000000000BE
:10A2A00000000000000000000000000000000000AE
:10A2B000000000000000000000000000000000009E
:10A2C00000000000B91E000808000000ED1E000894
:10A2D00008000000F52100080200000085220008A7
:10A2E000020000000000000000000000252200081D
:10A2F00008000000552200080800000000000000CF
:10A30000000000003C9500080D000100FC940008CE
:10A310000B000100FC9400080E000100FC940008F2
:10A320000D000100BC9400080E00010005000000B3
:10A3300034A3000800000008A3B0000826000206AD
:10A3400000000024A9B0000824000B110000F01F39
:10A35000AEB000082400041100000430B5B00008BD
:10A360001A00081100000430C2B000080E000401F9
:10A37000EF83000800000000000000000000000063
:10A380000000000067B100086FB100080000000085
:10A39000000000000000000077B100087BB1000859
:10A3A0007FB1000883B10008B0A30008C0080024F2
:10A3B00035390008D80800249F0A00240100000055
:10A3C000A58400080000000073840008678400086A
:10A3D000000000005B84000800000000A1B100083C
:10A3E00000000090000000100000000200000024A7
:10A3F0000000000000000B06FFFF000000280258CC
:10A400000A000000E000000000040000FFFF000060
:10A410000024025809000000E000000000020000D3
:10A42000FFFF00000020025808000000E0000000CC
:10A4300000010000FFFF0000001C025807000000A0
:10A44000E000000080000000FFFF0000001802583C
:10A4500006000000E000000040000000FFFF0000D8
:10A460000014025805000000E00000002000000079
:10A47000FFFF00000010025804000000E000000090
:10A4800010000000FFFF0000000C02580300000055
:10A49000E000000008000000FFFF00000008025874
:10A4A00002000000E000000004000000FFFF0000C8
:10A4B0000004025801000000E0000000020000005B
:10A4C000FFFF00000000025800000000E000000054
:10A4D000010000001E00000005000000ECA40008C0
:10A4E00038040024C152000800000000BC94000899
:10A4F0000E0001003B000000FC9400080D0001006C
:10A500003C000000FC9400080E0001003D0000002B
:10A51000FC9400080B0001003E0000003C95000880
:10A520000D0001003F0000001E00000001000000BF
:10A5300040A50008A0050024C1520008000000004A
:10A540003C9500080D0000000B0000007C95000801
:10A550005C9500083C9500081C950008FC940008D8
:10A56000DC940008BC9400089C9400087C940008CB
:10A570005C9400083C94000800000000000000000B
:10A5800000000000000000000000000000000000CB
:10A5900000440258000C0058FC930008831300008C
:10A5A000B8A5000801000000000000000000000045
:10A5B00000000000C0A50008F40000000800000032
:10A5C000C8A5000801000000D0A500080200000096
:10A5D000C802000000020000E802000000000000C5
:10A5E00000480040FC9300081212000004A6000876
:10A5F000010000000000000000000000000000005A
:10A600000CA60008E80000000000040014A60008E2
:10A61000010000001CA6000802000000070700005F
:10A620000002000027070000000000001C95000841
:10A630000E0001000030014060A60008000000008C
:10A64000000000000200000050A60008000000000A
:10A65000F000000000100000090000005000CC01D4
:10A6600068A600080100000070A6000803000000B2
:10A67000A500000080050000C500000000040000E7
:10A68000E5000000000400006EBA00087CBA000873
:10A6900090BA00089FBA0008ABBA000804930008FB
:10A6A000049300089C930008A4930008DC9300081E
:10A6B000DC930008B8BA00080001000000000000A8
:10A6C000010002000400060008000A000C0010004F
:10A6D00020004000800000016970635F746872654B
:10A6E00061645F6964006970635F74687265616466
:10A6F000006970635F6D6173746572007265737079
:10A700006F6E73652043524320696E76616C696495
:10A71000006970635F7061727365720073706920A5
:10A720007472616E736365697665206572726F72AB
:10A730003A202564004950435F4255530025733A3F
:10A740002046534D3A202564202D2D3E20256400BF
:10A7500066736D5F646F5F7472616E736974696F45
:10A760006E0066736D0025733A20656E7472795FB2
:10A7700072657365740025733A20656E7472795F33
:10A78000696E69745F7072657365740025733A2031
:10A79000656E7472795F69646C650025733A206533
:10A7A0007869745F69646C65202D20686973746FC3
:10A7B0007269613A2025640025733A20656E7472CF
:10A7C000795F7365745F667265710025733A206501
:10A7D0006E7472795F7365745F616D706C00257360
:10A7E0003A20656E7472795F7365745F6F66667325
:10A7F0000025733A20656E7472795F7365745F64C7
:10A800007574790025733A20656E7472795F73658B
:10A81000745F706861730025733A20656E74727995
:10A820005F7365745F776176650025733A2065789C
:10A8300069745F7369676E616C202D206869737439
:10A840006F7269613A2025640025733A2061637450
:10A85000696F6E5F72657365740025733A2061637A
:10A8600074696F6E5F696E69745F70726573657429
:10A870000025733A2063616E616C206163746976B0
:10A880006F3A204348310025733A2063616E616C52
:10A890002061637469766F3A204348320025733A29
:10A8A00020616374696F6E20637572736F72206CC0
:10A8B0006566740025733A20616374696F6E206366
:10A8C0007572736F722072696768740025733A201D
:10A8D000616374696F6E206672657120696E637260
:10A8E000656D656E740025733A20616374696F6EDF
:10A8F00020667265712064656372656D656E7400B3
:10A9000025733A20616374696F6E20616D706C20ED
:10A91000696E6372656D656E740025733A206163BC
:10A9200074696F6E20616D706C2064656372656D13
:10A93000656E740025733A20616374696F6E206FD1
:10A9400066667320696E6372656D656E740025734B
:10A950003A20616374696F6E206F66667320646568
:10A960006372656D656E740025733A206163746966
:10A970006F6E206475747920696E6372656D656EA3
:10A98000740025733A20616374696F6E2064757476
:10A99000792064656372656D656E740025733A2075
:10A9A000616374696F6E207068617320696E637291
:10A9B000656D656E740025733A20616374696F6E0E
:10A9C00020706861732064656372656D656E7400E4
:10A9D00025733A20616374696F6E20776176652014
:10A9E000696E6372656D656E740025733A206163EC
:10A9F00074696F6E20776176652064656372656D3A
:10AA0000656E740025733A20616374696F6E2073FC
:10AA1000656E64206970630025733A206163746910
:10AA20006F6E206170706C790025733A20616374D9
:10AA3000696F6E2073686F77206572726F72002580
:10AA4000733A20616374696F6E2063616E63656C35
:10AA500000616374696F6E5F63616E63656C006152
:10AA60006374696F6E5F73686F775F6572726F7220
:10AA700000616374696F6E5F6170706C790061630F
:10AA800074696F6E5F73656E645F697063006163A4
:10AA900074696F6E5F73745F776176655F64656319
:10AAA00072656D656E7400616374696F6E5F737457
:10AAB0005F776176655F696E6372656D656E740060
:10AAC000616374696F6E5F73745F706861735F64F4
:10AAD000656372656D656E7400616374696F6E5F46
:10AAE00073745F706861735F696E6372656D656EC4
:10AAF0007400616374696F6E5F73745F64757479F9
:10AB00005F64656372656D656E7400616374696F1F
:10AB10006E5F73745F647574795F696E6372656D7F
:10AB2000656E7400616374696F6E5F73745F6F66E6
:10AB300066735F64656372656D656E7400616374EE
:10AB4000696F6E5F73745F6F6666735F696E637261
:10AB5000656D656E7400616374696F6E5F73745FB9
:10AB6000616D706C5F64656372656D656E740061C4
:10AB70006374696F6E5F73745F616D706C5F696E33
:10AB80006372656D656E7400616374696F6E5F7387
:10AB9000745F667265715F64656372656D656E741E
:10ABA00000616374696F6E5F73745F667265715F75
:10ABB000696E6372656D656E7400616374696F6E52
:10ABC0005F637572736F725F726967687400616347
:10ABD00074696F6E5F637572736F725F6C656674B4
:10ABE00000616374696F6E5F73656C6563745F6346
:10ABF000683200616374696F6E5F73656C6563745E
:10AC00005F63683100616374696F6E5F696E697458
:10AC10005F70726573657400616374696F6E5F72F3
:10AC20006573657400657869745F7369676E616CDC
:10AC300000656E7472795F7365745F776176650025
:10AC4000656E7472795F7365745F706861730065B7
:10AC50006E7472795F7365745F6475747900656E84
:10AC60007472795F7365745F6F66667300656E7486
:10AC700072795F7365745F616D706C00656E74727C
:10AC8000795F7365745F6672657100657869745F7A
:10AC900069646C6500656E7472795F69646C6500E7
:10ACA000656E7472795F696E69745F7072657365E1
:10ACB0007400656E7472795F726573657400667393
:10ACC0006D5F616374696F6E73004E6F20736520F2
:10ACD00070756564652073656C656363696F6E612B
:10ACE000722065736520706172616D6574726F208A
:10ACF000646520636F6E66696775726163696F6E04
:10AD0000007369676E616C5F616374696F6E730075
:10AD100043616E616C20696E76616C69646F00548A
:10AD200069706F20646520706172616D6574726F07
:10AD300020696E76616C69646F006469676974008C
:10AD40006970635F6D73670025733A2061707020CE
:10AD500074687265616420696E69636961646F001B
:10AD60006170705F746872656164006170705F74B7
:10AD700068726561645F6964006170705F746872B5
:10AD80006561640025733A205365207375706572A0
:10AD90006120656C206D6178696D6F2076616C6FE4
:10ADA00072206465206672656375656E63696120F3
:10ADB0007065726D697469646F2E0025733A205353
:10ADC000652073757065726120656C206D617869AE
:10ADD0006D6F2076616C6F7220646520616D706CA0
:10ADE00069747564207065726D697469646F2E0092
:10ADF00025733A2053652073757061726120656C0C
:10AE0000206D696E696D6F2076616C6F722064656C
:10AE100020616D706C69747564207065726D697401
:10AE200069646F2E0025733A205365207375706531
:10AE3000726120656C206D6178696D6F2076616C40
:10AE40006F72206465206F6666736574207065722A
:10AE50006D697469646F2E0025733A205365207301
:10AE6000757065726120656C206D696E696D6F200B
:10AE700076616C6F72206465206F666673657420FE
:10AE80007065726D697469646F2E0025733A205382
:10AE900065207375706572616E206C6F7320333638
:10AEA0003020677261646F732E0025733A20436906
:10AEB000636C6F2064652074726162616A6F206DDB
:10AEC00061796F7220612031303025252E20536545
:10AED00020736574656120656E203130302E00432B
:10AEE000616E616C2073656C656363696F6E61642C
:10AEF0006F20696E636F72726563746F006177674C
:10AF00005F7365745F64757479006177675F7365FB
:10AF1000745F70686173006177675F7365745F6FFA
:10AF2000666673006177675F7365745F616D706CEF
:10AF3000006177675F7365745F6672657100617742
:10AF4000675F63666700426F746F6E20646520669A
:10AF50007265712E206E6F206C6973746F0045727C
:10AF6000726F7220616C20696E696369616C697AC5
:10AF70006172206C6F7320626F746F6E6573004531
:10AF800072726F7220616C20696E696369616C69AD
:10AF90007A617220656C20646576696365207472DD
:10AFA0006565206465206C6F7320706572696665E5
:10AFB0007269636F73004E6F207365207075646FE4
:10AFC00020656E7669617220656C206D656E7361B7
:10AFD0006A6520696E70757420746F2061707000EE
:10AFE000696E7075745F7468726561645F6964002E
:10AFF000696E7075745F7468726561640025733A78
:10B00000206D61696E282920696E69636961646FCA
:10B01000004750494F20646576696365206E6F2054
:10B020006C6973746F004572726F7220616C206975
:10B030006E696369616C697A617220656C206C6508
:10B0400064004572726F7220616C207072656E646C
:10B05000657220656C206C6564004572726F7220A9
:10B06000616C20746F67676C65617220656C206C21
:10B070006564006D61696E007A7465737400636263
:10B080007072696E74665F7061636B61676500738F
:10B09000746D33325F6261636B75705F646F6D6195
:10B0A000696E00464C415348005352414D0053597C
:10B0B0005354454D005352414D5F4554485F4255EE
:10B0C00046005352414D5F4554485F444553430049
:10B0D0006C6F67006C6F675F6D676D74004D6573B3
:10B0E000736167652064726F707065642062656368
:10B0F0006175736520697420657863656564732084
:10B1000073697A65206C696D69746174696F6E200A
:10B1100028257529000D0A001B5B306D0025732062
:10B12000005B2530386C755D20005B253032753A48
:10B13000253032753A253032752E253033752C2561
:10B140003033755D200025730025732F003C257377
:10B150003E200025733A2000253032782000202040
:10B1600020007C002563001B5B313B33316D001BED
:10B170005B313B33336D006572720077726E00692C
:10B180006E6600646267006C6F675F6261636B6527
:10B190006E645F75617274006C6F675F7561727465
:10B1A000006D656D6F72794039303030303030303D
:10B1B0000072302F61313A202030782530387820E5
:10B1C0002072312F61323A202030782530387820B3
:10B1D0002072322F61333A202030782530387800C1
:10B1E00072332F61343A202030782530387820723D
:10B1F00031322F69703A202030782530387820722B
:10B2000031342F6C723A2020307825303878002085
:10B21000787073723A202030782530387800466193
:10B22000756C74696E6720696E7374727563746986
:10B230006F6E206164647265737320287231352FDC
:10B240007063293A2030782530387800556E68616F
:10B250006E646C6564204952516E3A202564002A60
:10B260002A2A2A2A20425553204641554C54202A46
:10B270002A2A2A2A002020537461636B696E672092
:10B280006572726F72002020556E737461636B6912
:10B290006E67206572726F7200202050726563695C
:10B2A0007365206461746120627573206572726FCA
:10B2B00072002020424641522041646472657373DB
:10B2C0003A2030782578002020496D7072656369D6
:10B2D0007365206461746120627573206572726F9A
:10B2E00072002020496E737472756374696F6E20EA
:10B2F000627573206572726F72002020466C6F61F8
:10B3000074696E672D706F696E74206C617A792034
:10B3100073746174652070726573657276617469A7
:10B320006F6E206572726F72002A2A2A2A2A2055AF
:10B3300053414745204641554C54202A2A2A2A2A5F
:10B340000020204469766973696F6E206279207AE3
:10B3500065726F002020556E616C69676E656420B0
:10B360006D656D6F72792061636365737300202072
:10B370004E6F20636F70726F636573736F722069B5
:10B380006E737472756374696F6E73002020496CFC
:10B390006C6567616C206C6F6164206F6620455836
:10B3A000435F52455455524E20696E746F2050438E
:10B3B000002020496C6C6567616C20757365206F97
:10B3C00066207468652045505352002020417474F3
:10B3D000656D707420746F20657865637574652081
:10B3E000756E646566696E656420696E73747275E6
:10B3F0006374696F6E002A2A2A2A2A204D5055202C
:10B400004641554C54202A2A2A2A2A0020205374C7
:10B4100061636B696E67206572726F722028636F5B
:10B420006E746578742061726561206D69676874F7
:10B43000206265206E6F742076616C69642900203B
:10B440002044617461204163636573732056696FA2
:10B450006C6174696F6E0020204D4D464152204151
:10B460006464726573733A2030782578002020492F
:10B470006E737472756374696F6E20416363657374
:10B48000732056696F6C6174696F6E0052657365E5
:10B490007276656420457863657074696F6E2028E4
:10B4A0000053707572696F757320696E746572727E
:10B4B00075707420284952512000535053454C2038
:10B4C000696E20746872656164206D6F64652064C4
:10B4D0006F6573206E6F7420696E64696361746553
:10B4E00020505350002A2A2A2A2A20484152442018
:10B4F0004641554C54202A2A2A2A2A0020204275E7
:10B5000073206661756C74206F6E20766563746F4E
:10B5100072207461626C6520726561640020204451
:10B5200065627567206576656E74002020466175DA
:10B530006C7420657363616C6174696F6E2028732D
:10B5400065652062656C6F772900415243485F450D
:10B550005843455054207769746820726561736F51
:10B560006E2025780A002A2A2A2A2A204465627534
:10B5700067206D6F6E69746F722065786365707493
:10B58000696F6E202A2A2A2A2A002A2A2A2A2A2091
:10B59000257320256429202A2A2A2A2A006D7075FD
:10B5A000004661696C656420746F20616C6C6F6328
:10B5B000617465206E6577204D505520726567690E
:10B5C0006F6E2025750A00506172746974696F6E20
:10B5D0002025753A2073616E69747920636865630C
:10B5E0006B206661696C65642E006B5F6D736771BB
:10B5F0005F676574206572726F723A20256400453A
:10B6000076656E742064726F707065642C2071753D
:10B610006575652066756C6C2C206E6F7420626C8D
:10B620006F636B696E6720696E2073797377712E13
:10B6300000696E707574000A0605050401030102B5
:10B640000101010001696E746572727570742D6379
:10B650006F6E74726F6C6C6572403538303030309C
:10B66000303000726363403538303234343030006B
:10B670006770696F4035383032323830300067706B
:10B68000696F403538303232343030006770696F5E
:10B69000403538303232303030006770696F4035B5
:10B6A00038303231433030006770696F40353830A0
:10B6B0003231383030006770696F403538303231A0
:10B6C000343030006770696F403538303231303097
:10B6D00030006770696F40353830323043303000A9
:10B6E0006770696F403538303230383030006770FD
:10B6F000696F403538303230343030006770696FF0
:10B7000040353830323030303000257320697320B6
:10B710006E6F742072656164790050696E202564D3
:10B7200020636F6E66696775726174696F6E2066FB
:10B7300061696C65643A20256400436F756C642010
:10B740006E6F7420736574206770696F2063616C1D
:10B750006C6261636B0050696E20256420696E74B1
:10B7600065727275707420636F6E66696775726159
:10B7700074696F6E206661696C65643A20256400A7
:10B780006B65795F696E64657820256420676574F0
:10B79000206661696C65643A202564006275747482
:10B7A0006F6E73006770696F5F6B657973007265A8
:10B7B0007365742D636F6E74726F6C6C6572004686
:10B7C00061696C65642063616C6C20636C6F636B92
:10B7D0005F636F6E74726F6C5F6765745F726174C4
:10B7E000652870636C6B656E5B305D2900556E611A
:10B7F000626C6520746F2073657420257320746FEC
:10B8000020256400636C6F636B20636F6E74726FCE
:10B810006C20646576696365206E6F742072656163
:10B82000647900436F756C64206E6F7420656E617F
:10B83000626C6520284C50295541525420636C6F2E
:10B84000636B00726573657420636F6E74726F6CE6
:10B850006C6572206E6F7420726561647900257367
:10B8600020646F6573206E6F7420737570706F72D3
:10B87000742064726976657220656E61626C650021
:10B8800073657269616C4035383030306330300038
:10B8900073657269616C4034303030343830300058
:10B8A000756172745F73746D333200436F756C64CD
:10B8B000206E6F7420656E61626C65205350492064
:10B8C000636C6F636B00436F756C64206E6F7420E4
:10B8D00073656C6563742053504920646F6D6169B2
:10B8E0006E20636C6F636B005350492070696E6308
:10B8F00074726C207365747570206661696C656420
:10B900002028256429004353204750494F20706F59
:10B9100072742025732070696E202564206973205D
:10B920006E6F74207265616479004661696C65644C
:10B930002063616C6C20636C6F636B5F636F6E740C
:10B94000726F6C5F6765745F726174652870636C99
:10B950006B5B315D29004661696C65642063616CD5
:10B960006C20636C6F636B5F636F6E74726F6C5F80
:10B970006765745F726174652870636C6B5B305DC2
:10B980002900556E737570706F72746564206672ED
:10B99000657175656E6379202575487A2C206D6117
:10B9A00078202575487A2C206D696E202575487A97
:10B9B0000025733A206572723D2564007370695FDB
:10B9C00073746D33325F6765745F65727200737094
:10B9D00069403430303133303030007370695F6C1F
:10B9E0006C5F73746D33320048616C74696E6720EC
:10B9F00073797374656D00556E6B6E6F776E20652D
:10BA000072726F7200756E6B6E6F776E003E3E3EA7
:10BA1000205A455048595220464154414C204552E5
:10BA2000524F522025643A202573206F6E204350D8
:10BA300055202564004661756C7420647572696ECA
:10BA40006720696E746572727570742068616E64C7
:10BA50006C696E670A0043757272656E7420746853
:10BA6000726561643A2025702028257329004350AF
:10BA70005520657863657074696F6E00556E6861F6
:10BA80006E646C656420696E7465727275707400A2
:10BA9000537461636B206F766572666C6F77004BD1
:10BAA00065726E656C206F6F7073004B65726E65AA
:10BAB0006C2070616E696300737973776F726B715C
:10BAC000002A2A2A20426F6F74696E67205A6570B7
:10BAD000687972204F53206275696C642076342E29
:10BAE000322E31202A2A2A0A00286E756C6C290011
:08BAF0002A666C6F61742A00E4
:10BAF8000F00000024A30008050000000F0000004C
:10BB08001CA30008060000000F00000014A3000892
:10BB1800070000000F0000000CA300080900000047
:10BB28000F00000004A300080D000000B9820008FF
:10BB3800D9820008A8A30008000000000000000047
:10BB480095850008000000000000000000000000CB
:10BB58006400002400C2010000010300000000008E
:10BB68007400002400C2010000010300000000006E
:10BB7800000000002CA60008010000008C00002432
:10BB88008C00002400000000010000009C0000243C
:10BB98009C000024000000000100000000000000DC
:10BBA800000000000000000000000000000000008D
:10BBB800000000000000000000000000000000007D
:10BBC800000000000090D003C8000000DC00002442
:10BBD800DC000024FF00FF00FF00FF00FF00FF0063
:10BBE800FF00FF00FF00FF00FF00FF00FF00FF0055
:10BBF800FF00FF00FF00000906000009050000091A
:10BC08000400000903000000000000090600000904
:0DBC18000500000904000009030000000001
:10BC2500000000000000000000000000000000000F
:10BC350000000000000000000000000000000000FF
:0BBC45000000000000000000000000F4
:04BC500000000000F0
:10BC54005C0100245C0100240C00000010000000C2
:10BC6400B82F002478300024B82F0024B82F0024E3
:10BC7400000000000000000084010024840100246E
:10BC840027000000040000009C2E0024382F00240C
:10BC94009C2E00249C2E00240000000000000000C4
:10BCA400AC010024AC0100240800000010000000D6
:10BCB400382F0024B82F0024382F0024382F0024D4
:10BCC4000000000000000000D4010024D40100247E
:10BCD4002700000004000000002E00249C2E0024F5
:10BCE400002E0024002E00240000000000000000AC
:04BCF40015E015E062
:04000005080040753A
:00000001FF
